Time,EcoregionName,EcoregionIndex,NumSites,NEEC,SOMTC,AGB,AG_NPPC,BG_NPPC,Litterfall,AgeMortality,MineralN,TotalN,GrossMineralization,C_Leaf,C_FRoot,C_Wood,C_CRoot,C_DeadWood,C_DeadCRoot,C_DeadLeaf_Struc,C_DeadLeaf_Meta,C_DeadFRoot_Struc,C_DeadFRoot_Meta,C_SOM1surf,C_SOM1soil,C_SOM2,C_SOM3,N_Leaf,N_FRoot,N_Wood,N_CRoot,N_DeadWood,N_DeadCRoot,N_DeadLeaf_Struc,N_DeadLeaf_Meta,N_DeadFRoot_Struc,N_DeadFRoot_Meta,N_SOM1surf,N_SOM1soil,N_SOM2,N_SOM3,SurfStrucNetMin,SurfMetaNetMin,SoilStrucNetMin,SoilMetaNetMin,SOM1surfNetMin,SOM1soilNetMin,SOM2NetMin,SOM3NetMin,TotalNdep,StreamC,StreamN,FireCEfflux,FireNEfflux,Nuptake,Nresorbed,TotalSoilN,Nvol,FrassC,
0, eco1, 0, 32, 0, 7062.9, 14894.8, 91.8, 26.3, 33.6, 53.3, 9.89, 453.2, 3.8, 175.3, 61.3, 6832, 1708, 920, 315, 25.3, 11.5, 13.2, 1.6, 148.2, 217, 4101.3, 2596.3, 5.1, 1, 22.5, 21.2, 3.1, 3.9, 0.1, 0.4, 0.1, 0.1, 3.9, 22.4, 110.2, 249.3, 0.1, -1.1, 0.1, 0, 5.2, 9.9, -8, 0, 62.16, 0.35, 0.08, 0, 0, 1.4, 0.6, 396.4, 0, 0, 
0, eco2, 1, 1239, 0, 13953.9, 11980.3, 2.7, 0.8, 1, 1.6, 15.26, 502.5, 0.1, 61.9, 21.7, 5574, 1393.5, 686, 233.3, 22.8, 5.4, 7.9, 0.9, 324.8, 408.3, 8347.4, 4873.4, 2.2, 0.4, 16.3, 16.4, 2, 2.8, 0.1, 0.2, 0, 0, 8.6, 39.5, 154.1, 244.5, 0.1, -0.5, 0.1, -0.2, 3.6, 6.6, -5.5, 0, 2.84, 0.02, 0, 0, 0, 0, 0, 462.4, 0, 0, 
0, eco3, 2, 689, 0, 6175.8, 21827.7, 6.4, 1.8, 2.3, 3.8, 7.29, 436.3, 0.3, 163.2, 57.1, 10101.4, 2525.4, 1256.4, 437.6, 39.1, 12, 17.7, 1.9, 127.3, 188.7, 3542.4, 2317.4, 4.8, 1, 29, 29.5, 3.6, 5.1, 0.2, 0.5, 0.1, 0.1, 3.1, 20.4, 95.5, 236.1, 0.2, -1, 0.1, 0.1, 6.4, 15.1, -12.5, 0, 3.38, 0.02, 0, 0, 0, 0.1, 0, 363.3, 0, 0, 
0, eco4, 3, 23, 0, 20489, 15530.5, 47.8, 13.7, 17.3, 29.3, 4.23, 831.5, 1.7, 103.5, 36.2, 7200.2, 1800, 908.3, 313.5, 28.7, 8, 11.4, 1.3, 445.9, 645.7, 12186.5, 7211, 3.2, 0.6, 20.6, 21.2, 2.6, 3.7, 0.2, 0.3, 0.1, 0.1, 11.1, 61.2, 261, 441.3, 0.1, -0.6, 0.1, 0.1, 4.6, 8, -7.3, 0, 43.61, 0.17, 0.02, 0, 0, 0.6, 0.3, 779.5, 0, 0, 
0, eco6, 4, 3, 0, 14091.9, 27030, 320.3, 91.9, 118, 188.3, 7.74, 630.5, 13.3, 196.3, 68.7, 12516.8, 3129.2, 1579.7, 495.7, 49.1, 16.4, 17.5, 1.8, 239.4, 434.8, 8697.5, 4720.2, 5.7, 1.1, 36.9, 35.7, 4.7, 5.6, 0.3, 0.6, 0.1, 0.1, 6.2, 44.9, 216, 264.7, 0.3, -1.4, 0.2, 0.2, 8.2, 17.7, -15.2, 0, 175.69, 1.48, 0.18, 0, 0, 4.3, 2.1, 540.7, 0, 0, 
0, eco7, 5, 44, 0, 11194.9, 16694.1, 41.2, 11.9, 15.7, 23.3, 4.97, 494.2, 1.6, 219.7, 76.9, 7634, 1908.5, 1017.9, 320.7, 28.8, 13.6, 12.5, 1.4, 240.7, 339.7, 6707.1, 3907.4, 6.2, 1.2, 23, 21.8, 3.1, 3.6, 0.2, 0.5, 0.1, 0.1, 6.5, 33.6, 126.8, 262.6, 0.2, -1.3, 0.1, 0.1, 5.5, 11.3, -9.7, 0, 29.37, 0.29, 0.03, 0, 0, 0.6, 0.3, 435.2, 0, 0, 
0, eco8, 6, 6, 0, 8872.6, 15268, 95.1, 27.4, 36.6, 53.9, 10.3, 341.7, 3.8, 210, 73.5, 6974.5, 1743.6, 930.8, 294, 26.3, 12.8, 11.6, 1.3, 171.3, 281.5, 5278.1, 3141.6, 5.9, 1.2, 20.9, 19.7, 2.8, 3.3, 0.1, 0.4, 0.1, 0.1, 4.7, 28.4, 96.6, 147.3, 0.2, -1.3, 0.1, -0.3, 5.1, 10.9, -8.9, 0, 87.84, 0.82, 0.13, 0, 0, 1.3, 0.6, 287.9, 0, 0, 
0, eco10, 7, 1861, 0, 13193.5, 15086, 6.4, 1.8, 2.3, 3.8, 4.9, 578.6, 0.2, 184.9, 64.7, 6912.7, 1728.2, 923.9, 325.5, 25.4, 10.9, 13.7, 1.7, 255.7, 411.8, 7540.8, 4985.3, 5.3, 1.1, 23.2, 21.2, 3.2, 4.1, 0.1, 0.4, 0.1, 0.1, 6.7, 40.1, 152.8, 315.3, 0.2, -1.1, 0.1, 0.1, 4.9, 9.1, -7.9, 0, 4.81, 0.03, 0, 0, 0, 0.1, 0, 520.4, 0, 0, 
0, eco11, 8, 554, 0, 14396.3, 11894.7, 13.7, 3.9, 5.1, 7.9, 5.71, 567.1, 0.5, 152.3, 53.3, 5444.5, 1361.1, 758.8, 264.7, 20.1, 8.9, 11.3, 1.4, 331.4, 431.5, 7932, 5701.5, 4.5, 0.9, 16.8, 17.3, 2.3, 3.5, 0.1, 0.3, 0.1, 0.1, 8.5, 39.5, 146, 321.4, 0.1, -0.9, 0.1, -0.1, 4.1, 6, -5, 0, 11.88, 0.07, 0.01, 0, 0, 0.2, 0.1, 521.7, 0, 0, 
0, eco12, 9, 71, 0, 12900.6, 20487.8, 32.3, 9.3, 12.2, 18.1, 4.59, 689.9, 1.3, 278.3, 97.4, 9358.2, 2339.6, 1275.3, 438.8, 39, 14.9, 18.8, 2.6, 230.6, 380.4, 7777.2, 4512.3, 7.2, 1.5, 27.3, 26.6, 3.7, 4.9, 0.2, 0.5, 0.1, 0.1, 5.9, 39, 190.4, 377.8, 0.2, -1.2, 0.1, 0.1, 6.4, 13.5, -12, 0, 15.57, 0.09, 0.01, 0, 0, 0.4, 0.2, 618.6, 0, 0, 
0, eco14, 10, 1, 0, 13690.7, 16061, 600.7, 173.2, 229.7, 339.5, 4.47, 501.8, 22.2, 210.9, 73.8, 7347.2, 1836.8, 974.2, 370.5, 27.9, 13.1, 16.6, 1.9, 264.7, 442, 7961.8, 5022.2, 6, 1.2, 21.9, 20.7, 2.9, 4.1, 0.1, 0.4, 0.1, 0.1, 7.2, 42.4, 114.2, 275.9, 0.2, -1.2, 0.1, 0.1, 5.3, 10.7, -9.1, 0, 527.06, 4.94, 0.58, 0, 0, 8.3, 3.7, 445, 0, 0, 
0, eco16, 11, 3333, 0, 8660.6, 21243.4, 6.5, 1.9, 2.3, 3.8, 8.97, 468.4, 0.3, 144.5, 50.6, 9847.1, 2461.8, 1223.5, 482.4, 40, 11.3, 21.1, 2.5, 187.5, 229.6, 5030.4, 3213, 4.4, 0.9, 29.2, 29.2, 3.7, 5.8, 0.2, 0.5, 0.1, 0.1, 4.8, 24.1, 114.1, 242.3, 0.2, -1.1, 0.1, 0.1, 6.4, 14.6, -12.2, 0, 3.63, 0.02, 0, 0, 0, 0.1, 0, 395.3, 0, 0, 
0, eco17, 12, 7434, 0, 9945.1, 34528.8, 9, 2.6, 3.2, 5.7, 12.11, 791.8, 0.4, 107.6, 37.7, 16127.7, 4031.9, 1938.9, 778.4, 61.7, 12.8, 32, 3.3, 135.4, 461.1, 5062.1, 4286.5, 3.8, 0.7, 47.5, 47.7, 5.8, 9.3, 0.3, 0.6, 0.2, 0.2, 3.1, 50.6, 172.6, 437.4, 0.3, -1.2, 0.2, 0.2, 9.5, 21.8, -18.7, 0, 3.36, 0, 0, 0, 0, 0.1, 0.1, 677, 0, 0, 
0, eco18, 13, 2972, 0, 5210.5, 21175.7, 10.7, 3.1, 4, 6.3, 6.28, 352.2, 0.5, 212.3, 74.3, 9747, 2436.7, 1271.8, 500.5, 39.3, 14, 22.8, 2.9, 92.6, 166.3, 3112.4, 1839.2, 6, 1.2, 29.2, 28.7, 3.8, 5.9, 0.2, 0.5, 0.1, 0.2, 2.3, 18.2, 84.4, 165.1, 0.2, -1.3, 0.1, 0, 6.7, 15, -12.3, 0, 6.08, 0.03, 0, 0, 0, 0.2, 0.1, 277.3, 0, 0, 
0, eco19, 14, 2108, 0, 9348.9, 26246.1, 8.4, 2.4, 3.1, 5.1, 6.74, 641.9, 0.4, 288.9, 101.1, 12054.3, 3013.6, 1595.6, 633.5, 47.4, 17.7, 27.8, 3.4, 158.5, 301.3, 5181.2, 3707.8, 8, 1.7, 36.2, 34.8, 4.8, 7.3, 0.3, 0.6, 0.1, 0.2, 4, 32.4, 143.6, 361.2, 0.3, -1.5, 0.1, 0.1, 8.1, 18.4, -15.4, 0, 3.57, 0.02, 0, 0, 0, 0.1, 0.1, 549.1, 0, 0, 
0, eco20, 15, 39, 0, 7010.9, 17966, 18.5, 5.3, 6.6, 10.2, 5.18, 357.7, 0.7, 175.2, 61.3, 8278.1, 2069.5, 1046.5, 407.7, 33.3, 11.5, 19, 2.5, 170.7, 194.7, 3909.4, 2736.1, 5.3, 1, 25.9, 25.5, 3.3, 5, 0.2, 0.4, 0.1, 0.1, 4.6, 19.8, 77.1, 184.1, 0.2, -1.2, 0.1, 0.1, 6.1, 12.2, -10.3, 0, 9.59, 0.08, 0.01, 0, 0, 0.2, 0.1, 291.6, 0, 0, 
0, eco21, 16, 98, 0, 5567.8, 25999.6, 30.2, 8.6, 11, 17.8, 7.97, 369.2, 1.3, 185.7, 65, 12041.8, 3010.5, 1526.7, 576.2, 50.9, 14.8, 22.8, 2.6, 106.9, 161.6, 3355.9, 1943.4, 5.4, 1, 34.9, 33.9, 4.5, 6.5, 0.3, 0.6, 0.1, 0.2, 2.8, 17.6, 78.3, 175.3, 0.2, -1.3, 0.2, 0.1, 8.1, 18.5, -15.5, 0, 12.84, 0.13, 0.02, 0, 0, 0.4, 0.2, 283, 0, 0, 
0, eco22, 17, 695, 0, 14307.6, 32261.1, 10.4, 3, 3.8, 6.3, 9.58, 932.7, 0.5, 104.6, 36.6, 15063.2, 3765.8, 1845.6, 701.6, 60.5, 12.9, 25.6, 2.7, 268.8, 434.3, 8129.2, 5475.3, 3.4, 0.6, 44.6, 43.2, 5.5, 8.1, 0.3, 0.6, 0.1, 0.2, 6.6, 46, 217.4, 546.4, 0.3, -1.2, 0.2, 0.1, 9, 21.2, -18.1, 0, 4.26, 0.03, 0, 0, 0, 0.1, 0.1, 827.2, 0, 0, 
0, eco23, 18, 688, 0, 6456.4, 21941.4, 9.4, 2.7, 3.5, 5.5, 6.34, 426.1, 0.4, 250.5, 87.7, 10069.3, 2517.3, 1359.8, 508.5, 41, 15.5, 21.3, 2.7, 133.3, 190.1, 3903.1, 2229.9, 6.7, 1.4, 30.3, 28.6, 4.2, 5.8, 0.2, 0.6, 0.1, 0.2, 3.4, 20.4, 97.6, 220.3, 0.2, -1.3, 0.1, 0, 7, 15.8, -13.1, 0, 5.12, 0.03, 0, 0, 0, 0.1, 0.1, 349.2, 0, 0, 
0, eco24, 19, 567, 0, 7503.8, 28378.8, 12.5, 3.6, 4.6, 7.6, 8.02, 512.4, 0.6, 233, 81.6, 13111.8, 3277.9, 1721.1, 644, 52.5, 16.2, 24.5, 3, 164.4, 239.5, 4163.8, 2936, 6.5, 1.3, 38.7, 37.2, 5.2, 7.3, 0.3, 0.6, 0.1, 0.2, 4.1, 26.1, 118.7, 258.1, 0.3, -1.4, 0.2, 0.1, 8.4, 19.5, -16.3, 0, 5.67, 0.03, 0, 0, 0, 0.2, 0.1, 416.2, 0, 0, 
0, eco25, 20, 12, 0, 22134.8, 21843.8, 197.9, 57.1, 76, 116, 5.03, 1093.7, 7.7, 188.9, 66.1, 10083.2, 2520.8, 1314.6, 495.8, 42.2, 14.3, 19.1, 2.2, 400.9, 668, 13059.6, 8006.3, 5.3, 1, 29.4, 27.7, 3.9, 5.4, 0.2, 0.5, 0.1, 0.1, 11, 66, 309.1, 629, 0.2, -1.2, 0.1, 0.1, 6.9, 12.1, -11.4, 0, 104.85, 0.44, 0.05, 0, 0, 2.4, 1.2, 1021.1, 0, 0, 
0, eco26, 21, 860, 0, 11198.5, 16373.1, 9.7, 2.8, 3.5, 5.6, 5.96, 404.7, 0.4, 199.3, 69.7, 7504.5, 1876.1, 988.5, 343.3, 30.2, 10.9, 13.7, 1.8, 235.1, 328.8, 6608.3, 4026.2, 5.8, 1.2, 22.1, 22.3, 2.9, 4.1, 0.2, 0.4, 0.1, 0.1, 6.2, 31.7, 111.2, 190.5, 0.2, -1.1, 0.1, 0, 5.3, 10.3, -8.8, 0, 6.82, 0.06, 0.01, 0, 0, 0.1, 0.1, 346.4, 0, 0, 
0, eco27, 22, 878, 0, 13645.9, 15820.7, 11.5, 3.3, 4.3, 6.7, 7.52, 543.4, 0.4, 212.2, 74.3, 7230.9, 1807.7, 981.1, 343.1, 28.2, 12.4, 13.8, 1.7, 266.6, 405.4, 8139.5, 4834.4, 6, 1.2, 22.5, 21, 3.1, 4, 0.2, 0.4, 0.1, 0.1, 7.2, 39.2, 172.8, 258.2, 0.2, -1.1, 0.1, 0.1, 5.3, 9.2, -8.2, 0, 8.31, 0.04, 0.01, 0, 0, 0.1, 0.1, 485.7, 0, 0, 
0, eco28, 23, 746, 0, 10564.6, 14312.2, 13.1, 3.8, 4.9, 7.7, 8.54, 533.3, 0.5, 159, 55.7, 6572.7, 1643.2, 876.4, 310.4, 26.3, 10.2, 13.2, 1.6, 238.5, 355.2, 6252.7, 3718.2, 4.5, 0.9, 19.8, 19.7, 2.7, 3.7, 0.1, 0.4, 0.1, 0.1, 6.2, 35.8, 144.4, 286.5, 0.1, -0.9, 0.1, 0.1, 4.6, 9.4, -8, 0, 9.46, 0.05, 0.01, 0, 0, 0.2, 0.1, 482, 0, 0, 
0, eco29, 24, 2644, 0, 11955.7, 19243.8, 7.7, 2.2, 2.8, 4.7, 3.91, 656.9, 0.3, 399.5, 139.8, 8651.2, 2162.8, 1292.1, 460.2, 33, 20.4, 20.4, 2.7, 250.8, 399.2, 6761.1, 4544.6, 10.4, 2.2, 26.8, 24.2, 4.1, 5.1, 0.2, 0.6, 0.1, 0.2, 6.6, 42, 202.4, 328.2, 0.2, -1.7, 0.1, 0.1, 6.5, 13.8, -11.6, 0, 3.8, 0.01, 0, 0, 0, 0.1, 0, 584.2, 0, 0, 
0, eco30, 25, 39, 0, 8023.1, 19694.1, 96.5, 27.8, 36.6, 54.9, 5.48, 449.5, 4, 242.5, 84.9, 9020.3, 2255.1, 1192.8, 419.5, 36.4, 14.7, 17.6, 2.1, 185, 230.6, 4490.9, 3116.5, 6.8, 1.4, 27.5, 26.2, 3.7, 4.8, 0.2, 0.5, 0.1, 0.1, 4.9, 24.1, 113.1, 230.7, 0.2, -1.3, 0.1, 0.1, 6.5, 13.4, -11.3, 0, 52.31, 0.35, 0.05, 0, 0, 1.3, 0.6, 379.2, 0, 0, 
1, eco1, 0, 32, -157, 7086.9, 15199.2, 638.5, 183, 203.6, 292.4, 9.34, 455, 23.7, 205.4, 71.9, 6944.5, 1736.1, 884.9, 306.2, 22.9, 9.1, 11.9, 1.1, 145.1, 217.5, 4126.7, 2597.6, 6.1, 1.2, 22.8, 21.5, 3, 3.8, 0.1, 0.3, 0.1, 0.1, 3.8, 22.5, 110.7, 249.5, 0.1, -1, 0.1, 0.1, 5.2, 10, -8.1, 0, 1.7, 2.25, 0.34, 0, 0, 9.3, 3.5, 396.5, 0.01, 0, 
1, eco2, 1, 1239, -137, 14000.6, 12195.3, 468.5, 133.4, 148.3, 218.6, 14.29, 503.6, 15.3, 76.6, 26.8, 5660.9, 1415.2, 656.2, 225.7, 22, 3.6, 7.4, 0.6, 324.9, 410.3, 8392.5, 4872.9, 2.8, 0.5, 16.5, 16.7, 1.9, 2.7, 0.1, 0.2, 0, 0, 8.7, 39.7, 154.8, 244.5, 0.1, -0.5, 0.1, -0.2, 3.7, 6.7, -5.6, 0, 1.7, 2.65, 0.62, 0, 0, 7.2, 2.7, 462.4, 0.02, 0, 
1, eco3, 2, 689, -100.5, 6169.3, 22146, 779.6, 223.3, 241.1, 389.6, 6.7, 438.5, 32.6, 206.4, 72.2, 10207.1, 2551.8, 1199.2, 422.9, 32.6, 8.1, 14.7, 1.2, 121, 187.1, 3540.8, 2320.3, 6.5, 1.3, 29.3, 29.8, 3.5, 4.9, 0.2, 0.3, 0.1, 0.1, 2.8, 20.3, 96.1, 236.7, 0.2, -1.1, 0.1, 0, 6.2, 14.7, -12.5, 0, 1.7, 2.69, 0.33, 0, 0, 11, 4.4, 363.3, 0.01, 0, 
1, eco4, 3, 23, -132, 20546.1, 15748.7, 568.1, 162.2, 176.2, 288.3, 3.99, 833.9, 19.2, 129, 45.2, 7278.3, 1819.6, 868.2, 303.2, 25, 5.3, 9.6, 0.8, 440.8, 647.2, 12247.4, 7210.7, 4.2, 0.8, 20.8, 21.5, 2.5, 3.6, 0.1, 0.2, 0.1, 0, 11, 61.5, 262.3, 441.4, 0.1, -0.7, 0.1, 0.1, 4.5, 8, -7.4, 0, 1.7, 2.1, 0.24, 0, 0, 7.5, 3.1, 780.5, 0, 0, 
1, eco6, 4, 3, -200.2, 14109.6, 27500.7, 1019.5, 292.5, 323.6, 476.1, 7.21, 633.9, 39.4, 248.7, 87.1, 12684.1, 3171, 1509.9, 478, 43.1, 11.7, 14.8, 1, 232.1, 434.1, 8721.8, 4721.6, 7.7, 1.5, 37.4, 36.2, 4.5, 5.5, 0.2, 0.4, 0.1, 0.1, 5.9, 44.9, 217.1, 265.1, 0.2, -1.5, 0.1, 0.2, 8.1, 17.7, -15.2, 0, 1.7, 4.46, 0.53, 0, 0, 13.1, 5.7, 541.1, 0.01, 0, 
1, eco7, 5, 44, -181.3, 11223.9, 17036.7, 699.3, 201.5, 234.5, 303.6, 4.53, 496.2, 24.5, 251.9, 88.2, 7763.1, 1940.8, 976.8, 310.3, 27.3, 11, 11.4, 1, 238.1, 340.7, 6737.9, 3907.2, 7.2, 1.4, 23.5, 22.2, 3, 3.5, 0.1, 0.4, 0.1, 0.1, 6.5, 33.7, 127.4, 262.6, 0.2, -1.2, 0.1, 0.2, 5.6, 11.5, -9.7, 0, 1.7, 4.52, 0.52, 0, 0, 9.5, 3.9, 435.3, 0, 0, 
1, eco8, 6, 6, -160.3, 8891.5, 15587.2, 637.9, 184, 214.9, 274.8, 9.04, 342.6, 22.7, 240.7, 84.3, 7092, 1773, 893.4, 284.5, 25, 10.5, 10.6, 0.9, 169, 282.2, 5299, 3141.4, 6.9, 1.4, 21.3, 20, 2.7, 3.2, 0.1, 0.3, 0.1, 0.1, 4.7, 28.5, 97, 147.3, 0.2, -1.2, 0.1, -0.3, 5.2, 10.9, -8.9, 0, 1.7, 4.88, 0.77, 0, 0, 9.4, 3.5, 287.2, 0.01, 0, 
1, eco10, 7, 1861, -172, 13240.6, 15379, 626.6, 179.9, 203.5, 285.5, 4.3, 580.6, 21.1, 213.9, 74.9, 7021.3, 1755.3, 886.6, 316, 23.3, 8.6, 12.7, 1.2, 252.7, 413.4, 7589.2, 4985.3, 6.3, 1.3, 23.6, 21.6, 3.1, 3.9, 0.1, 0.3, 0.1, 0.1, 6.6, 40.3, 153.7, 315.4, 0.2, -1.1, 0.1, 0.1, 5, 9.3, -7.9, 0, 1.7, 2.8, 0.35, 0, 0, 8.7, 3.6, 520.9, 0, 0, 
1, eco11, 8, 554, -173.8, 14467.5, 12136.1, 521.9, 149.4, 168.2, 240, 5.05, 568.8, 15.2, 173.4, 60.7, 5537.1, 1384.3, 727.4, 256.8, 18.5, 7.1, 10.5, 1, 328.9, 434.1, 8003.8, 5700.7, 5.2, 1.1, 17.2, 17.6, 2.2, 3.4, 0.1, 0.2, 0.1, 0.1, 8.4, 39.7, 147.1, 321.4, 0.1, -0.9, 0.1, 0, 4.1, 6.1, -5, 0, 1.7, 2.23, 0.33, 0, 0, 7.4, 3.1, 522.1, 0.01, 0, 
1, eco12, 9, 71, -129.6, 12922.9, 20796.7, 767.8, 221.7, 251, 371.7, 3.59, 692.2, 29.9, 324.4, 113.5, 9457.3, 2364.3, 1222.9, 425.6, 31.6, 11.1, 15.4, 1.8, 220.9, 379.1, 7808.8, 4514.2, 8.8, 1.8, 27.6, 26.9, 3.6, 4.8, 0.2, 0.4, 0.1, 0.1, 5.4, 39, 191.8, 378.2, 0.2, -1.2, 0.1, 0.1, 6.2, 13.4, -12.1, 0, 1.7, 2.27, 0.27, 0, 0, 10.4, 4, 618.7, 0, 0, 
1, eco14, 10, 1, -184.8, 13727.9, 16395, 669.6, 193, 226.1, 288.4, 4.13, 503.8, 22.4, 241.1, 84.4, 7472.1, 1868, 934.8, 360.6, 26.6, 10.7, 15.7, 1.5, 262.6, 443.6, 7999.8, 5021.8, 7, 1.4, 22.3, 21.1, 2.8, 4, 0.1, 0.3, 0.1, 0.1, 7.2, 42.5, 114.7, 276, 0.2, -1.2, 0.1, 0.1, 5.3, 10.8, -9.2, 0, 1.7, 4.96, 0.57, 0, 0, 8.9, 3.7, 445.2, 0, 0, 
1, eco16, 11, 3333, -157.4, 8676.2, 21606.9, 804, 229.9, 252.4, 380.7, 8.56, 470.8, 31.2, 181, 63.4, 9981.5, 2495.4, 1170.1, 468.9, 35.3, 7.7, 18.8, 1.8, 182.4, 229.3, 5049.5, 3215, 5.9, 1.1, 29.6, 29.6, 3.5, 5.6, 0.2, 0.3, 0.1, 0.1, 4.6, 24.1, 114.8, 242.7, 0.2, -1.1, 0.1, 0.1, 6.4, 14.6, -12.3, 0, 1.7, 2.79, 0.39, 0, 0, 11, 4.6, 395.5, 0.01, 0, 
1, eco17, 12, 7434, 26.3, 9909.1, 34794.5, 1018, 290.4, 293.6, 599.3, 9.48, 795, 50.6, 173.5, 60.7, 16187, 4046.7, 1842.1, 753, 45.7, 7, 24, 1.9, 123.8, 454.9, 5031.8, 4298.5, 6.6, 1.2, 47.7, 47.9, 5.5, 9, 0.2, 0.3, 0.1, 0.1, 2.4, 50.2, 174.7, 439.4, 0.2, -1.1, 0.1, 0.1, 8.1, 19.2, -18.2, 0, 1.7, 0, 0, 0, 0, 14.4, 5.7, 677.1, 0.01, 0, 
1, eco18, 13, 2972, -142, 5212.3, 21539.7, 818.4, 234.9, 260, 387.7, 5.53, 354.4, 33.2, 255.8, 89.5, 9874.1, 2468.5, 1218.7, 487.2, 33.5, 10.3, 19.8, 2.1, 87.9, 165.3, 3116.6, 1842.5, 7.6, 1.5, 29.7, 29.1, 3.7, 5.7, 0.2, 0.4, 0.1, 0.1, 2.1, 18.2, 84.9, 165.7, 0.2, -1.3, 0.1, 0, 6.5, 14.8, -12.3, 0, 1.7, 2.08, 0.27, 0, 0, 11.5, 4.5, 277.2, 0, 0, 
1, eco19, 14, 2108, -98.1, 9338, 26601.2, 934.8, 269.1, 296, 472, 5.25, 644.4, 39.9, 346.9, 121.4, 12163, 3040.8, 1525.5, 615.4, 38.6, 13, 23.2, 2.5, 149.3, 298.7, 5176.9, 3713.1, 10.1, 2, 36.6, 35.1, 4.6, 7.1, 0.2, 0.4, 0.1, 0.1, 3.5, 32.3, 144.7, 362.2, 0.2, -1.5, 0.1, 0, 7.5, 17.5, -15.4, 0, 1.7, 2.05, 0.26, 0, 0, 13, 5, 548.9, 0, 0, 
1, eco20, 15, 39, -212.6, 7044.2, 18358.3, 767.9, 219.4, 244, 340.2, 4.74, 360.1, 26.8, 205.8, 72, 8431.4, 2107.8, 1007.2, 398.5, 30, 8.5, 17.3, 1.9, 167.4, 195.5, 3944.2, 2737.2, 6.4, 1.2, 26.4, 26, 3.1, 4.9, 0.2, 0.3, 0.1, 0.1, 4.5, 20, 77.9, 184.3, 0.2, -1.1, 0.1, 0.1, 6.1, 12.3, -10.4, 0, 1.7, 3.51, 0.43, 0, 0, 10.3, 4.3, 292, 0, 0, 
1, eco21, 16, 98, -161.3, 5565.9, 26434, 964.1, 276.3, 303.7, 457.9, 7.13, 371.7, 38.7, 235, 82.2, 12195.1, 3048.8, 1460.5, 559.5, 43.7, 10.2, 19.5, 1.8, 101.4, 160.3, 3357.4, 1946.8, 7.3, 1.3, 35.3, 34.3, 4.3, 6.3, 0.2, 0.4, 0.1, 0.1, 2.5, 17.5, 78.9, 175.9, 0.2, -1.4, 0.1, 0, 7.8, 18.2, -15.5, 0, 1.7, 3.73, 0.45, 0, 0, 13.2, 5, 282.8, 0.01, 0, 
1, eco22, 17, 695, -114.9, 14296.5, 32682.5, 1079, 308.1, 322.5, 557.6, 8.43, 935.9, 45.9, 166.1, 58.2, 15200.6, 3800.2, 1757, 678.5, 50.8, 7.9, 21.4, 1.8, 257, 431.4, 8127.4, 5480.8, 6, 1, 45, 43.6, 5.3, 7.8, 0.3, 0.4, 0.1, 0.1, 6.1, 45.9, 218.4, 547.4, 0.2, -1.2, 0.1, 0.1, 8.6, 20.6, -18, 0, 1.7, 2.74, 0.35, 0, 0, 14.7, 5.9, 827.1, 0.01, 0, 
1, eco23, 18, 688, -141.5, 6457.2, 22312.4, 842.3, 242.6, 271.5, 397.1, 5.53, 428.2, 33.8, 299.2, 104.7, 10194.1, 2548.5, 1303.7, 494.2, 35, 11.6, 18.4, 2, 127.3, 188.9, 3908.2, 2232.9, 8.4, 1.7, 30.6, 29, 4, 5.6, 0.2, 0.4, 0.1, 0.1, 3.2, 20.3, 98.2, 220.9, 0.2, -1.3, 0.1, 0, 6.7, 15.5, -13.1, 0, 1.7, 2.64, 0.34, 0, 0, 11.6, 4.4, 348.9, 0, 0, 
1, eco24, 19, 567, -101.5, 7488.8, 28758.3, 993.1, 285.1, 310.2, 504.2, 6.68, 515, 42.7, 291.7, 102.1, 13231.9, 3308, 1644.5, 624.2, 43.5, 11.4, 20.5, 2.1, 155.6, 237, 4154.6, 2941.5, 8.7, 1.7, 39.1, 37.5, 4.9, 7.1, 0.2, 0.4, 0.1, 0.1, 3.7, 26.1, 119.7, 259, 0.2, -1.4, 0.1, -0.1, 7.9, 18.6, -16.2, 0, 1.7, 2.37, 0.3, 0, 0, 13.6, 5.2, 416, 0.01, 0, 
1, eco25, 20, 12, -162.7, 22189.4, 22166.5, 781.2, 224.7, 247.2, 382.3, 4.01, 1096.8, 28.7, 235.6, 82.5, 10188.2, 2547.1, 1257.2, 481.1, 34.6, 10.1, 15.7, 1.5, 390, 668.1, 13123.5, 8007.7, 7, 1.3, 29.7, 28, 3.7, 5.3, 0.2, 0.4, 0.1, 0.1, 10.4, 66.2, 311.2, 629.4, 0.2, -1.2, 0.1, 0.1, 6.7, 11.9, -11.5, 0, 1.7, 1.68, 0.21, 0, 0, 10.1, 3.8, 1021.9, 0, 0, 
1, eco26, 21, 860, -188.4, 11246.8, 16694.7, 679.5, 194.7, 220, 308.8, 5.42, 406.8, 22.6, 227.6, 79.7, 7626.8, 1906.7, 949.4, 333.5, 28.2, 8.4, 12.7, 1.3, 232.7, 330.4, 6657.5, 4026.2, 6.7, 1.3, 22.4, 22.7, 2.8, 4, 0.2, 0.3, 0.1, 0.1, 6.2, 31.9, 112.1, 190.6, 0.2, -1, 0.1, 0, 5.4, 10.4, -8.9, 0, 1.7, 3.86, 0.51, 0, 0, 9.1, 3.7, 346.8, 0, 0, 
1, eco27, 22, 878, -174, 13696.8, 16116.5, 645.5, 185.8, 210.6, 296.2, 6.89, 545.7, 21.9, 245.5, 85.9, 7336.3, 1834.1, 942.3, 333.3, 25.2, 9.7, 12.3, 1.2, 262.3, 406.7, 8193.2, 4834.6, 7.1, 1.4, 22.8, 21.3, 3, 3.9, 0.1, 0.3, 0.1, 0.1, 7, 39.4, 173.9, 258.4, 0.2, -1.1, 0.1, 0.1, 5.3, 9.4, -8.3, 0, 1.7, 2.53, 0.39, 0, 0, 8.6, 3.4, 486.2, 0.01, 0, 
1, eco28, 23, 746, -128.4, 10590.2, 14567.2, 572, 164.4, 184.5, 267.5, 8.17, 535.2, 21.1, 188.4, 65.9, 6663.3, 1665.8, 840.4, 301.2, 23.5, 7.9, 11.8, 1.1, 234.4, 355.8, 6281.1, 3719, 5.5, 1.1, 20.1, 20, 2.6, 3.6, 0.1, 0.3, 0.1, 0.1, 6, 35.9, 145, 286.7, 0.1, -0.9, 0.1, 0.1, 4.5, 9.5, -8.1, 0, 1.7, 2.12, 0.37, 0, 0, 8, 3.1, 482.3, 0.01, 0, 
1, eco29, 24, 2644, -92.2, 11952.1, 19529.3, 742.3, 216.1, 250.3, 357.8, 2.86, 658.8, 31.9, 454.2, 159, 8730.7, 2182.7, 1240.4, 447, 26.8, 16.7, 17.1, 2, 240.1, 396.9, 6767.2, 4547.9, 12.1, 2.6, 27.1, 24.4, 3.9, 4.9, 0.1, 0.5, 0.1, 0.1, 6.1, 41.9, 203.2, 328.9, 0.2, -1.6, 0.1, 0.1, 6.3, 13.4, -11.6, 0, 1.7, 1.21, 0.15, 0, 0, 10.5, 3.6, 583.8, 0, 0, 
1, eco30, 25, 39, -170.9, 8039.5, 20065, 791.2, 227.6, 257.4, 359.2, 4.85, 451.8, 30.3, 283.3, 99.1, 9154.1, 2288.5, 1145, 407.6, 31.9, 11.3, 15.3, 1.5, 179.5, 230.3, 4511.2, 3118.5, 8.2, 1.6, 27.9, 26.6, 3.5, 4.7, 0.2, 0.4, 0.1, 0.1, 4.7, 24.1, 113.8, 231.1, 0.2, -1.3, 0.1, 0.1, 6.4, 13.4, -11.4, 0, 1.7, 2.71, 0.35, 0, 0, 10.8, 4.2, 379.3, 0, 0, 
2, eco1, 0, 32, -161.8, 7116.6, 15481.1, 648.6, 185.9, 230, 298, 9.38, 457.1, 24.4, 216.5, 75.8, 7065.2, 1766.3, 865.1, 300.7, 24.9, 9.7, 13, 1.2, 145.6, 219.2, 4153, 2598.9, 6.4, 1.3, 23.3, 21.9, 2.9, 3.8, 0.1, 0.3, 0.1, 0.1, 4, 22.6, 111.1, 249.8, 0.2, -1.1, 0.1, 0.2, 5.3, 10.2, -8.2, 0, 1.7, 2.2, 0.33, 0, 0, 9, 4, 397.5, 0.01, 0, 
2, eco2, 1, 1239, -152, 14051.1, 12409.2, 485.2, 138.2, 168.2, 222.6, 13.57, 504.7, 15.8, 79.2, 27.7, 5758.6, 1439.6, 638.8, 220.7, 24.1, 3.9, 8.2, 0.6, 326.3, 413.2, 8439.3, 4872.3, 2.9, 0.5, 16.8, 17, 1.9, 2.6, 0.1, 0.2, 0, 0, 9, 39.9, 155.5, 244.6, 0.1, -0.5, 0.1, -0.2, 3.8, 6.8, -5.5, 0, 1.7, 2.68, 0.59, 0, 0, 7.2, 3, 463, 0.01, 0, 
2, eco3, 2, 689, -92.6, 6168.9, 22381.4, 775.6, 222.2, 275.6, 394.1, 7.19, 440.6, 33.6, 215.6, 75.5, 10308.4, 2577.1, 1163.1, 412.6, 34.6, 8.6, 15.6, 1.2, 120.1, 187.2, 3538.4, 2323.2, 6.7, 1.3, 29.6, 30.1, 3.4, 4.8, 0.2, 0.3, 0.1, 0.1, 3, 20.3, 96.3, 237.2, 0.2, -1.2, 0.1, 0.2, 6.3, 15, -12.4, 0, 1.7, 2.68, 0.33, 0, 0, 10.5, 5, 364.7, 0.01, 0, 
2, eco4, 3, 23, -135.1, 20606.2, 15936.8, 573.7, 163.8, 200.6, 292.2, 4.17, 836.3, 19.8, 134.6, 47.1, 7360.6, 1840.2, 843.6, 296.1, 26.8, 5.7, 10.4, 0.8, 438.2, 649.7, 12307.8, 7210.4, 4.3, 0.8, 21, 21.7, 2.4, 3.5, 0.1, 0.2, 0.1, 0, 11.2, 61.8, 263.3, 441.5, 0.1, -0.7, 0.1, 0.2, 4.6, 8.3, -7.4, 0, 1.7, 2.01, 0.23, 0, 0, 7.4, 3.6, 782.4, 0, 0, 
2, eco6, 4, 3, -173.6, 14132.8, 27850.7, 1002, 287.5, 361.7, 482.6, 7.54, 636.8, 40.1, 259.4, 90.8, 12838.3, 3209.6, 1466, 465.9, 45.5, 12.3, 15.6, 1, 230.2, 435, 8744.6, 4723, 8, 1.5, 37.9, 36.7, 4.4, 5.3, 0.2, 0.5, 0.1, 0.1, 6.1, 45.1, 218, 265.5, 0.3, -1.4, 0.2, 0.3, 8.2, 17.9, -15.2, 0, 1.7, 4.45, 0.53, 0, 0, 12.6, 6.4, 543, 0.01, 0, 
2, eco7, 5, 44, -166.2, 11253.8, 17321, 689.4, 198.7, 252.9, 308.7, 4.68, 498.2, 24.9, 264.3, 92.5, 7884.3, 1971.1, 952, 303.5, 28.6, 11.6, 12, 1, 237, 342.1, 6767.8, 3906.9, 7.5, 1.5, 23.9, 22.6, 2.9, 3.5, 0.2, 0.4, 0.1, 0.1, 6.6, 33.8, 127.9, 262.7, 0.2, -1.3, 0.1, 0.2, 5.7, 11.6, -9.8, 0, 1.7, 4.61, 0.53, 0, 0, 9, 4.2, 436.4, 0, 0, 
2, eco8, 6, 6, -171.2, 8916.2, 15883.5, 652.4, 188.1, 240.4, 280, 7.94, 343.7, 23.3, 253.6, 88.8, 7219.4, 1804.9, 871.1, 278.4, 27.3, 11.3, 11.6, 1, 169.8, 283.8, 5321.5, 3141.2, 7.2, 1.4, 21.7, 20.4, 2.6, 3.1, 0.1, 0.4, 0.1, 0.1, 4.9, 28.7, 97.5, 147.4, 0.2, -1.4, 0.1, -0.3, 5.4, 11, -8.9, 0, 1.7, 4.95, 0.71, 0, 0, 9.4, 4, 287.1, 0.01, 0, 
2, eco10, 7, 1861, -164, 13289.4, 15629.6, 623, 178.9, 222.8, 290.4, 4.38, 582.8, 21.5, 225.2, 78.8, 7127.9, 1782, 864.6, 309.8, 24.7, 9.1, 13.4, 1.3, 251.6, 415.7, 7636.8, 4985.2, 6.6, 1.3, 23.9, 21.9, 3, 3.9, 0.1, 0.3, 0.1, 0.1, 6.7, 40.4, 154.5, 315.5, 0.2, -1.1, 0.1, 0.2, 5, 9.5, -7.9, 0, 1.7, 2.75, 0.34, 0, 0, 8.4, 4, 522.1, 0, 0, 
2, eco11, 8, 554, -183.8, 14542.2, 12378.3, 534.2, 152.9, 188.6, 244.5, 4.92, 570.9, 15.6, 182.7, 63.9, 5641.7, 1410.4, 709.3, 251.7, 20.1, 7.6, 11.4, 1.1, 328.7, 437.6, 8075.9, 5700, 5.4, 1.1, 17.5, 18, 2.2, 3.3, 0.1, 0.3, 0.1, 0.1, 8.6, 39.8, 148, 321.4, 0.1, -0.9, 0.1, 0.1, 4.1, 6.2, -5, 0, 1.7, 2.4, 0.34, 0, 0, 7.2, 3.5, 523.3, 0, 0, 
2, eco12, 9, 71, -116, 12947.6, 21035.7, 755.5, 218.2, 277.6, 375.8, 3.8, 694.6, 30.7, 343.6, 120.2, 9550.2, 2387.6, 1189.1, 416.1, 33.1, 11.8, 16.2, 1.9, 217.6, 379.3, 7834.7, 4516, 9.2, 1.9, 27.9, 27.1, 3.5, 4.7, 0.2, 0.4, 0.1, 0.1, 5.4, 39.1, 192.5, 378.6, 0.2, -1.3, 0.1, 0.1, 6, 14.1, -12.1, 0, 1.7, 2.25, 0.27, 0, 0, 9.7, 4.5, 620.2, 0, 0, 
2, eco14, 10, 1, -180, 13767.1, 16670, 668.7, 192.7, 245.6, 293.4, 4.26, 505.8, 22.7, 251.1, 87.9, 7591.9, 1898, 911, 353.7, 28.3, 11.3, 16.7, 1.6, 262, 445.9, 8037.7, 5021.5, 7.2, 1.4, 22.7, 21.4, 2.7, 4, 0.2, 0.4, 0.1, 0.1, 7.3, 42.7, 115.3, 276.1, 0.2, -1.1, 0.1, 0.2, 5.4, 10.9, -9.2, 0, 1.7, 4.97, 0.57, 0, 0, 8.6, 4.1, 446.3, 0, 0, 
2, eco16, 11, 3333, -146.5, 8695.4, 21899.6, 798.4, 228.3, 281.8, 386.2, 8.81, 473.1, 31.8, 188.5, 66, 10110.9, 2527.7, 1137.4, 459.3, 37.3, 8.1, 19.8, 1.9, 181, 230.2, 5067.2, 3217, 6, 1.2, 30, 30, 3.4, 5.5, 0.2, 0.3, 0.1, 0.1, 4.8, 24.2, 115.3, 243.1, 0.2, -1, 0.1, 0.2, 6.5, 14.7, -12.3, 0, 1.7, 2.67, 0.38, 0, 0, 10.7, 5.1, 397, 0.01, 0, 
2, eco17, 12, 7434, 47.7, 9881.9, 34908.2, 998.1, 284.8, 349, 601.7, 10.74, 797.7, 53.8, 179.4, 62.8, 16234.5, 4058.6, 1776.9, 733.3, 48.5, 7.6, 25.3, 2.1, 122.2, 451.9, 4997.4, 4310.4, 6.8, 1.2, 47.9, 48, 5.3, 8.7, 0.3, 0.4, 0.1, 0.1, 2.6, 50, 174.1, 441.4, 0.2, -1.2, 0.1, 0.2, 8.2, 21.7, -17.9, 0, 1.7, 0, 0, 0, 0, 13.5, 6.7, 679.8, 0.01, 0, 
2, eco18, 13, 2972, -128.3, 5218.2, 21823.9, 809.6, 232.5, 290, 393.1, 5.92, 356.5, 34.2, 269.6, 94.3, 9994.4, 2498.6, 1185.8, 477.8, 35.3, 10.9, 20.8, 2.2, 87.5, 165.6, 3119.4, 1845.7, 7.9, 1.6, 30, 29.4, 3.6, 5.6, 0.2, 0.4, 0.1, 0.1, 2.2, 18.2, 84.9, 166.2, 0.2, -1.3, 0.1, 0.2, 6.6, 15.3, -12.3, 0, 1.7, 2.06, 0.27, 0, 0, 11, 5, 278.3, 0, 0, 
2, eco19, 14, 2108, -58.8, 9329.6, 26817.7, 899.1, 259, 326.1, 476.3, 5.65, 646.4, 41.1, 365.3, 127.9, 12246.8, 3061.7, 1479.4, 601.8, 39.6, 13.7, 23.7, 2.5, 146.9, 297.7, 5166.6, 3718.4, 10.5, 2.1, 36.9, 35.4, 4.5, 6.9, 0.2, 0.5, 0.1, 0.2, 3.6, 32.2, 144.6, 363.1, 0.2, -1.6, 0.1, 0.2, 7.5, 18.6, -15.3, 0, 1.7, 1.99, 0.25, 0, 0, 12.3, 5.5, 550.1, 0, 0, 
2, eco20, 15, 39, -193, 7077.4, 18673.2, 754, 215.5, 262.3, 346.5, 4.91, 362.4, 27.2, 214, 74.9, 8571.1, 2142.8, 985.1, 392.6, 31.2, 8.9, 18, 1.9, 166.2, 196.9, 3976.1, 2738.2, 6.6, 1.3, 26.8, 26.4, 3.1, 4.8, 0.2, 0.3, 0.1, 0.1, 4.5, 20.1, 78.6, 184.5, 0.2, -1.1, 0.1, 0.2, 6.1, 12.5, -10.5, 0, 1.7, 3.31, 0.41, 0, 0, 9.8, 4.6, 293.3, 0, 0, 
2, eco21, 16, 98, -125.4, 5566.9, 26736.3, 935.8, 268.3, 335.3, 463.5, 7.66, 373.9, 39.5, 245.4, 85.9, 12328.1, 3082, 1418.4, 547.5, 45.2, 10.7, 20.2, 1.9, 100.2, 160.3, 3356.3, 1950.1, 7.5, 1.4, 35.7, 34.7, 4.1, 6.2, 0.2, 0.4, 0.1, 0.1, 2.6, 17.5, 79.1, 176.5, 0.2, -1.4, 0.1, 0.2, 7.9, 18.5, -15.5, 0, 1.7, 3.83, 0.46, 0, 0, 12.3, 5.6, 284.3, 0.01, 0, 
2, eco22, 17, 695, -61.5, 14292.3, 32923.8, 1038, 296.5, 367.3, 562.5, 9.11, 938.2, 47.2, 170.6, 59.7, 15309.5, 3827.4, 1698.9, 661.3, 52.7, 8, 22.2, 1.8, 252.7, 430.8, 8122.6, 5486.2, 6.1, 1, 45.3, 44, 5.1, 7.6, 0.3, 0.4, 0.1, 0.1, 6.2, 45.9, 218.6, 548.4, 0.3, -1.2, 0.2, 0.3, 8.6, 21.4, -18, 0, 1.7, 2.67, 0.34, 0, 0, 13.9, 6.8, 829.1, 0.01, 0, 
2, eco23, 18, 688, -118.3, 6462.1, 22584.3, 824.7, 237.6, 300.8, 402.2, 5.86, 430.3, 34.6, 315.6, 110.5, 10306, 2576.5, 1268, 484, 36.6, 12.3, 19.2, 2.1, 126.2, 189.1, 3910.9, 2235.9, 8.8, 1.8, 31, 29.3, 3.9, 5.5, 0.2, 0.4, 0.1, 0.1, 3.3, 20.3, 98.4, 221.4, 0.2, -1.4, 0.1, 0.1, 6.8, 16, -13.1, 0, 1.7, 2.6, 0.34, 0, 0, 11.1, 4.9, 350.1, 0, 0, 
2, eco24, 19, 567, -60.8, 7478.5, 28992.3, 958.5, 275.3, 345.8, 508.7, 7.27, 517.2, 44, 305.5, 106.9, 13328.3, 3332.1, 1593.9, 609.5, 45, 11.9, 21.2, 2.1, 153.3, 236.3, 4141.8, 2947.1, 9, 1.7, 39.4, 37.8, 4.8, 6.9, 0.2, 0.4, 0.1, 0.1, 3.8, 26, 119.6, 260, 0.3, -1.5, 0.2, 0.1, 8, 19.5, -16.1, 0, 1.7, 2.36, 0.29, 0, 0, 12.9, 5.8, 417.5, 0.01, 0, 
2, eco25, 20, 12, -138.2, 22246.2, 22391.9, 762.7, 219.5, 277.8, 386.3, 4.22, 1099.8, 29.5, 248.6, 87, 10280.9, 2570.2, 1219.9, 470.3, 36.3, 10.8, 16.8, 1.6, 384.5, 669.5, 13183, 8009.2, 7.3, 1.4, 29.9, 28.2, 3.6, 5.2, 0.2, 0.4, 0.1, 0.1, 10.4, 66.5, 312.6, 629.8, 0.2, -1.2, 0.1, 0.2, 6.6, 12.6, -11.5, 0, 1.7, 1.68, 0.21, 0, 0, 9.3, 4.4, 1024.2, 0, 0, 
2, eco26, 21, 860, -178.9, 11295.8, 16965, 674.4, 193.2, 238.6, 314.2, 5.49, 409, 23, 237.4, 83.1, 7744.4, 1936.1, 926.5, 327, 29.7, 8.8, 13.4, 1.4, 231.7, 332.5, 6705.3, 4026.2, 7, 1.4, 22.8, 23.1, 2.7, 3.9, 0.2, 0.3, 0.1, 0.1, 6.3, 32.1, 112.9, 190.7, 0.2, -1.1, 0.1, 0.1, 5.4, 10.5, -8.9, 0, 1.7, 3.84, 0.5, 0, 0, 8.6, 4, 348.2, 0, 0, 
2, eco27, 22, 878, -157.5, 13749.1, 16356.1, 634.4, 182.6, 230.1, 300.8, 6.96, 548.1, 22.4, 258.3, 90.4, 7436.1, 1859, 918.7, 326.7, 26.6, 10.4, 13, 1.3, 260.5, 408.6, 8245.1, 4834.8, 7.4, 1.5, 23.1, 21.6, 2.9, 3.8, 0.1, 0.3, 0.1, 0.1, 7.1, 39.6, 174.9, 258.5, 0.2, -1.1, 0.1, 0.1, 5.3, 9.6, -8.3, 0, 1.7, 2.38, 0.37, 0, 0, 8.1, 3.7, 487.8, 0.01, 0, 
2, eco28, 23, 746, -131, 10620.7, 14793.6, 578.2, 166.2, 208.8, 271.8, 8.19, 537.1, 21.6, 199, 69.7, 6759.2, 1689.8, 818.7, 295, 25.5, 8.5, 12.8, 1.2, 233.8, 357.4, 6309.7, 3719.8, 5.8, 1.2, 20.4, 20.2, 2.5, 3.5, 0.1, 0.3, 0.1, 0.1, 6.2, 36.1, 145.6, 286.9, 0.1, -0.9, 0.1, 0.1, 4.6, 9.7, -8.1, 0, 1.7, 2.02, 0.35, 0, 0, 7.8, 3.6, 483.5, 0.01, 0, 
2, eco29, 24, 2644, -93.1, 11954.4, 19761.1, 742.7, 216.3, 280, 361.9, 2.91, 660.8, 32.9, 484.2, 169.5, 8810.6, 2202.7, 1206.6, 437.3, 28.6, 18, 18.3, 2.2, 237.3, 396.5, 6769.3, 4551.3, 12.9, 2.7, 27.4, 24.6, 3.8, 4.8, 0.2, 0.5, 0.1, 0.1, 6.1, 41.9, 203.1, 329.5, 0.2, -1.7, 0.1, 0.2, 6.1, 14.3, -11.6, 0, 1.7, 1.2, 0.15, 0, 0, 10.1, 4.1, 584.5, 0, 0, 
2, eco30, 25, 39, -159.3, 8058.5, 20366.2, 783.5, 225.5, 282.5, 364.8, 5.06, 454, 31, 299.2, 104.7, 9280.2, 2320, 1115.9, 399.4, 33.5, 12, 16.1, 1.6, 178.1, 231.1, 4528.9, 3120.4, 8.5, 1.7, 28.3, 26.9, 3.4, 4.6, 0.2, 0.4, 0.1, 0.1, 4.8, 24.2, 114.1, 231.5, 0.2, -1.3, 0.1, 0.2, 6.4, 13.9, -11.5, 0, 1.7, 2.65, 0.34, 0, 0, 10.4, 4.6, 380.5, 0, 0, 
3, eco1, 0, 32, -188.6, 7149.4, 15781, 675.6, 193.6, 241.9, 303.9, 9.35, 459.3, 24.9, 225.7, 79, 7197.3, 1799.3, 856.1, 297.7, 26.4, 10.3, 13.8, 1.3, 146.9, 221.1, 4181.2, 2600.2, 6.7, 1.3, 23.7, 22.3, 2.9, 3.7, 0.1, 0.4, 0.1, 0.1, 4.2, 22.8, 111.5, 250.1, 0.2, -1.1, 0.1, 0.2, 5.5, 10.3, -8.3, 0, 1.7, 2.22, 0.33, 0, 0, 9.3, 4.2, 398.6, 0.01, 0, 
3, eco2, 1, 1239, -161.5, 14100.9, 12625.5, 494, 140.7, 171.8, 226.7, 12.89, 505.9, 16, 81.6, 28.6, 5858.2, 1464.6, 630.1, 217.7, 24.9, 4.1, 8.4, 0.6, 326.9, 415.8, 8486.4, 4871.8, 3, 0.5, 17.1, 17.3, 1.8, 2.6, 0.1, 0.2, 0, 0, 9.3, 40.1, 156.2, 244.6, 0.1, -0.6, 0.1, -0.2, 3.9, 6.8, -5.6, 0, 1.7, 2.7, 0.57, 0, 0, 7.3, 3.1, 463.6, 0.01, 0, 
3, eco3, 2, 689, -145.7, 6173.8, 22663.8, 822, 235.4, 294.1, 399.1, 7.38, 442.6, 34.2, 222.8, 78, 10434.9, 2608.7, 1142.2, 405.7, 37.1, 9.2, 16.7, 1.3, 120.6, 187.7, 3539.4, 2326.1, 6.9, 1.4, 30, 30.4, 3.3, 4.7, 0.2, 0.4, 0.1, 0.1, 3.2, 20.4, 96.6, 237.7, 0.2, -1.1, 0.1, 0.2, 6.6, 15.1, -12.4, 0, 1.7, 2.69, 0.33, 0, 0, 11.1, 5.4, 365.9, 0.01, 0, 
3, eco4, 3, 23, -165.8, 20668.3, 16144.1, 599.8, 171.2, 209.9, 296.3, 4.19, 838.7, 20.1, 139.3, 48.8, 7453.9, 1863.5, 830.1, 291.6, 28.2, 6, 11, 0.9, 436.9, 652.6, 12368.5, 7210.2, 4.5, 0.9, 21.3, 22, 2.4, 3.5, 0.1, 0.2, 0.1, 0.1, 11.4, 62.2, 264.4, 441.6, 0.1, -0.6, 0.1, 0.2, 4.7, 8.3, -7.5, 0, 1.7, 2.02, 0.23, 0, 0, 7.6, 3.7, 784.2, 0, 0, 
3, eco6, 4, 3, -207.5, 14158, 28226.3, 1031.1, 295.7, 376.1, 489.1, 7.7, 639.7, 40.6, 267.1, 93.5, 13006.9, 3251.7, 1440.6, 458.2, 47.4, 12.9, 16.4, 1.1, 229.8, 436.3, 8767.5, 4724.4, 8.2, 1.6, 38.4, 37.2, 4.3, 5.2, 0.3, 0.5, 0.1, 0.1, 6.3, 45.2, 218.9, 265.9, 0.3, -1.4, 0.2, 0.3, 8.3, 17.9, -15.2, 0, 1.7, 4.47, 0.53, 0, 0, 13, 6.7, 544.8, 0.01, 0, 
3, eco7, 5, 44, -182.2, 11285.2, 17605.7, 704.7, 203, 262.1, 313.9, 4.79, 500.2, 25.2, 272.3, 95.3, 8010.1, 2002.5, 938.7, 299.4, 29.7, 12.1, 12.5, 1.1, 237.2, 343.7, 6797.6, 3906.7, 7.7, 1.5, 24.3, 22.9, 2.9, 3.4, 0.2, 0.4, 0.1, 0.1, 6.8, 34, 128.5, 262.7, 0.2, -1.3, 0.1, 0.3, 5.8, 11.6, -9.8, 0, 1.7, 4.63, 0.53, 0, 0, 9.2, 4.3, 437.5, 0, 0, 
3, eco8, 6, 6, -172.5, 8939.4, 16152, 654.5, 188.8, 243.4, 284.9, 7.06, 344.6, 23.6, 261.5, 91.5, 7337.9, 1834.5, 859.4, 274.8, 27.7, 11.7, 11.8, 1, 169.8, 285.1, 5343.6, 3140.9, 7.4, 1.5, 22.1, 20.7, 2.6, 3.1, 0.1, 0.4, 0.1, 0.1, 5.1, 28.9, 98, 147.4, 0.2, -1.4, 0.1, -0.3, 5.5, 11.1, -9, 0, 1.7, 4.97, 0.68, 0, 0, 9.4, 4, 287.2, 0.01, 0, 
3, eco10, 7, 1861, -177, 13339.1, 15880.5, 635.6, 182.5, 230.4, 295.4, 4.4, 585, 21.8, 233.3, 81.7, 7238, 1809.5, 853.2, 306, 25.6, 9.5, 13.9, 1.3, 251.6, 418.2, 7684.2, 4985.2, 6.8, 1.4, 24.3, 22.2, 3, 3.8, 0.1, 0.3, 0.1, 0.1, 6.9, 40.6, 155.3, 315.6, 0.2, -1.1, 0.1, 0.2, 5.1, 9.5, -8, 0, 1.7, 2.77, 0.34, 0, 0, 8.5, 4.1, 523.4, 0, 0, 
3, eco11, 8, 554, -193.5, 14617.5, 12618.9, 544.2, 155.7, 194.5, 249, 4.74, 573, 15.8, 189.6, 66.4, 5748.3, 1437.1, 700.5, 248.8, 20.8, 7.9, 11.8, 1.2, 329, 441.3, 8148, 5699.2, 5.6, 1.2, 17.9, 18.4, 2.2, 3.3, 0.1, 0.3, 0.1, 0.1, 8.9, 40, 148.9, 321.4, 0.1, -1, 0.1, 0.1, 4.2, 6.3, -5, 0, 1.7, 2.42, 0.33, 0, 0, 7.3, 3.6, 524.5, 0, 0, 
3, eco12, 9, 71, -135.5, 12974.8, 21275.1, 772.5, 223, 288.9, 380, 3.9, 697, 31, 356.9, 124.9, 9649.8, 2412.5, 1168.5, 409.6, 34.4, 12.4, 16.9, 2, 216.9, 380.3, 7859.7, 4517.9, 9.5, 2, 28.3, 27.4, 3.4, 4.6, 0.2, 0.4, 0.1, 0.1, 5.6, 39.3, 193.2, 379, 0.2, -1.3, 0.1, 0.1, 6.1, 14.1, -12.1, 0, 1.7, 2.25, 0.27, 0, 0, 9.8, 4.6, 621.7, 0, 0, 
3, eco14, 10, 1, -186.2, 13806.2, 16940, 675.2, 194.6, 251.2, 298.3, 4.35, 507.8, 23, 257.7, 90.2, 7711.1, 1927.8, 898.1, 349.3, 28.9, 11.6, 17.1, 1.6, 261.7, 448.1, 8075.2, 5021.2, 7.4, 1.5, 23.1, 21.8, 2.7, 3.9, 0.2, 0.4, 0.1, 0.1, 7.5, 42.9, 115.8, 276.1, 0.2, -1.2, 0.1, 0.2, 5.5, 10.9, -9.3, 0, 1.7, 5.01, 0.58, 0, 0, 8.7, 4.2, 447.4, 0, 0, 
3, eco16, 11, 3333, -187.9, 8717.8, 22224.9, 834.7, 238.6, 296.3, 392, 8.93, 475.5, 32.2, 194.2, 68, 10258.2, 2564.5, 1119.4, 453, 39.3, 8.6, 20.9, 2, 181.3, 231.5, 5086.1, 3219, 6.2, 1.2, 30.5, 30.4, 3.4, 5.4, 0.2, 0.4, 0.1, 0.1, 5, 24.3, 115.9, 243.5, 0.2, -1, 0.1, 0.2, 6.6, 14.8, -12.3, 0, 1.7, 2.69, 0.38, 0, 0, 11, 5.4, 398.4, 0.01, 0, 
3, eco17, 12, 7434, -16, 9860.1, 35076.9, 1046, 298.4, 368.2, 604.7, 11.28, 800.3, 53.9, 183, 64.1, 16310.3, 4077.6, 1734.1, 718.3, 50.9, 8, 26.5, 2.1, 121.2, 449.7, 4967, 4322.3, 6.9, 1.2, 48.1, 48.3, 5.2, 8.6, 0.3, 0.4, 0.1, 0.1, 2.7, 49.7, 174, 443.5, 0.3, -1.2, 0.1, 0.3, 8.6, 21.1, -17.6, 0, 1.7, 0, 0, 0, 0, 14.3, 7.1, 682.1, 0.01, 0, 
3, eco18, 13, 2972, -162, 5227.5, 22132.3, 840.3, 241.2, 304.7, 398.7, 6.08, 358.6, 34.5, 279.6, 97.8, 10129.5, 2532.4, 1167.4, 471.5, 37, 11.5, 21.9, 2.3, 87.8, 166.2, 3124.4, 1849, 8.2, 1.6, 30.5, 29.8, 3.5, 5.6, 0.2, 0.4, 0.1, 0.1, 2.3, 18.2, 85.1, 166.8, 0.2, -1.3, 0.1, 0.2, 6.8, 15.2, -12.3, 0, 1.7, 2.07, 0.28, 0, 0, 11.4, 5.3, 279.4, 0, 0, 
3, eco19, 14, 2108, -87.4, 9323.9, 27044.6, 921.1, 265.3, 340, 480.4, 5.85, 648.3, 41.4, 377.3, 132, 12341.1, 3085.3, 1450.4, 591.8, 41.2, 14.4, 24.6, 2.7, 146.5, 297.4, 5156.5, 3723.6, 10.8, 2.2, 37.2, 35.6, 4.4, 6.8, 0.2, 0.5, 0.1, 0.2, 3.7, 32.2, 144.6, 364, 0.2, -1.6, 0.1, 0.2, 7.6, 18.5, -15.2, 0, 1.7, 1.98, 0.25, 0, 0, 12.6, 5.7, 551.3, 0, 0, 
3, eco20, 15, 39, -206.6, 7110.9, 18992.5, 767.6, 219.3, 270.1, 352.8, 4.97, 364.7, 27.4, 220.3, 77.1, 8714.7, 2178.7, 974.9, 389.3, 32.1, 9.2, 18.6, 2, 166.2, 198.4, 4007, 2739.2, 6.7, 1.3, 27.3, 26.9, 3, 4.8, 0.2, 0.3, 0.1, 0.1, 4.6, 20.3, 79.3, 184.7, 0.2, -1, 0.1, 0.2, 6.1, 12.6, -10.6, 0, 1.7, 3.34, 0.41, 0, 0, 10, 4.7, 294.6, 0, 0, 
3, eco21, 16, 98, -171, 5571.3, 27076.6, 974.3, 279.2, 351.7, 469.3, 7.93, 376.2, 40, 252.6, 88.4, 12480.5, 3120.1, 1393.6, 539.3, 47.4, 11.2, 21.2, 2, 100.3, 160.6, 3356.8, 1953.5, 7.7, 1.4, 36.1, 35.1, 4.1, 6.1, 0.3, 0.4, 0.1, 0.1, 2.7, 17.6, 79.4, 177.1, 0.2, -1.4, 0.2, 0.2, 8.2, 18.5, -15.4, 0, 1.7, 3.84, 0.46, 0, 0, 12.9, 5.8, 285.6, 0.01, 0, 
3, eco22, 17, 695, -130.9, 14292.8, 33227.6, 1093.2, 312.2, 388.4, 567.5, 9.38, 940.7, 47.7, 173.1, 60.6, 15449.4, 3862.3, 1662.5, 648.8, 55.7, 8.5, 23.6, 1.9, 251.5, 431, 8118.7, 5491.6, 6.1, 1.1, 45.8, 44.4, 5, 7.5, 0.3, 0.4, 0.1, 0.1, 6.4, 45.9, 218.9, 549.3, 0.3, -1.1, 0.2, 0.3, 8.8, 21.3, -17.9, 0, 1.7, 2.67, 0.34, 0, 0, 14.7, 7.2, 830.9, 0.01, 0, 
3, eco23, 18, 688, -151.5, 6470.6, 22880, 854.7, 246.2, 316.3, 407.3, 6.04, 432.4, 35, 327.1, 114.5, 10433, 2608.3, 1247, 477, 38.4, 12.9, 20.3, 2.2, 126.7, 189.7, 3915.4, 2238.9, 9.1, 1.8, 31.4, 29.7, 3.8, 5.4, 0.2, 0.4, 0.1, 0.1, 3.4, 20.4, 98.6, 221.9, 0.2, -1.4, 0.1, 0.1, 7, 15.9, -13.1, 0, 1.7, 2.61, 0.34, 0, 0, 11.4, 5.1, 351.3, 0, 0, 
3, eco24, 19, 567, -105.1, 7472.5, 29255.4, 993.7, 285.3, 362.9, 513.2, 7.6, 519.5, 44.4, 314.3, 110, 13443.6, 3360.9, 1561.9, 598.8, 47.2, 12.5, 22.3, 2.3, 153, 236.1, 4130.8, 2952.6, 9.2, 1.8, 39.7, 38.2, 4.7, 6.8, 0.3, 0.5, 0.1, 0.1, 3.9, 25.9, 119.7, 261, 0.3, -1.5, 0.2, 0.1, 8.3, 19.3, -16, 0, 1.7, 2.36, 0.3, 0, 0, 13.3, 6.1, 419.1, 0.01, 0, 
3, eco25, 20, 12, -154.4, 22302.5, 22606.6, 774.5, 222.8, 284.6, 390, 4.28, 1102.7, 29.7, 256.6, 89.8, 10373.9, 2593.5, 1196.5, 462.6, 37.1, 11.2, 17.3, 1.7, 380.8, 671.3, 13239.8, 8010.7, 7.5, 1.4, 30.2, 28.5, 3.5, 5.1, 0.2, 0.4, 0.1, 0.1, 10.5, 66.8, 314, 630.1, 0.2, -1.2, 0.1, 0.2, 6.6, 12.6, -11.6, 0, 1.7, 1.68, 0.21, 0, 0, 9.5, 4.4, 1026.5, 0, 0, 
3, eco26, 21, 860, -192, 11345, 17237.7, 686.8, 196.8, 245.7, 319.5, 5.49, 411.3, 23.3, 244.9, 85.7, 7865.2, 1966.3, 914.9, 323.2, 30.7, 9.2, 13.8, 1.4, 231.5, 334.8, 6752.5, 4026.2, 7.1, 1.4, 23.2, 23.4, 2.7, 3.9, 0.2, 0.3, 0.1, 0.1, 6.5, 32.3, 113.7, 190.8, 0.2, -1.1, 0.1, 0.1, 5.6, 10.6, -9, 0, 1.7, 3.86, 0.5, 0, 0, 8.8, 4.1, 349.5, 0, 0, 
3, eco27, 22, 878, -171.2, 13802.6, 16595, 647.5, 186.3, 238.1, 305.4, 6.93, 550.5, 22.6, 267.6, 93.6, 7539.6, 1884.9, 905.8, 322.5, 27.4, 10.8, 13.5, 1.4, 260.2, 410.9, 8296.4, 4835.1, 7.6, 1.5, 23.4, 21.9, 2.9, 3.8, 0.1, 0.4, 0.1, 0.1, 7.3, 39.9, 175.8, 258.7, 0.2, -1.1, 0.1, 0.1, 5.4, 9.7, -8.4, 0, 1.7, 2.39, 0.37, 0, 0, 8.3, 3.8, 489.3, 0.01, 0, 
3, eco28, 23, 746, -153.6, 10653.9, 15033, 599.6, 172.3, 219, 276.2, 8.18, 539.2, 22, 206.8, 72.4, 6864.2, 1716, 807.2, 291.2, 26.9, 8.9, 13.5, 1.3, 234.4, 359.4, 6339.4, 3720.6, 6, 1.2, 20.7, 20.6, 2.5, 3.5, 0.1, 0.3, 0.1, 0.1, 6.4, 36.3, 146.1, 287.1, 0.2, -0.9, 0.1, 0.2, 4.7, 9.7, -8.2, 0, 1.7, 2.03, 0.35, 0, 0, 8, 3.8, 484.7, 0.01, 0, 
3, eco29, 24, 2644, -100.6, 11960.6, 19981.6, 751.2, 218.8, 292.4, 365.9, 2.94, 662.7, 33.1, 504.9, 176.7, 8892.6, 2223.2, 1185.6, 430.6, 29.7, 18.9, 19.1, 2.3, 237.2, 396.9, 6771.9, 4554.6, 13.4, 2.9, 27.7, 24.9, 3.8, 4.8, 0.2, 0.5, 0.1, 0.1, 6.3, 42, 203.1, 330.1, 0.2, -1.8, 0.1, 0.2, 6.3, 14.2, -11.6, 0, 1.7, 1.2, 0.15, 0, 0, 10.1, 4.3, 585.4, 0, 0, 
3, eco30, 25, 39, -179.8, 8080.2, 20677, 803.5, 231.2, 294.8, 370.4, 5.17, 456.3, 31.4, 310.4, 108.6, 9415.9, 2354, 1100.1, 394.3, 34.9, 12.5, 16.8, 1.7, 178.5, 232.3, 4547.2, 3122.3, 8.8, 1.8, 28.7, 27.3, 3.4, 4.6, 0.2, 0.4, 0.1, 0.1, 5, 24.3, 114.6, 231.9, 0.2, -1.3, 0.1, 0.2, 6.5, 13.9, -11.5, 0, 1.7, 2.66, 0.34, 0, 0, 10.6, 4.8, 381.7, 0, 0, 
4, eco1, 0, 32, -208.3, 7185.3, 16091, 698, 199.9, 252.1, 310.1, 9.31, 461.5, 25.4, 231.6, 81.1, 7337.2, 1834.3, 855, 296.7, 27.7, 10.7, 14.4, 1.3, 148.8, 223.2, 4211.8, 2601.6, 6.9, 1.4, 24.2, 22.8, 2.9, 3.7, 0.1, 0.4, 0.1, 0.1, 4.4, 23, 112, 250.3, 0.2, -1.1, 0.1, 0.2, 5.7, 10.3, -8.3, 0, 1.7, 2.24, 0.33, 0, 0, 9.6, 4.4, 399.7, 0.01, 0, 
4, eco2, 1, 1239, -170.1, 14150.7, 12843.9, 502.2, 143, 174.8, 230.9, 12.25, 507.1, 16.2, 83.6, 29.3, 5958.6, 1489.6, 627.5, 216.4, 25.4, 4.2, 8.6, 0.6, 327.5, 418.4, 8533.6, 4871.2, 3, 0.5, 17.4, 17.6, 1.8, 2.6, 0.1, 0.2, 0, 0, 9.6, 40.3, 156.9, 244.7, 0.1, -0.6, 0.1, -0.1, 4, 6.9, -5.6, 0, 1.7, 2.71, 0.55, 0, 0, 7.4, 3.1, 464.1, 0.01, 0, 
4, eco3, 2, 689, -193.5, 6185, 22995.5, 867.2, 248.3, 311.3, 404.9, 7.51, 444.8, 34.8, 228.5, 80, 10584.7, 2646.2, 1132.6, 401.7, 39.5, 9.6, 17.8, 1.4, 122, 188.5, 3545.4, 2329, 7, 1.4, 30.4, 30.9, 3.3, 4.7, 0.2, 0.4, 0.1, 0.1, 3.3, 20.5, 96.9, 238.2, 0.2, -1, 0.1, 0.2, 6.8, 15.1, -12.4, 0, 1.7, 2.7, 0.33, 0, 0, 11.5, 5.7, 367.1, 0.01, 0, 
4, eco4, 3, 23, -192.9, 20734, 16371.3, 624.8, 178.4, 219.4, 300.8, 4.24, 841.3, 20.4, 142.3, 49.8, 7557.7, 1889.4, 824.4, 289.1, 29.6, 6.2, 11.7, 0.9, 437.6, 656, 12430.5, 7209.9, 4.6, 0.9, 21.6, 22.3, 2.4, 3.4, 0.2, 0.3, 0.1, 0.1, 11.7, 62.6, 265.5, 441.8, 0.2, -0.6, 0.1, 0.2, 4.8, 8.4, -7.5, 0, 1.7, 2.03, 0.23, 0, 0, 7.7, 3.9, 786.2, 0, 0, 
4, eco6, 4, 3, -241.5, 14188.1, 28630, 1064.1, 305.1, 391.9, 496.1, 7.94, 643, 41.2, 271.1, 94.9, 13193.1, 3298.3, 1428.4, 453.8, 49.5, 13.3, 17.2, 1.1, 231.1, 438, 8793, 4725.9, 8.3, 1.6, 39, 37.8, 4.3, 5.2, 0.3, 0.5, 0.1, 0.1, 6.5, 45.4, 219.9, 266.2, 0.3, -1.4, 0.2, 0.3, 8.6, 18, -15.3, 0, 1.7, 4.48, 0.54, 0, 0, 13.2, 7, 546.9, 0.01, 0, 
4, eco7, 5, 44, -199.3, 11319.4, 17902.8, 722.6, 208.1, 271.2, 319.2, 4.88, 502.3, 25.5, 278.1, 97.3, 8143.6, 2035.9, 933.7, 297.4, 30.7, 12.5, 12.9, 1.1, 238.5, 345.7, 6828.7, 3906.5, 7.9, 1.6, 24.7, 23.3, 2.9, 3.4, 0.2, 0.4, 0.1, 0.1, 7, 34.2, 129.1, 262.8, 0.2, -1.2, 0.1, 0.3, 5.9, 11.7, -9.9, 0, 1.7, 4.66, 0.53, 0, 0, 9.4, 4.5, 438.6, 0, 0, 
4, eco8, 6, 6, -174, 8963.4, 16415.7, 658.5, 189.9, 248.9, 289.8, 6.38, 345.7, 23.9, 266.8, 93.4, 7457.3, 1864.3, 855.1, 273.1, 28.1, 12, 12.1, 1, 170.4, 286.5, 5365.8, 3140.7, 7.6, 1.5, 22.5, 21.1, 2.6, 3.1, 0.2, 0.4, 0.1, 0.1, 5.2, 29, 98.6, 147.5, 0.2, -1.4, 0.1, -0.2, 5.7, 11.1, -9, 0, 1.7, 4.99, 0.65, 0, 0, 9.4, 4.1, 287.3, 0.01, 0, 
4, eco10, 7, 1861, -187.6, 13390, 16133.9, 647.1, 185.7, 236.4, 300.4, 4.42, 587.2, 22, 239.5, 83.8, 7350.6, 1837.6, 849.3, 304.1, 26.2, 9.8, 14.3, 1.4, 252.4, 420.8, 7731.6, 4985.1, 6.9, 1.4, 24.7, 22.6, 3, 3.8, 0.1, 0.3, 0.1, 0.1, 7, 40.9, 156.1, 315.7, 0.2, -1.1, 0.1, 0.2, 5.2, 9.6, -8, 0, 1.7, 2.79, 0.34, 0, 0, 8.6, 4.2, 524.8, 0, 0, 
4, eco11, 8, 554, -201.7, 14693.3, 12858, 553.1, 158.3, 198.8, 253.4, 4.57, 575.2, 16, 194.8, 68.2, 5855.5, 1463.9, 698, 247.4, 21.2, 8.1, 12.1, 1.2, 329.8, 444.9, 8220.1, 5698.5, 5.8, 1.2, 18.3, 18.7, 2.2, 3.2, 0.1, 0.3, 0.1, 0.1, 9.1, 40.3, 149.9, 321.5, 0.1, -1, 0.1, 0.1, 4.3, 6.3, -5.1, 0, 1.7, 2.44, 0.33, 0, 0, 7.3, 3.6, 525.8, 0, 0, 
4, eco12, 9, 71, -153.7, 13004.6, 21523.5, 790.6, 228.2, 299.3, 384.5, 3.99, 699.5, 31.4, 366.3, 128.2, 9757.5, 2439.4, 1157.7, 405.5, 35.6, 12.8, 17.5, 2.1, 217.5, 381.7, 7885.6, 4519.7, 9.8, 2, 28.6, 27.7, 3.4, 4.6, 0.2, 0.4, 0.1, 0.1, 5.7, 39.4, 194, 379.4, 0.2, -1.3, 0.1, 0.1, 6.3, 14.2, -12.2, 0, 1.7, 2.26, 0.27, 0, 0, 10, 4.8, 623.4, 0, 0, 
4, eco14, 10, 1, -190.1, 13845.2, 17197, 680, 196, 255.1, 303, 4.45, 509.7, 23.2, 262.1, 91.7, 7828.6, 1957.1, 892.9, 346.8, 29.3, 11.9, 17.4, 1.7, 261.9, 450.3, 8112.2, 5020.8, 7.5, 1.5, 23.5, 22.1, 2.7, 3.9, 0.2, 0.4, 0.1, 0.1, 7.6, 43.1, 116.4, 276.2, 0.2, -1.2, 0.1, 0.2, 5.6, 11, -9.3, 0, 1.7, 5.04, 0.58, 0, 0, 8.7, 4.2, 448.5, 0, 0, 
4, eco16, 11, 3333, -219.8, 8743.6, 22576, 865.5, 247.4, 308.3, 398.3, 9.07, 478.1, 32.8, 198.8, 69.6, 10419.3, 2604.8, 1112.1, 449.4, 41.1, 8.9, 21.9, 2.1, 182.5, 232.9, 5107.2, 3221, 6.3, 1.2, 31, 30.9, 3.3, 5.4, 0.2, 0.4, 0.1, 0.1, 5.1, 24.5, 116.5, 243.9, 0.2, -1, 0.1, 0.2, 6.9, 14.8, -12.4, 0, 1.7, 2.7, 0.38, 0, 0, 11.2, 5.6, 400, 0.01, 0, 
4, eco17, 12, 7434, -51.3, 9841.7, 35269.8, 1070.6, 305.5, 378.2, 608.2, 11.54, 802.8, 53.8, 185.3, 64.9, 16398.6, 4099.7, 1707.3, 707, 52.4, 8.2, 27.3, 2.2, 120.5, 447.6, 4939.6, 4334, 6.9, 1.2, 48.4, 48.5, 5.1, 8.4, 0.3, 0.4, 0.1, 0.1, 2.7, 49.5, 174, 445.5, 0.3, -1.2, 0.1, 0.3, 8.8, 20.8, -17.4, 0, 1.7, 0, 0, 0, 0, 14.7, 7.3, 684.2, 0.01, 0, 
4, eco18, 13, 2972, -192.9, 5240.7, 22464.9, 870.9, 250, 317.9, 404.8, 6.23, 360.9, 35, 287.1, 100.5, 10278.3, 2569.6, 1159.6, 467.7, 38.8, 11.9, 23, 2.4, 88.6, 167, 3132.8, 1852.3, 8.4, 1.7, 30.9, 30.3, 3.5, 5.5, 0.2, 0.4, 0.1, 0.1, 2.4, 18.3, 85.4, 167.4, 0.2, -1.3, 0.1, 0.2, 7, 15.2, -12.4, 0, 1.7, 2.08, 0.28, 0, 0, 11.6, 5.5, 280.6, 0, 0, 
4, eco19, 14, 2108, -106.8, 9320.8, 27275, 937.7, 269.9, 349.9, 484.7, 6.04, 650.4, 41.6, 384.7, 134.6, 12442, 3110.5, 1433.7, 584.8, 42.4, 14.8, 25.4, 2.7, 146.5, 297.3, 5148.1, 3728.9, 11, 2.2, 37.5, 35.9, 4.4, 6.7, 0.2, 0.5, 0.1, 0.2, 3.8, 32.2, 144.7, 364.9, 0.3, -1.6, 0.1, 0.2, 7.8, 18.4, -15.2, 0, 1.7, 1.98, 0.25, 0, 0, 12.8, 5.8, 552.6, 0, 0, 
4, eco20, 15, 39, -220, 7145.2, 19311.4, 782.5, 223.6, 276.5, 359.2, 5.07, 367.2, 27.8, 224.4, 78.5, 8860.3, 2215.1, 973.2, 388, 32.9, 9.5, 19.1, 2.1, 167.1, 200, 4037.8, 2740.3, 6.8, 1.3, 27.8, 27.4, 3, 4.8, 0.2, 0.4, 0.1, 0.1, 4.7, 20.5, 80.1, 185, 0.2, -1, 0.1, 0.2, 6.2, 12.7, -10.6, 0, 1.7, 3.36, 0.41, 0, 0, 10.1, 4.8, 296, 0, 0, 
4, eco21, 16, 98, -205, 5579.3, 27441.5, 1005.9, 288.2, 364.7, 475.6, 8.13, 378.5, 40.5, 257.7, 90.2, 12647.3, 3161.8, 1381.3, 534.1, 49.3, 11.6, 22.1, 2, 100.8, 161.1, 3360.5, 1956.9, 7.8, 1.5, 36.6, 35.6, 4, 6, 0.3, 0.5, 0.1, 0.1, 2.8, 17.6, 79.7, 177.7, 0.3, -1.4, 0.2, 0.2, 8.4, 18.5, -15.4, 0, 1.7, 3.85, 0.47, 0, 0, 13.3, 6.1, 286.9, 0.01, 0, 
4, eco22, 17, 695, -172.7, 14297.2, 33562.9, 1128.5, 322.2, 402.1, 573.3, 9.63, 943.3, 48.2, 173.9, 60.9, 15606.6, 3901.7, 1641.8, 640.2, 58, 8.8, 24.7, 2, 251.5, 431.4, 8117.1, 5497.1, 6.2, 1.1, 46.2, 44.8, 4.9, 7.4, 0.3, 0.4, 0.1, 0.1, 6.6, 46, 219.2, 550.3, 0.3, -1.1, 0.2, 0.3, 9, 21.3, -17.9, 0, 1.7, 2.67, 0.34, 0, 0, 14.9, 7.4, 832.8, 0.01, 0, 
4, eco23, 18, 688, -180.6, 6483, 23195.9, 883.3, 254.3, 329.4, 412.8, 6.19, 434.6, 35.4, 335.7, 117.5, 10573.4, 2643.3, 1236.8, 472.6, 40.1, 13.4, 21.3, 2.3, 127.7, 190.5, 3923, 2241.9, 9.3, 1.9, 31.8, 30.1, 3.8, 5.4, 0.2, 0.5, 0.1, 0.1, 3.5, 20.5, 98.9, 222.4, 0.2, -1.4, 0.1, 0.1, 7.2, 16, -13.1, 0, 1.7, 2.62, 0.34, 0, 0, 11.6, 5.4, 352.4, 0, 0, 
4, eco24, 19, 567, -136, 7470.3, 29536.2, 1020.1, 292.8, 375.2, 518.1, 7.85, 521.7, 44.8, 319.2, 111.7, 13570.7, 3392.7, 1543.4, 591.4, 48.9, 12.9, 23.2, 2.3, 153.3, 236, 4122.9, 2958.1, 9.3, 1.8, 40.1, 38.5, 4.7, 6.7, 0.3, 0.5, 0.1, 0.1, 4, 25.9, 119.8, 261.9, 0.3, -1.5, 0.2, 0.2, 8.5, 19.3, -15.9, 0, 1.7, 2.36, 0.3, 0, 0, 13.7, 6.3, 420.5, 0.01, 0, 
4, eco25, 20, 12, -163.7, 22359.3, 22828.8, 782.6, 225.1, 291.1, 393.9, 4.32, 1105.8, 30, 263, 92.1, 10472.6, 2618.2, 1183.3, 457.3, 37.6, 11.5, 17.7, 1.7, 379, 673.3, 13294.8, 8012.2, 7.7, 1.5, 30.5, 28.8, 3.5, 5, 0.2, 0.4, 0.1, 0.1, 10.6, 67.1, 315.5, 630.5, 0.2, -1.2, 0.1, 0.2, 6.7, 12.7, -11.6, 0, 1.7, 1.69, 0.21, 0, 0, 9.5, 4.6, 1028.8, 0, 0, 
4, eco26, 21, 860, -201.7, 11394.7, 17509.1, 697.5, 199.8, 251.1, 325, 5.48, 413.5, 23.6, 250.3, 87.6, 7987.1, 1996.8, 911.3, 321.4, 31.4, 9.4, 14.2, 1.4, 232.1, 337, 6799.5, 4026.2, 7.3, 1.5, 23.5, 23.8, 2.7, 3.9, 0.2, 0.3, 0.1, 0.1, 6.6, 32.5, 114.6, 191, 0.2, -1.1, 0.1, 0.1, 5.7, 10.7, -9, 0, 1.7, 3.89, 0.5, 0, 0, 9, 4.2, 350.9, 0, 0, 
4, eco27, 22, 878, -180.4, 13856.9, 16832.8, 657.5, 189.1, 243.8, 310.1, 6.9, 552.9, 22.9, 274.3, 96, 7644.4, 1911.1, 900.6, 320.2, 28, 11.1, 13.8, 1.4, 260.7, 413.4, 8347.5, 4835.3, 7.8, 1.6, 23.8, 22.2, 2.9, 3.7, 0.2, 0.4, 0.1, 0.1, 7.5, 40.2, 176.9, 258.9, 0.2, -1.1, 0.1, 0.1, 5.5, 9.7, -8.5, 0, 1.7, 2.41, 0.37, 0, 0, 8.4, 3.9, 490.9, 0.01, 0, 
4, eco28, 23, 746, -168.8, 10689.3, 15280.1, 615.4, 176.8, 226.1, 280.9, 8.17, 541.2, 22.3, 212.9, 74.5, 6974.2, 1743.5, 803, 289.2, 27.9, 9.2, 14, 1.3, 235.8, 361.6, 6370.4, 3721.5, 6.1, 1.3, 21.1, 20.9, 2.4, 3.5, 0.1, 0.3, 0.1, 0.1, 6.6, 36.5, 146.7, 287.3, 0.2, -0.9, 0.1, 0.2, 4.9, 9.8, -8.2, 0, 1.7, 2.05, 0.35, 0, 0, 8.1, 3.9, 486, 0.01, 0, 
4, eco29, 24, 2644, -107.3, 11969.3, 20188.9, 759.4, 221.1, 301.3, 369.9, 3.03, 664.8, 33.4, 519.4, 181.8, 8975.9, 2244, 1174.1, 426.1, 30.5, 19.5, 19.7, 2.4, 238, 397.5, 6775.8, 4558, 13.8, 2.9, 28, 25.1, 3.7, 4.7, 0.2, 0.6, 0.1, 0.1, 6.5, 42.1, 203.1, 330.8, 0.2, -1.8, 0.1, 0.2, 6.4, 14.2, -11.6, 0, 1.7, 1.21, 0.15, 0, 0, 10.3, 4.4, 586.5, 0, 0, 
4, eco30, 25, 39, -198.2, 8104.3, 20997.6, 822.8, 236.7, 304.4, 376.3, 5.26, 458.6, 31.7, 318.5, 111.5, 9557.9, 2389.5, 1093.9, 391.6, 35.9, 13, 17.5, 1.7, 179.6, 233.6, 4566.8, 3124.3, 9, 1.8, 29.2, 27.7, 3.4, 4.5, 0.2, 0.4, 0.1, 0.1, 5.1, 24.5, 115, 232.3, 0.2, -1.3, 0.1, 0.2, 6.7, 13.9, -11.6, 0, 1.7, 2.68, 0.35, 0, 0, 10.8, 5, 383, 0, 0, 
5, eco1, 0, 32, 369.7, 7412.5, 8144.8, 421.2, 121.2, 157.8, 173.8, 12.15, 455, 24.7, 213.9, 74.9, 3618.4, 904.6, 1402.1, 1001.5, 19.7, 9.4, 10.5, 1.1, 193.4, 265.1, 4351, 2603.1, 5.9, 1.2, 13.5, 11.8, 4.5, 12.1, 0.1, 0.3, 0.1, 0.1, 3.9, 23.8, 115, 250.6, 0.1, -0.8, 0.1, -0.3, 5.6, 8.8, -8.5, 0, 1.7, 2.55, 0.39, 0, 0, 6.2, 2.4, 406, 0.01, 0, 
5, eco2, 1, 1239, 534.2, 14463.5, 3349.7, 165.7, 47.1, 62.2, 70.4, 18.5, 498.6, 17.7, 50.4, 17.6, 1525.8, 381.5, 1240.9, 1021.3, 15.6, 2.3, 4, 0.3, 409.5, 485.3, 8698, 4870.7, 1.6, 0.3, 4.6, 4.6, 3.6, 12, 0.1, 0.1, 0, 0, 8.6, 41.1, 158.8, 244.7, 0.1, 0.2, 0, -0.2, 4.1, 7, -6.1, 0, 1.7, 3.18, 0.74, 0, 0, 2.5, 0.9, 471.9, 0.02, 0, 
5, eco3, 2, 689, 1037, 6578.6, 5782, 294.7, 85.4, 110.6, 111.8, 13.7, 428.7, 33.1, 185.2, 64.8, 2535.4, 633.9, 2283.3, 1897.4, 23.5, 6.7, 9.3, 0.8, 192.5, 256.2, 3797.4, 2332.6, 4.9, 1, 7.1, 6.7, 6.6, 22.7, 0.1, 0.2, 0.1, 0, 2.5, 21.7, 102.5, 238.8, 0.1, -0.2, 0.1, -0.3, 6.2, 11.6, -13, 0, 1.7, 3.46, 0.45, 0, 0, 4.2, 1.5, 379.7, 0.01, 0, 
5, eco4, 3, 23, 597.2, 21112.8, 4743.1, 229.9, 65.9, 87.4, 101.4, 9.37, 831.2, 20.2, 109.7, 38.4, 2121.9, 530.5, 1604.9, 1300.7, 19.1, 4.2, 6.2, 0.5, 540.1, 735.6, 12627.4, 7209.7, 3.1, 0.6, 5.9, 6.1, 4.6, 15.5, 0.1, 0.2, 0, 0, 10.9, 63.9, 269, 441.9, 0.1, -0.1, 0.1, -0.2, 4.7, 7, -7.7, 0, 1.7, 2.2, 0.32, 0, 0, 3.3, 1.2, 795.4, 0.01, 0, 
5, eco6, 4, 3, 1345.4, 14817.9, 4640, 349.5, 102.4, 119, 88.8, 16.92, 619.5, 40.2, 229.6, 80.3, 1955.2, 488.8, 3054.6, 2485.2, 26.6, 10, 9.4, 0.9, 359.3, 577.5, 9153.5, 4727.7, 5.9, 1.2, 6.5, 5, 9, 28.9, 0.1, 0.3, 0.1, 0.1, 5, 47.3, 226.4, 266.7, 0.2, -0.4, 0.1, -0.2, 7.8, 14.9, -15.7, 0, 1.7, 5.48, 0.77, 0, 0, 5.1, 1.6, 562.9, 0.02, 0, 
5, eco7, 5, 44, 655.4, 11677, 5586.5, 323.3, 94.6, 130.7, 111.5, 10.81, 490.9, 26.1, 245.7, 86, 2382.8, 595.7, 1771.6, 1344.5, 19.3, 10.7, 8.8, 0.9, 323.2, 425.3, 7022.1, 3906.4, 6.3, 1.3, 8, 6.4, 5.3, 15.7, 0.1, 0.3, 0, 0.1, 6.2, 35.4, 132, 262.9, 0.1, -0.8, 0.1, -0.2, 5.8, 10.7, -10.1, 0, 1.7, 5.44, 0.76, 0, 0, 4.5, 1.7, 447.8, 0.01, 0, 
5, eco8, 6, 6, 649.1, 9286.2, 4822.8, 277.4, 81.4, 121, 94.5, 13.26, 334.9, 25.1, 229.4, 80.3, 2040.9, 510.2, 1643.7, 1257.4, 17.9, 10.2, 8.4, 0.9, 241.1, 359.9, 5544.7, 3140.5, 5.8, 1.2, 6.9, 5.2, 4.9, 14.6, 0.1, 0.3, 0, 0.1, 4.5, 29.8, 100.6, 147.5, 0.1, -0.7, 0.1, -0.2, 5.5, 10.8, -9.2, 0, 1.7, 5.94, 0.94, 0, 0, 3.8, 1.6, 296.2, 0.01, 0, 
5, eco10, 7, 1861, 438.6, 13689.2, 6606, 354.7, 102.5, 134.9, 139.2, 8.26, 579, 22.3, 215, 75.3, 2893.7, 723.4, 1500.6, 1148.3, 18.4, 8.5, 10.3, 1.1, 324.3, 481.6, 7898.1, 4985.2, 5.7, 1.2, 11.8, 9.5, 4.9, 13.8, 0.1, 0.3, 0.1, 0.1, 6.6, 42, 158.9, 315.8, 0.1, -0.7, 0.1, -0.2, 5.2, 8.6, -8.2, 0, 1.7, 3.11, 0.46, 0, 0, 5.2, 2.2, 532.1, 0.01, 0, 
5, eco11, 8, 554, 182.7, 14931.8, 7065.9, 374.8, 107.6, 139.2, 156.2, 6.75, 570.8, 16.7, 179.7, 62.9, 3145.4, 786.4, 1098.7, 767.8, 16.8, 7.4, 9.6, 1, 383.5, 487.3, 8363.2, 5697.7, 5, 1.1, 10.6, 10.7, 3.4, 9.5, 0.1, 0.2, 0.1, 0.1, 8.9, 41.3, 151.8, 321.5, 0.1, -0.7, 0.1, -0.2, 4.4, 6, -5.4, 0, 1.7, 2.63, 0.4, 0, 0, 5.4, 2.4, 530.7, 0.01, 0, 
5, eco12, 9, 71, 708.4, 13405.9, 7138.9, 433.5, 126.8, 168.2, 142.1, 7.46, 686.4, 30.3, 340.2, 119.1, 3019.4, 754.8, 2134.8, 1678.6, 26.3, 11.4, 12.3, 1.8, 311.2, 461.5, 8111.4, 4521.9, 8.2, 1.8, 9.2, 7.7, 6.3, 19.8, 0.1, 0.4, 0.1, 0.1, 5.3, 40.8, 199.6, 379.8, 0.2, -0.7, 0.1, -0.4, 6.3, 10.9, -12.4, 0, 1.7, 2.6, 0.34, 0, 0, 5.9, 2.1, 633.6, 0.01, 0, 
5, eco14, 10, 1, 637.5, 14198.2, 4760, 283.8, 83.3, 124.4, 93.1, 10.72, 498.3, 24.3, 227.9, 79.8, 2012.6, 503.1, 1740.5, 1459.8, 18.9, 10.1, 11.7, 1.2, 354.2, 524.9, 8298.5, 5020.5, 5.8, 1.2, 6.7, 5.1, 5.2, 16.9, 0.1, 0.3, 0.1, 0.1, 7, 44.3, 118.5, 276.3, 0.1, -0.7, 0.1, -0.2, 5.6, 10.5, -9.5, 0, 1.7, 5.71, 0.9, 0, 0, 3.9, 1.6, 457.4, 0.01, 0, 
5, eco16, 11, 3333, 977.7, 9156.7, 4869.6, 291.2, 84, 103.1, 99.3, 16.31, 461.6, 31.9, 155, 54.2, 2136.5, 534.1, 2311.1, 2047.1, 24.3, 6, 11.6, 1.1, 277.5, 303.4, 5352.5, 3223.4, 4.2, 0.9, 7, 6.7, 6.8, 24.1, 0.1, 0.2, 0.1, 0.1, 4, 25.5, 121.2, 244.4, 0.1, -0.1, 0.1, -0.3, 6.3, 12.6, -12.8, 0, 1.7, 3.38, 0.56, 0, 0, 4.2, 1.5, 411.9, 0.02, 0, 
5, eco17, 12, 7434, 1664.4, 10534, 3890.6, 434.9, 125.8, 103.1, 74.8, 14.46, 772.6, 48.4, 150.2, 52.6, 1682, 420.5, 3828.4, 3549.1, 35.1, 5.8, 14.8, 1.1, 225.3, 580.6, 5380.3, 4347.9, 4.2, 0.9, 5.9, 5.2, 11.3, 42, 0.2, 0.2, 0.1, 0.1, 2.1, 52.2, 186, 447.8, 0.2, 0.6, 0.1, -0.3, 8, 11.1, -18.4, 0, 1.7, 0, 0, 0, 0, 6.9, 1.7, 703.2, 0.02, 0, 
5, eco18, 13, 2972, 857.6, 5572.5, 6883.5, 396.6, 115.2, 146.7, 141.1, 10.43, 346.5, 33.2, 255, 89.2, 2984.4, 746.1, 2218.5, 1880.2, 25.1, 9.8, 14.5, 1.6, 138, 217.4, 3361, 1856.2, 6.6, 1.4, 9.8, 8.9, 6.6, 22.1, 0.1, 0.3, 0.1, 0.1, 1.9, 19.4, 90.6, 168.1, 0.2, -0.6, 0.1, -0.3, 6.4, 11.9, -13, 0, 1.7, 2.6, 0.39, 0, 0, 5.7, 2.1, 291, 0.01, 0, 
5, eco19, 14, 2108, 988.9, 9761, 7720.1, 514.4, 150.7, 170.7, 152.8, 9.91, 631.8, 39.8, 372.2, 130.3, 3260.7, 815.2, 2764.2, 2364.9, 30.2, 13.4, 17.2, 2, 231.7, 375.4, 5418.9, 3734.9, 9.5, 2.1, 10.9, 8.9, 8.2, 27.7, 0.2, 0.4, 0.1, 0.1, 3.3, 33.5, 151.1, 366, 0.2, -0.7, 0.1, -0.3, 7.5, 13.9, -15.7, 0, 1.7, 2.38, 0.32, 0, 0, 7.5, 2.2, 564.5, 0.01, 0, 
5, eco20, 15, 39, 461.5, 7411.4, 9118.5, 472.4, 135.3, 166.6, 188.6, 8.41, 357.9, 28, 197.9, 69.3, 4093.6, 1023.4, 1674.4, 1322.5, 24.9, 8.2, 13.6, 1.5, 226, 243.8, 4200.2, 2741.5, 5.5, 1.1, 14, 13.2, 5.1, 15.9, 0.1, 0.3, 0.1, 0.1, 4.3, 21.4, 83.2, 185.2, 0.1, -0.7, 0.1, -0.4, 6.2, 11.6, -10.9, 0, 1.7, 3.99, 0.55, 0, 0, 6.9, 2.5, 303.1, 0.01, 0, 
5, eco21, 16, 98, 1305.3, 6039.2, 4674.3, 333.6, 97.5, 111.8, 90.6, 15.37, 356.4, 39.4, 215.9, 75.6, 1984, 496, 2935.3, 2574.1, 28.5, 8.4, 11.3, 1.2, 170.2, 228.5, 3679.4, 1961, 5.4, 1.2, 5.7, 5.1, 8.5, 29.4, 0.2, 0.3, 0.1, 0.1, 1.9, 19, 85.8, 178.4, 0.2, -0.1, 0.1, -0.3, 7, 15.1, -16.4, 0, 1.7, 5.4, 0.7, 0, 0, 4.7, 1.3, 301, 0.02, 0, 
5, eco22, 17, 695, 1776, 15015.4, 2115.9, 236.6, 69.5, 61.6, 38.3, 20.61, 912.6, 45.4, 121.6, 42.6, 874.8, 218.7, 3771, 3446.5, 30.4, 4.7, 9.9, 0.7, 417.6, 569.6, 8524.7, 5503.5, 3.1, 0.7, 3.6, 2.5, 11.1, 39.7, 0.2, 0.2, 0.1, 0, 4.7, 47.8, 227, 551.5, 0.1, 0.6, 0.1, -0.2, 7.8, 16.6, -18.5, 0, 1.7, 3.3, 0.54, 0, 0, 3.7, 1, 852, 0.02, 0, 
5, eco23, 18, 688, 926.1, 6854.8, 6332.6, 384.4, 112.7, 147.6, 127.2, 11.55, 418.9, 34, 304.5, 106.6, 2675.9, 669, 2387.8, 1987.4, 25.1, 11.1, 13.3, 1.7, 196, 250.4, 4163.1, 2245.4, 7.5, 1.6, 8.9, 7.3, 7.1, 22.8, 0.1, 0.3, 0.1, 0.1, 2.8, 21.6, 103.9, 223.1, 0.2, -0.6, 0.1, -0.3, 6.5, 12.9, -13.7, 0, 1.7, 3.29, 0.5, 0, 0, 5.2, 1.9, 363.5, 0.01, 0, 
5, eco24, 19, 567, 1239.5, 7985.3, 5979.1, 461.6, 135.3, 142.5, 117.3, 12.97, 499.2, 42.3, 303.2, 106.1, 2510.9, 627.7, 3156.9, 2713.8, 31.1, 10.5, 13.7, 1.6, 250.4, 318.2, 4452, 2964.7, 7.5, 1.6, 8.1, 6.9, 9.3, 31.1, 0.2, 0.3, 0.1, 0.1, 3.1, 27.6, 127.3, 263.1, 0.2, -0.3, 0.1, -0.3, 7.6, 14.1, -16.7, 0, 1.7, 3.02, 0.4, 0, 0, 6.5, 1.9, 434.7, 0.01, 0, 
5, eco25, 20, 12, 1001.7, 22902.5, 3484.6, 232.9, 68.9, 96, 66.9, 10.9, 1087.8, 28.6, 218.6, 76.5, 1421.2, 355.3, 2503.9, 2184.8, 21.4, 8.9, 10, 1.1, 522.3, 784.8, 13581.5, 8013.9, 5.4, 1.2, 4.3, 3.3, 7.3, 24.5, 0.1, 0.3, 0.1, 0.1, 9.3, 68.6, 321.5, 631, 0.1, -0.3, 0.1, -0.2, 6.4, 9.7, -11.8, 0, 1.7, 1.88, 0.32, 0, 0, 3.2, 1.1, 1041.8, 0.01, 0, 
5, eco26, 21, 860, 469.4, 11700.6, 7426.6, 387, 111.5, 141.2, 154.6, 9.98, 404.5, 24.2, 224.5, 78.6, 3270.2, 817.5, 1600, 1215.1, 23.2, 8, 9.7, 1.1, 303.5, 397.6, 6973.3, 4026.2, 5.9, 1.3, 9.9, 9.8, 4.7, 14.5, 0.1, 0.3, 0.1, 0.1, 6.1, 33.6, 117.2, 191.1, 0.1, -0.5, 0.1, -0.3, 5.6, 10, -9.2, 0, 1.7, 4.44, 0.69, 0, 0, 5.4, 1.9, 358.4, 0.01, 0, 
5, eco27, 22, 878, 433.3, 14168.3, 7088.5, 380.8, 110.5, 147.2, 146, 10.23, 544.6, 23, 251.7, 88.1, 3084.3, 771.1, 1570.5, 1184.9, 20.7, 10, 10.4, 1.2, 334.4, 474.8, 8523.3, 4835.7, 6.6, 1.4, 10.6, 9, 4.8, 13.8, 0.1, 0.3, 0.1, 0.1, 7.1, 41.3, 180.2, 259, 0.1, -0.8, 0.1, -0.2, 5.5, 8.4, -8.6, 0, 1.7, 2.66, 0.45, 0, 0, 5.3, 2, 498.4, 0.01, 0, 
5, eco28, 23, 746, 542.9, 10986.2, 5031.1, 275.1, 79.9, 109.5, 106.1, 12.82, 532.4, 22.2, 188.2, 65.9, 2179.2, 544.8, 1488.1, 1186, 18, 7.5, 8.9, 1, 310.7, 423.4, 6529.7, 3722.4, 4.9, 1.1, 7.2, 6.7, 4.4, 14.1, 0.1, 0.2, 0, 0.1, 5.9, 37.4, 149.8, 287.5, 0.1, -0.4, 0.1, -0.1, 4.8, 8.5, -8.5, 0, 1.7, 2.31, 0.47, 0, 0, 3.9, 1.5, 493.9, 0.01, 0, 
5, eco29, 24, 2644, 530.7, 12273.8, 9034.4, 507, 149.7, 207.6, 181.4, 4.95, 655.1, 31.9, 506.5, 177.3, 3744.9, 936.2, 1934.5, 1417.7, 24.1, 18.8, 16.4, 2.1, 315, 458.5, 6938.7, 4561.6, 12.7, 2.8, 12.9, 9.6, 5.9, 16.5, 0.1, 0.5, 0.1, 0.1, 6.3, 43, 207.9, 331.5, 0.2, -1.5, 0.1, -0.1, 6.7, 10.6, -11.8, 0, 1.7, 1.34, 0.17, 0, 0, 7, 2.5, 594.6, 0.01, 0, 
5, eco30, 25, 39, 728, 8458.4, 7080.3, 402.5, 117.2, 154.4, 142, 9.59, 445.8, 30.7, 288.9, 101.1, 3042.8, 760.7, 2045.8, 1621.8, 24.1, 11.1, 11.8, 1.3, 256.7, 297.5, 4777.6, 3126.6, 7.4, 1.6, 10.3, 8.8, 6.1, 18.9, 0.1, 0.3, 0.1, 0.1, 4.4, 25.6, 119.7, 232.7, 0.2, -0.8, 0.1, -0.3, 6.5, 11.3, -11.9, 0, 1.7, 3.23, 0.48, 0, 0, 5.7, 2.1, 392.7, 0.01, 0, 
6, eco1, 0, 32, 269, 7499.2, 8374.9, 432.8, 124.5, 159.9, 178.8, 12.7, 456.7, 22.3, 221.5, 77.5, 3719.1, 929.8, 1123.6, 809.2, 15.1, 9.5, 9.4, 1.1, 176.2, 273.7, 4444.7, 2604.7, 6.2, 1.3, 13.9, 12.1, 3.7, 9.8, 0.1, 0.3, 0.1, 0.1, 3.4, 24.3, 118, 250.9, 0.1, -1, 0.1, -0.2, 4.7, 8.5, -8.8, 0, 1.7, 2.74, 0.41, 0, 0, 6.3, 2.5, 409.8, 0.01, 0, 
6, eco2, 1, 1239, 411, 14586.4, 3440.6, 167.9, 47.8, 57.8, 72.5, 22.52, 499.5, 15, 52.2, 18.3, 1566.8, 391.7, 901, 784.3, 9.5, 2.1, 2.6, 0.3, 398.1, 513.6, 8804.4, 4870.2, 1.6, 0.3, 4.7, 4.8, 2.6, 9.2, 0.1, 0.1, 0, 0, 6.9, 41.3, 160.5, 244.8, 0, -0.2, 0, -0.1, 3.3, 6.8, -6.2, 0, 1.7, 3.41, 0.88, 0, 0, 2.5, 0.8, 476.2, 0.02, 0, 
6, eco3, 2, 689, 829.5, 6683.2, 5943.8, 297.5, 86.2, 110.3, 115, 14.94, 430, 28.4, 194.6, 68.1, 2601.9, 650.5, 1679.1, 1485.4, 13.8, 6.7, 6.4, 0.8, 155, 258.2, 3933.5, 2336.4, 5.2, 1.1, 7.3, 6.9, 4.9, 17.7, 0.1, 0.2, 0, 0, 1.8, 22.3, 108.1, 239.5, 0.1, -0.6, 0.1, -0.2, 3.9, 11, -13.6, 0, 1.7, 3.73, 0.49, 0, 0, 4.2, 1.5, 387, 0.02, 0, 
6, eco4, 3, 23, 462.7, 21284.9, 4854.1, 233.4, 66.9, 82.4, 104, 12.32, 832.6, 17.2, 114.5, 40.1, 2169, 542.3, 1196.7, 1021.9, 12.2, 4, 4.2, 0.5, 535.3, 774.6, 12765.4, 7209.6, 3.2, 0.6, 6, 6.3, 3.5, 12.2, 0.1, 0.1, 0, 0, 9.1, 64.6, 272.5, 442.1, 0.1, -0.4, 0, -0.2, 4, 6.7, -7.8, 0, 1.7, 2.36, 0.38, 0, 0, 3.3, 1.1, 800.9, 0.01, 0, 
6, eco6, 4, 3, 1082.2, 15025.7, 4910.3, 347.8, 102, 127.9, 93.6, 19.24, 620.3, 33.6, 251.6, 88.1, 2059.5, 514.9, 2215.9, 1882.3, 13, 10.5, 7.7, 0.9, 309.5, 606.8, 9379.6, 4729.7, 6.4, 1.4, 6.9, 5.3, 6.6, 21.9, 0.1, 0.3, 0, 0.1, 3.5, 48.1, 233.3, 267.2, 0.1, -0.9, 0.1, -0.1, 5.1, 13.5, -16.2, 0, 1.7, 6.14, 0.88, 0, 0, 4.9, 1.7, 571.8, 0.02, 0, 
6, eco7, 5, 44, 517.7, 11801.6, 5759.1, 324, 94.8, 129.8, 115.1, 13.77, 491.7, 22.6, 255.3, 89.3, 2455.4, 613.9, 1341.8, 1034.8, 11.8, 10.7, 7.6, 1, 301.2, 448.8, 7145.2, 3906.3, 6.5, 1.4, 8.3, 6.6, 4.1, 12.1, 0.1, 0.3, 0, 0.1, 4.9, 35.8, 134.8, 263, 0.1, -1, 0.1, -0.1, 4.5, 10.4, -10.3, 0, 1.7, 5.96, 0.9, 0, 0, 4.5, 1.6, 452.8, 0.01, 0, 
6, eco8, 6, 6, 517.8, 9387.5, 4958.3, 274.9, 80.7, 114.8, 97.2, 17, 335.5, 21.3, 234, 81.9, 2099.1, 524.8, 1239.4, 966.3, 10.2, 10, 7, 0.9, 216, 379.5, 5651.7, 3140.3, 5.9, 1.3, 7.1, 5.4, 3.7, 11.2, 0.1, 0.3, 0, 0.1, 3.4, 30.1, 102.4, 147.6, 0.1, -0.9, 0.1, -0.1, 4, 10.5, -9.5, 0, 1.7, 6.53, 1.14, 0, 0, 3.8, 1.4, 300.8, 0.02, 0, 
6, eco10, 7, 1861, 332.9, 13817.9, 6793.8, 358.9, 103.7, 134.9, 143.2, 10.07, 580.2, 19.7, 223, 78.1, 2974.2, 743.6, 1167.5, 922, 12.8, 8.5, 8.8, 1.1, 310.4, 506.8, 8015.5, 4985.3, 5.9, 1.3, 12.1, 9.7, 3.9, 11.1, 0.1, 0.2, 0, 0.1, 5.5, 42.6, 161.6, 316, 0.1, -0.9, 0.1, -0.2, 4.4, 8.4, -8.4, 0, 1.7, 3.3, 0.54, 0, 0, 5.2, 2.1, 536.2, 0.01, 0, 
6, eco11, 8, 554, 109.2, 15063.1, 7268.5, 382.8, 109.8, 139.3, 160.3, 7.8, 572.3, 15.2, 186.1, 65.1, 3234.9, 808.7, 895, 628.4, 13.3, 7.5, 8.6, 1, 381.4, 509, 8475.7, 5697, 5.1, 1.1, 11, 11, 2.8, 7.8, 0.1, 0.2, 0, 0.1, 8.2, 41.9, 153.7, 321.5, 0.1, -0.8, 0.1, -0.2, 4.1, 5.9, -5.5, 0, 1.7, 2.76, 0.45, 0, 0, 5.5, 2.4, 533.5, 0.01, 0, 
6, eco12, 9, 71, 542.1, 13558.8, 7423.5, 447.2, 130.8, 174.7, 148.2, 7.25, 688, 26.1, 358.8, 125.6, 3134.5, 783.6, 1629.7, 1336.8, 19.9, 11.8, 10.5, 1.8, 283.9, 483.5, 8267.3, 4524.2, 8.6, 1.9, 9.6, 8, 4.8, 15.7, 0.1, 0.3, 0.1, 0.1, 4.3, 41.4, 205.5, 380.3, 0.2, -1, 0.1, -0.3, 5, 10.1, -12.6, 0, 1.7, 2.84, 0.36, 0, 0, 6, 2.1, 639.3, 0.01, 0, 
6, eco14, 10, 1, 511.5, 14327.4, 4906, 278.6, 81.8, 114.8, 95.9, 14.56, 498.9, 20.8, 234.6, 82.1, 2073.8, 518.5, 1305.5, 1173.7, 10.4, 10, 9, 1.1, 334.1, 555.9, 8417.1, 5020.3, 5.9, 1.3, 6.9, 5.3, 3.9, 13.6, 0.1, 0.3, 0, 0.1, 5.5, 44.7, 120.4, 276.3, 0.1, -0.9, 0.1, -0.1, 4.4, 10.4, -9.7, 0, 1.7, 6.04, 1.14, 0, 0, 3.8, 1.4, 461.9, 0.02, 0, 
6, eco16, 11, 3333, 794.8, 9277.7, 5059.8, 292.3, 84.3, 103.9, 103.2, 18.93, 462.8, 27.2, 165, 57.7, 2216.2, 554.1, 1693.6, 1652.5, 13.5, 6, 7.9, 1, 238.9, 312.3, 5500.6, 3226, 4.4, 1, 7.3, 6.9, 5, 19.5, 0.1, 0.2, 0, 0.1, 2.8, 26, 125.7, 244.9, 0.1, -0.6, 0.1, -0.2, 4.2, 11.9, -13.2, 0, 1.7, 3.63, 0.63, 0, 0, 4.1, 1.5, 418.7, 0.02, 0, 
6, eco17, 12, 7434, 1294.1, 10773, 4408.3, 450.1, 130.3, 133.5, 84.3, 8.76, 774.6, 40.2, 198.1, 69.3, 1877.5, 469.4, 2723.7, 2844.4, 19.6, 7.1, 10.4, 1.3, 172.1, 608.3, 5629.4, 4363.2, 5.4, 1.1, 6.6, 5.8, 8.1, 33.7, 0.1, 0.2, 0.1, 0.1, 1.5, 54.5, 198.2, 450.5, 0.1, -0.7, 0.1, -0.1, 4.7, 9.4, -19.5, 0, 1.7, 0, 0, 0, 0, 6.7, 2.1, 713.9, 0.01, 0, 
6, eco18, 13, 2972, 671.5, 5669.8, 7123.2, 402.1, 116.7, 150.6, 145.9, 10.58, 347.9, 29.3, 269.4, 94.3, 3082.4, 770.6, 1673.6, 1531.9, 16.5, 10, 11.5, 1.6, 110.5, 219.2, 3479.7, 1860.3, 7, 1.5, 10.2, 9.2, 5, 18.1, 0.1, 0.3, 0.1, 0.1, 1.5, 20, 95.5, 168.8, 0.1, -1, 0.1, -0.2, 4.3, 11.7, -13.6, 0, 1.7, 2.76, 0.42, 0, 0, 5.7, 2.1, 297, 0.01, 0, 
6, eco19, 14, 2108, 778.6, 9900.5, 8096, 519.9, 152.2, 187.2, 159.6, 8.71, 633.2, 34.8, 409.2, 143.2, 3400.4, 850.1, 2074.8, 1925, 20.7, 14.5, 14.5, 2.1, 193.2, 386.5, 5579.3, 3741.5, 10.4, 2.3, 11.4, 9.2, 6.3, 22.6, 0.1, 0.4, 0.1, 0.1, 2.6, 34.4, 157.6, 367.1, 0.1, -1.3, 0.1, -0.2, 5.4, 13, -16.2, 0, 1.7, 2.58, 0.33, 0, 0, 7.4, 2.3, 571.2, 0.01, 0, 
6, eco20, 15, 39, 356.8, 7502.3, 9367.4, 473.6, 135.7, 167.5, 194.1, 9.35, 359, 25.3, 204.6, 71.6, 4203.2, 1050.8, 1319.2, 1094.1, 18.6, 8.1, 11.1, 1.5, 204, 250.9, 4304.7, 2742.8, 5.6, 1.2, 14.3, 13.6, 4.1, 13.2, 0.1, 0.3, 0.1, 0.1, 3.6, 21.8, 86.2, 185.5, 0.1, -0.9, 0.1, -0.3, 5, 11.4, -11.2, 0, 1.7, 4.22, 0.61, 0, 0, 6.9, 2.5, 307, 0.01, 0, 
6, eco21, 16, 98, 1049.7, 6159.3, 4937.4, 333.7, 97.5, 119.8, 95.3, 17.07, 357.4, 34.1, 238.5, 83.5, 2085, 521.3, 2142.2, 2057.6, 14.9, 8.7, 8.4, 1.2, 131.9, 227.2, 3834.7, 1965.6, 6, 1.3, 6, 5.4, 6.2, 23.5, 0.1, 0.3, 0, 0.1, 1.4, 19.8, 91.2, 179.2, 0.1, -0.8, 0.1, -0.2, 4, 15.2, -17.4, 0, 1.7, 5.48, 0.76, 0, 0, 4.6, 1.3, 309, 0.02, 0, 
6, eco22, 17, 695, 1459.2, 15230.4, 2385.8, 238.7, 70.1, 73.3, 42.7, 23.11, 913.7, 37.3, 154.1, 53.9, 969.2, 242.3, 2671.8, 2733, 12.1, 5.3, 6, 0.8, 353.8, 594.6, 8771.3, 5510.7, 3.9, 0.8, 3.9, 2.8, 7.9, 31.5, 0.1, 0.2, 0, 0, 2.8, 48.8, 235.2, 552.7, 0.1, -0.5, 0, -0.1, 4.4, 14.7, -19.3, 0, 1.7, 3.66, 0.62, 0, 0, 3.5, 1.1, 862.9, 0.03, 0, 
6, eco23, 18, 688, 741.4, 6961.5, 6565.2, 387.9, 113.7, 152.1, 131.5, 12.54, 420.2, 29.8, 321.2, 112.4, 2768.6, 692.1, 1798.7, 1604, 16.3, 11.3, 10.9, 1.7, 162.2, 253.2, 4296.8, 2249.3, 7.9, 1.7, 9.2, 7.6, 5.4, 18.4, 0.1, 0.3, 0.1, 0.1, 2.1, 22.2, 108.8, 223.7, 0.1, -1, 0.1, -0.2, 4.4, 12.5, -14.2, 0, 1.7, 3.51, 0.56, 0, 0, 5.2, 1.9, 369.9, 0.01, 0, 
6, eco24, 19, 567, 994.9, 8136.3, 6375.2, 466, 136.5, 161.6, 124.3, 12.09, 500.7, 37, 344.1, 120.4, 2656.6, 664.1, 2330.3, 2175.4, 19.1, 11.4, 11.4, 1.8, 205.6, 322.9, 4635.9, 2972, 8.5, 1.9, 8.5, 7.3, 6.9, 24.9, 0.1, 0.3, 0.1, 0.1, 2.3, 28.7, 134.7, 264.4, 0.1, -1, 0.1, -0.2, 4.9, 13.5, -17.7, 0, 1.7, 3.25, 0.41, 0, 0, 6.3, 2.1, 442.7, 0.01, 0, 
6, eco25, 20, 12, 804.5, 23131.8, 3656.3, 238.9, 70.7, 99.1, 69.9, 13.3, 1089.3, 23.5, 233, 81.6, 1487.4, 371.8, 1831.3, 1746.7, 10, 9.1, 8, 1.1, 502.7, 832.9, 13780.4, 8015.9, 5.8, 1.3, 4.6, 3.5, 5.4, 19.6, 0.1, 0.2, 0, 0.1, 7, 69.4, 327.7, 631.4, 0.1, -0.8, 0.1, -0.1, 4.9, 8.8, -12, 0, 1.7, 2.05, 0.38, 0, 0, 3.3, 1.2, 1049.3, 0.01, 0, 
6, eco26, 21, 860, 361, 11823.3, 7627.6, 389.1, 112.1, 141.3, 159.1, 12.2, 405.6, 21.5, 233.7, 81.8, 3355.6, 838.9, 1247.6, 975.7, 16.8, 8.1, 8, 1.1, 285.8, 418.5, 7092.7, 4026.3, 6.2, 1.3, 10.1, 10.1, 3.7, 11.6, 0.1, 0.3, 0, 0.1, 5, 34.1, 119.6, 191.2, 0.1, -0.8, 0.1, -0.3, 4.6, 9.9, -9.4, 0, 1.7, 4.76, 0.81, 0, 0, 5.4, 1.9, 362.6, 0.01, 0, 
6, eco27, 22, 878, 325.6, 14307.9, 7291.4, 386.7, 112.1, 148.3, 150.4, 11.44, 546.1, 20.4, 260.9, 91.3, 3170.8, 792.7, 1230.2, 953.3, 15, 10.1, 9.2, 1.2, 321.5, 499.3, 8651, 4836.1, 6.8, 1.5, 10.9, 9.3, 3.8, 11.1, 0.1, 0.3, 0, 0.1, 6.1, 41.9, 183.6, 259.2, 0.1, -1, 0.1, -0.2, 4.7, 8.1, -8.8, 0, 1.7, 2.87, 0.5, 0, 0, 5.3, 2, 502.7, 0.01, 0, 
6, eco28, 23, 746, 423.6, 11096.5, 5175.5, 280.3, 81.4, 108.8, 109.4, 14.91, 533.7, 19.2, 195.1, 68.3, 2240.4, 560.1, 1126.4, 940.4, 12.3, 7.6, 7.3, 1, 293.1, 445, 6634.9, 3723.5, 5.1, 1.1, 7.4, 6.9, 3.4, 11.2, 0.1, 0.2, 0, 0.1, 4.8, 37.9, 152.9, 287.8, 0.1, -0.7, 0, -0.1, 3.9, 8, -8.7, 0, 1.7, 2.51, 0.54, 0, 0, 3.9, 1.5, 498.6, 0.02, 0, 
6, eco29, 24, 2644, 406.5, 12386.7, 9291.1, 515, 151.9, 214.5, 186.4, 4.24, 656.8, 28.8, 526.1, 184.1, 3845.5, 961.4, 1540.4, 1151.8, 19.5, 19.3, 15.3, 2.2, 295.7, 474.9, 7050.6, 4565.6, 13.2, 2.9, 13.3, 9.9, 4.8, 13.4, 0.1, 0.5, 0.1, 0.1, 5.5, 43.5, 212.9, 332.2, 0.2, -1.7, 0.1, 0, 5.7, 10, -12, 0, 1.7, 1.43, 0.17, 0, 0, 7.1, 2.5, 599.3, 0.01, 0, 
6, eco30, 25, 39, 576.5, 8572.5, 7312.8, 406.8, 118.5, 156.6, 146.6, 10.18, 447.1, 26.9, 302.2, 105.8, 3139.2, 784.8, 1560.3, 1292.3, 16.1, 11.3, 10, 1.4, 227.5, 305.9, 4909.9, 3129.1, 7.8, 1.7, 10.7, 9, 4.7, 15.1, 0.1, 0.3, 0.1, 0.1, 3.5, 26.2, 124.5, 233.2, 0.1, -1.1, 0.1, -0.2, 4.9, 10.6, -12.3, 0, 1.7, 3.51, 0.53, 0, 0, 5.7, 2.1, 398.1, 0.01, 0, 
7, eco1, 0, 32, 189.5, 7526.2, 8588.4, 439.1, 126.3, 162.7, 183.6, 12.56, 458.3, 21.9, 226.1, 79.1, 3815.3, 953.8, 935.3, 662.4, 14.6, 9.7, 9.4, 1.1, 154.6, 270.3, 4494.9, 2606.3, 6.3, 1.3, 14.3, 12.4, 3.1, 8.1, 0.1, 0.3, 0.1, 0.1, 3.2, 24.6, 120.7, 251.2, 0.1, -1, 0.1, -0.2, 4.3, 8.7, -8.8, 0, 1.7, 2.74, 0.41, 0, 0, 6.4, 2.5, 412.8, 0.01, 0, 
7, eco2, 1, 1239, 322.6, 14616, 3530.1, 170.7, 48.6, 58.8, 74.5, 25.2, 500.3, 13.9, 54, 18.9, 1607.4, 401.9, 675.6, 608.6, 8.1, 2.2, 2.6, 0.3, 357.7, 520.9, 8867.7, 4869.7, 1.7, 0.3, 4.8, 4.9, 2, 7.2, 0, 0.1, 0, 0, 5.8, 41.4, 162, 244.8, 0, -0.2, 0, -0.1, 2.7, 6.6, -6.2, 0, 1.7, 3.49, 0.98, 0, 0, 2.6, 0.8, 479.4, 0.03, 0, 
7, eco3, 2, 689, 652.5, 6670.7, 6099.7, 300.9, 87.2, 113.6, 118.2, 15.81, 431.2, 27.6, 202, 70.7, 2667.5, 666.9, 1266, 1169.4, 12.2, 6.9, 6.3, 0.9, 120.9, 246.5, 3963.1, 2340.2, 5.3, 1.1, 7.4, 7.1, 3.7, 13.9, 0.1, 0.2, 0, 0, 1.6, 22.6, 112.1, 240.2, 0.1, -0.7, 0.1, -0.2, 3.3, 12, -13.5, 0, 1.7, 3.6, 0.51, 0, 0, 4.2, 1.5, 392.6, 0.02, 0, 
7, eco4, 3, 23, 367.6, 21350.4, 4973.1, 240.2, 68.8, 86.5, 106.9, 13.89, 834, 16.2, 118.6, 41.5, 2221.1, 555.3, 917.2, 808.1, 11, 4.2, 4.1, 0.5, 492, 789.9, 12858.9, 7209.6, 3.3, 0.7, 6.1, 6.4, 2.6, 9.6, 0.1, 0.1, 0, 0, 8, 65, 275.9, 442.2, 0.1, -0.4, 0, -0.2, 3.5, 6.6, -7.8, 0, 1.7, 2.44, 0.42, 0, 0, 3.4, 1.1, 805.3, 0.02, 0, 
7, eco6, 4, 3, 858, 15046.4, 5153, 347.4, 101.8, 135.2, 98.1, 19.5, 621, 31.8, 266.2, 93.2, 2159, 539.7, 1637.2, 1432.7, 11.4, 11.2, 8, 1, 245.5, 593.1, 9476, 4731.9, 6.8, 1.4, 7.2, 5.6, 4.9, 16.7, 0.1, 0.3, 0, 0.1, 3, 48.5, 239.2, 267.7, 0.1, -1, 0.1, -0.1, 4, 13.8, -16.3, 0, 1.7, 6.14, 0.91, 0, 0, 4.8, 1.7, 578.4, 0.02, 0, 
7, eco7, 5, 44, 405.8, 11820.6, 5930.2, 327.4, 95.8, 133.4, 118.6, 15.24, 492.5, 21.4, 263.6, 92.3, 2526.9, 631.7, 1046.9, 804, 11.3, 11.1, 7.7, 1, 259.4, 446.7, 7208.3, 3906.2, 6.7, 1.4, 8.6, 6.9, 3.2, 9.4, 0.1, 0.3, 0, 0.1, 4.3, 36.1, 137.2, 263.1, 0.1, -1, 0.1, -0.1, 3.8, 10.4, -10.4, 0, 1.7, 6.06, 0.98, 0, 0, 4.5, 1.6, 456.4, 0.02, 0, 
7, eco8, 6, 6, 409.8, 9393.4, 5082.7, 274.8, 80.6, 116.4, 99.8, 19.2, 335.9, 20, 237.1, 83, 2154.8, 538.7, 961.2, 749.1, 9.5, 10.1, 7, 0.9, 180.1, 375.5, 5697.6, 3140.2, 6, 1.3, 7.3, 5.6, 2.9, 8.7, 0.1, 0.3, 0, 0.1, 2.9, 30.1, 103.8, 147.7, 0.1, -0.9, 0.1, -0.1, 3.3, 10.5, -9.6, 0, 1.7, 6.61, 1.25, 0, 0, 3.8, 1.4, 304.1, 0.02, 0, 
7, eco10, 7, 1861, 251.1, 13866.7, 6977.2, 364.1, 105.2, 138.4, 147.2, 10.76, 581.5, 18.9, 229.4, 80.3, 3054.1, 763.5, 940.2, 747.7, 12.3, 8.8, 8.9, 1.1, 277.1, 513.2, 8091, 4985.4, 6.1, 1.3, 12.4, 10, 3.3, 9.1, 0.1, 0.3, 0, 0.1, 5, 43, 164.1, 316.1, 0.1, -0.9, 0.1, -0.2, 3.8, 8.4, -8.5, 0, 1.7, 3.38, 0.57, 0, 0, 5.3, 2.2, 539.4, 0.01, 0, 
7, eco11, 8, 554, 57.9, 15141.8, 7470.4, 390.3, 112, 142.8, 164.4, 8.15, 573.7, 14.8, 191.2, 66.9, 3324.7, 831.2, 758.5, 521.7, 13, 7.7, 8.6, 1.1, 361.3, 518.9, 8565.2, 5696.3, 5.3, 1.1, 11.3, 11.3, 2.4, 6.5, 0.1, 0.2, 0, 0.1, 7.7, 42.4, 155.5, 321.5, 0.1, -0.9, 0.1, -0.1, 3.8, 5.9, -5.5, 0, 1.7, 2.84, 0.48, 0, 0, 5.6, 2.4, 535.8, 0.01, 0, 
7, eco12, 9, 71, 413.5, 13602.9, 7689.3, 452.2, 132.2, 182, 154.2, 6.15, 689.5, 25.5, 371.7, 130.1, 3246.8, 811.7, 1286.2, 1073.4, 19.6, 12.3, 10.7, 1.9, 241.2, 481.1, 8354, 4526.6, 9, 2, 10, 8.3, 3.8, 12.6, 0.1, 0.4, 0.1, 0.1, 3.9, 41.8, 210.6, 380.8, 0.1, -1.1, 0.1, -0.3, 4.4, 10.5, -12.6, 0, 1.7, 2.87, 0.35, 0, 0, 6, 2.2, 643.9, 0.01, 0, 
7, eco14, 10, 1, 414.3, 14353.5, 5039, 277.4, 81.4, 116.7, 98.6, 16.86, 499.3, 19.6, 238.7, 83.6, 2131.8, 532.9, 1006, 949.4, 9.6, 10.2, 8.9, 1.1, 289.1, 563.7, 8480.6, 5020, 6, 1.3, 7.1, 5.5, 3.1, 11, 0.1, 0.3, 0, 0.1, 4.7, 45, 121.9, 276.4, 0.1, -0.9, 0.1, -0.1, 3.6, 10.4, -9.7, 0, 1.7, 6.17, 1.29, 0, 0, 3.8, 1.4, 465.3, 0.02, 0, 
7, eco16, 11, 3333, 634.2, 9277.9, 5241.6, 295.4, 85.2, 107.5, 107, 20.27, 464, 26, 172.6, 60.4, 2293.9, 573.5, 1269, 1339.4, 11.5, 6.3, 7.6, 1.1, 190.8, 303.1, 5555.5, 3228.6, 4.6, 1, 7.5, 7.2, 3.8, 15.8, 0.1, 0.2, 0, 0.1, 2.4, 26.3, 129.4, 245.4, 0.1, -0.6, 0, -0.2, 3.3, 12.4, -13.3, 0, 1.7, 3.57, 0.67, 0, 0, 4.1, 1.5, 424.1, 0.02, 0, 
7, eco17, 12, 7434, 1020.6, 10808.9, 4871.7, 447.5, 129.5, 147.6, 93.3, 6.51, 776.6, 44.1, 230.7, 80.7, 2062.7, 515.7, 1967.2, 2285.5, 16, 8.3, 10.4, 1.5, 129.6, 600.1, 5700.4, 4378.8, 6.2, 1.3, 7.3, 6.4, 5.9, 27.1, 0.1, 0.3, 0.1, 0.1, 1.5, 55.8, 205.1, 453.1, 0.1, -0.8, 0.1, 0, 4.2, 14.3, -19.4, 0, 1.7, 0, 0, 0, 0, 6.5, 2.3, 722.4, 0.01, 0, 
7, eco18, 13, 2972, 519.9, 5671.4, 7350.5, 407, 118.2, 156, 150.7, 10.8, 349.2, 29.2, 280.3, 98.1, 3178.6, 794.6, 1300.2, 1255.6, 15.5, 10.4, 11.4, 1.7, 89.2, 211.8, 3505.8, 1864.5, 7.2, 1.6, 10.5, 9.5, 3.9, 14.8, 0.1, 0.3, 0.1, 0.1, 1.4, 20.3, 99.1, 169.5, 0.1, -1, 0.1, -0.2, 3.9, 12.7, -13.5, 0, 1.7, 2.69, 0.42, 0, 0, 5.7, 2.1, 301.7, 0.01, 0, 
7, eco19, 14, 2108, 606.3, 9915.2, 8434.3, 519.7, 152.2, 198, 166.3, 7.7, 634.6, 35, 435.4, 152.4, 3533.3, 883.3, 1603.2, 1576, 19.5, 15.4, 14.7, 2.2, 156.7, 378.2, 5632.2, 3748.1, 11, 2.4, 11.8, 9.6, 4.9, 18.5, 0.1, 0.4, 0.1, 0.1, 2.5, 34.8, 162.4, 368.3, 0.1, -1.4, 0.1, -0.2, 4.9, 14.4, -16.2, 0, 1.7, 2.55, 0.32, 0, 0, 7.3, 2.4, 576.5, 0.01, 0, 
7, eco20, 15, 39, 263.1, 7522, 9606.3, 477.3, 136.7, 170, 199.6, 9.51, 360, 24.7, 210.8, 73.8, 4309.5, 1077.4, 1078.8, 913.5, 17.7, 8.4, 10.9, 1.5, 176.1, 246.8, 4355, 2744.1, 5.8, 1.2, 14.7, 13.9, 3.4, 11.1, 0.1, 0.3, 0.1, 0.1, 3.3, 22.1, 88.8, 185.8, 0.1, -1, 0.1, -0.3, 4.5, 11.7, -11.3, 0, 1.7, 4.21, 0.63, 0, 0, 6.9, 2.5, 310, 0.01, 0, 
7, eco21, 16, 98, 830.2, 6143, 5181.5, 337.3, 98.5, 127.5, 99.8, 18.71, 358.3, 33.6, 254.7, 89.1, 2183.7, 545.9, 1592.4, 1650.6, 13, 9.3, 8.6, 1.3, 101.7, 215.9, 3855.5, 1970, 6.4, 1.4, 6.3, 5.7, 4.7, 18.8, 0.1, 0.3, 0, 0.1, 1.3, 20, 94.8, 180, 0.1, -0.8, 0.1, -0.2, 3.4, 16.7, -17.4, 0, 1.7, 5.2, 0.8, 0, 0, 4.6, 1.4, 315.2, 0.02, 0, 
7, eco22, 17, 695, 1186.6, 15227.3, 2630.2, 241.8, 71, 84.1, 46.9, 23.48, 914.8, 35.4, 177.5, 62.1, 1060.9, 265.2, 1909, 2170.3, 8.6, 6.3, 6.1, 0.9, 271.7, 580.5, 8857.2, 5517.9, 4.4, 1, 4.3, 3, 5.7, 25, 0, 0.2, 0, 0.1, 2.2, 49.3, 242.1, 554, 0.1, -0.6, 0, -0.1, 3, 15.3, -19.4, 0, 1.7, 3.64, 0.63, 0, 0, 3.5, 1.2, 871.4, 0.03, 0, 
7, eco23, 18, 688, 581, 6962, 6786, 392.2, 114.9, 158.1, 135.8, 13.07, 421.4, 29.2, 333.7, 116.8, 2859.9, 715, 1391.8, 1301.9, 15.7, 11.7, 11, 1.8, 130.7, 244, 4334.2, 2253.1, 8.2, 1.8, 9.5, 7.8, 4.3, 15, 0.1, 0.3, 0.1, 0.1, 2, 22.4, 112.5, 224.4, 0.1, -1.1, 0.1, -0.2, 3.8, 13.4, -14.3, 0, 1.7, 3.42, 0.57, 0, 0, 5.2, 1.9, 374.9, 0.01, 0, 
7, eco24, 19, 567, 781.3, 8137.5, 6741.4, 471, 138, 175.2, 131, 11.46, 502.2, 36.9, 373.9, 130.9, 2798.9, 699.7, 1759.2, 1751.6, 18.2, 12.3, 11.8, 2, 163, 311.7, 4683.6, 2979.2, 9.2, 2, 8.9, 7.6, 5.3, 20.1, 0.1, 0.4, 0.1, 0.1, 2.2, 29.2, 140.1, 265.6, 0.1, -1.1, 0.1, -0.3, 4.3, 15.3, -17.6, 0, 1.7, 3.17, 0.41, 0, 0, 6.3, 2.2, 449.1, 0.01, 0, 
7, eco25, 20, 12, 653.3, 23205, 3829.2, 247.1, 73, 105.4, 73, 13.52, 1090.8, 22, 245.5, 85.9, 1556.8, 389.2, 1362, 1401.2, 9, 9.5, 8.1, 1.2, 437.1, 846.4, 13903.5, 8017.9, 6.1, 1.3, 4.9, 3.7, 4, 15.7, 0, 0.2, 0, 0.1, 5.7, 69.9, 333.6, 631.9, 0.1, -0.8, 0.1, -0.1, 3.8, 8.6, -12.1, 0, 1.7, 2.12, 0.4, 0, 0, 3.4, 1.2, 1055.2, 0.02, 0, 
7, eco26, 21, 860, 273.8, 11863.2, 7817.6, 392.7, 113.1, 144.5, 163.4, 13.23, 406.6, 20.6, 240.8, 84.3, 3438.2, 859.5, 1007.7, 791.2, 15.9, 8.3, 8, 1.2, 251.5, 420.3, 7164.8, 4026.4, 6.3, 1.3, 10.4, 10.3, 3, 9.4, 0.1, 0.3, 0, 0.1, 4.6, 34.4, 121.7, 191.3, 0.1, -0.8, 0.1, -0.3, 4, 9.9, -9.5, 0, 1.7, 4.87, 0.88, 0, 0, 5.4, 1.9, 365.7, 0.01, 0, 
7, eco27, 22, 878, 243.6, 14366.4, 7488.9, 391.7, 113.6, 152.2, 154.8, 11.68, 547.6, 19.7, 268, 93.8, 3256, 814, 997.5, 774.9, 14.4, 10.4, 9.2, 1.2, 288.6, 504.7, 8736.6, 4836.6, 7, 1.5, 11.2, 9.5, 3.2, 9.1, 0.1, 0.3, 0.1, 0.1, 5.6, 42.3, 186.7, 259.4, 0.1, -1, 0.1, -0.1, 4.2, 8.2, -8.9, 0, 1.7, 2.94, 0.52, 0, 0, 5.4, 2, 506.2, 0.01, 0, 
7, eco28, 23, 746, 332.4, 11120.2, 5313.4, 283.9, 82.5, 111.5, 112.8, 15.86, 535, 18.3, 200.6, 70.2, 2299.8, 574.9, 881.7, 752.4, 11.4, 7.8, 7.3, 1, 255.7, 446.9, 6692.9, 3724.6, 5.2, 1.1, 7.6, 7.1, 2.7, 9, 0.1, 0.2, 0, 0.1, 4.2, 38.1, 155.7, 288, 0.1, -0.7, 0, -0.1, 3.3, 8, -8.7, 0, 1.7, 2.55, 0.57, 0, 0, 3.9, 1.5, 502.3, 0.02, 0, 
7, eco29, 24, 2644, 311.2, 12414.1, 9527.4, 517.6, 152.7, 220.8, 191.3, 3.91, 658.4, 29.4, 540.4, 189.1, 3942.7, 985.7, 1272.1, 946.5, 19.3, 19.9, 15.5, 2.3, 261.8, 472.9, 7109.7, 4569.6, 13.5, 3, 13.7, 10.2, 4, 10.9, 0.1, 0.5, 0.1, 0.1, 5.3, 43.9, 216.1, 333, 0.2, -1.8, 0.1, 0.1, 5.2, 11.3, -12, 0, 1.7, 1.44, 0.17, 0, 0, 7, 2.6, 603, 0, 0, 
7, eco30, 25, 39, 445.8, 8586.2, 7537.6, 411.8, 119.9, 161.4, 151.3, 9.9, 448.3, 26.2, 313.1, 109.6, 3234.2, 808.6, 1227.1, 1038, 15.4, 11.6, 10.1, 1.4, 190.4, 298, 4966.2, 3131.6, 8, 1.7, 11, 9.3, 3.8, 12.1, 0.1, 0.3, 0.1, 0.1, 3.2, 26.5, 128.5, 233.7, 0.1, -1.1, 0.1, -0.2, 4.2, 11.1, -12.3, 0, 1.7, 3.47, 0.54, 0, 0, 5.8, 2.1, 402.3, 0.01, 0, 
8, eco1, 0, 32, 127.7, 7520.1, 8793.5, 443.4, 127.5, 164.5, 188.3, 12.39, 459.9, 21.9, 229.8, 80.4, 3907.5, 976.9, 809.2, 550.5, 14.7, 9.9, 9.5, 1.1, 137.7, 262.9, 4511.5, 2607.9, 6.4, 1.3, 14.6, 12.7, 2.8, 6.8, 0.1, 0.3, 0.1, 0.1, 3.2, 24.7, 122.9, 251.6, 0.1, -1, 0.1, -0.2, 4.1, 9.1, -8.8, 0, 1.7, 2.67, 0.41, 0, 0, 6.5, 2.5, 415.2, 0.01, 0, 
8, eco2, 1, 1239, 252.2, 14594.6, 3621.9, 174.1, 49.5, 60.2, 76.6, 27.02, 501, 13.1, 55.8, 19.5, 1648.4, 412.1, 525.7, 477.7, 7.9, 2.2, 2.6, 0.3, 311.4, 516, 8897.9, 4869.3, 1.7, 0.3, 4.9, 5, 1.6, 5.7, 0, 0.1, 0, 0, 5.1, 41.4, 163.2, 244.9, 0, -0.2, 0, -0.1, 2.3, 6.6, -6.2, 0, 1.7, 3.47, 1.04, 0, 0, 2.6, 0.9, 481.8, 0.03, 0, 
8, eco3, 2, 689, 515.5, 6591.8, 6246.5, 304, 88.1, 116.2, 121.3, 17.31, 432.4, 27.6, 207.7, 72.7, 2731.5, 682.9, 984.5, 927.2, 12.1, 7.1, 6.4, 0.9, 96.7, 232.1, 3919.2, 2343.9, 5.5, 1.2, 7.6, 7.3, 2.8, 11, 0.1, 0.2, 0, 0, 1.5, 22.4, 114.5, 240.8, 0.1, -0.7, 0.1, -0.2, 3.1, 13, -13, 0, 1.7, 3.39, 0.53, 0, 0, 4.2, 1.5, 397, 0.02, 0, 
8, eco4, 3, 23, 293.9, 21351.3, 5075.4, 241.9, 69.3, 86.6, 109.5, 14.63, 835.3, 15.5, 120.8, 42.3, 2267.4, 566.8, 726.5, 644.4, 10.7, 4.3, 4.1, 0.5, 436.8, 789.6, 12915.5, 7209.5, 3.3, 0.7, 6.3, 6.6, 2.1, 7.7, 0.1, 0.1, 0, 0, 7.2, 65.3, 279, 442.4, 0.1, -0.4, 0, -0.2, 3.1, 6.6, -7.9, 0, 1.7, 2.45, 0.44, 0, 0, 3.4, 1.1, 808.7, 0.02, 0, 
8, eco6, 4, 3, 668.9, 14963.4, 5408, 355.7, 104.3, 142.2, 102.8, 19.46, 622, 31, 282.2, 98.8, 2262.8, 565.7, 1239.4, 1097.7, 11.8, 11.9, 8.4, 1, 194.6, 563.5, 9471.4, 4733.9, 7.2, 1.5, 7.6, 5.9, 3.8, 12.8, 0.1, 0.3, 0, 0.1, 2.8, 48.6, 243.8, 268.1, 0.1, -1.1, 0.1, -0.1, 3.7, 14.6, -16.2, 0, 1.7, 5.88, 0.91, 0, 0, 4.9, 1.8, 583.2, 0.02, 0, 
8, eco7, 5, 44, 313.4, 11783.7, 6094.5, 331.3, 96.9, 137.7, 122, 16.1, 493.3, 20.9, 268.8, 94.1, 2599.1, 649.8, 845.7, 632.2, 11.6, 11.4, 7.9, 1, 220.9, 432.9, 7223.9, 3906.1, 6.8, 1.4, 8.8, 7.1, 2.6, 7.4, 0.1, 0.3, 0, 0.1, 4.1, 36.1, 139.2, 263.2, 0.1, -1, 0.1, -0.1, 3.5, 10.6, -10.4, 0, 1.7, 5.93, 1.02, 0, 0, 4.5, 1.7, 459.1, 0.02, 0, 
8, eco8, 6, 6, 316.4, 9350.5, 5225.2, 281.4, 82.5, 121.5, 102.6, 20.72, 336.4, 19.5, 239.9, 84, 2219.1, 554.8, 770.7, 587.3, 9.9, 10.3, 7.2, 0.9, 150.6, 361.6, 5698.2, 3140, 6.1, 1.3, 7.6, 5.8, 2.4, 6.8, 0.1, 0.3, 0, 0.1, 2.8, 30.1, 104.8, 147.8, 0.1, -0.9, 0.1, -0.1, 3, 10.6, -9.6, 0, 1.7, 6.43, 1.32, 0, 0, 3.8, 1.5, 306.5, 0.02, 0, 
8, eco10, 7, 1861, 182.6, 13871.5, 7159.2, 370, 106.9, 141.7, 151.1, 10.89, 582.8, 18.5, 234.8, 82.2, 3134.1, 783.5, 786.3, 613.4, 12.5, 9, 9, 1.2, 244.3, 508.8, 8132.8, 4985.5, 6.2, 1.3, 12.7, 10.3, 2.8, 7.5, 0.1, 0.3, 0, 0.1, 4.8, 43.3, 166.3, 316.2, 0.1, -0.9, 0.1, -0.2, 3.6, 8.5, -8.5, 0, 1.7, 3.38, 0.59, 0, 0, 5.3, 2.2, 541.9, 0.01, 0, 
8, eco11, 8, 554, 16, 15190.9, 7673.7, 397.5, 114, 146.3, 168.4, 8.13, 575.2, 14.7, 195.9, 68.6, 3415.4, 853.9, 667.9, 440, 13.2, 7.9, 8.8, 1.1, 337.5, 521.3, 8636.4, 5695.6, 5.4, 1.2, 11.7, 11.6, 2.1, 5.6, 0.1, 0.2, 0, 0.1, 7.5, 42.8, 157.1, 321.6, 0.1, -0.9, 0.1, -0.1, 3.6, 6, -5.6, 0, 1.7, 2.87, 0.48, 0, 0, 5.7, 2.5, 537.6, 0.01, 0, 
8, eco12, 9, 71, 308, 13586.7, 7947.1, 458.3, 133.9, 187.6, 159.8, 5.57, 691.1, 26.1, 381.3, 133.5, 3358.5, 839.6, 1054.3, 870.5, 20.1, 12.6, 11, 1.9, 205.1, 468.3, 8384.3, 4529, 9.2, 2, 10.4, 8.7, 3.1, 10.2, 0.1, 0.4, 0.1, 0.1, 3.8, 41.9, 214.3, 381.3, 0.2, -1.1, 0.1, -0.2, 4.1, 11.6, -12.6, 0, 1.7, 2.81, 0.34, 0, 0, 6.1, 2.2, 647.5, 0.01, 0, 
8, eco14, 10, 1, 332.8, 14322.6, 5162, 277.3, 81.4, 118.1, 101.1, 18.32, 499.6, 18.9, 241.5, 84.5, 2187.1, 546.8, 800.6, 773.7, 9.7, 10.3, 8.9, 1.1, 244.7, 557.9, 8500.2, 5019.8, 6.1, 1.3, 7.3, 5.6, 2.5, 8.9, 0.1, 0.3, 0, 0.1, 4.3, 45.1, 123.2, 276.5, 0.1, -0.9, 0.1, -0.1, 3.2, 10.5, -9.8, 0, 1.7, 6.16, 1.38, 0, 0, 3.8, 1.4, 467.8, 0.02, 0, 
8, eco16, 11, 3333, 503.6, 9212.5, 5416.3, 298.8, 86.2, 110.4, 110.7, 21.5, 465.2, 25.5, 178.6, 62.5, 2370, 592.5, 978, 1091, 11.4, 6.5, 7.7, 1.1, 152.5, 288.8, 5540.1, 3231.1, 4.8, 1, 7.8, 7.4, 3, 12.9, 0.1, 0.2, 0, 0.1, 2.2, 26.3, 132.1, 245.8, 0.1, -0.7, 0, -0.2, 3, 13, -13.2, 0, 1.7, 3.42, 0.7, 0, 0, 4.1, 1.6, 428.3, 0.02, 0, 
8, eco17, 12, 7434, 792.2, 10720, 5322.4, 463.6, 134.1, 160.5, 102.1, 6.58, 778.6, 46.4, 256.5, 89.8, 2248.8, 562.2, 1451.6, 1842.5, 16.3, 9.2, 11.1, 1.6, 100.6, 577.7, 5647.7, 4394, 6.8, 1.5, 7.9, 6.9, 4.4, 21.9, 0.1, 0.3, 0.1, 0.1, 1.5, 56, 208.8, 455.7, 0.1, -0.9, 0.1, 0, 4.1, 17.1, -18.7, 0, 1.7, 0, 0, 0, 0, 6.7, 2.4, 729.1, 0.01, 0, 
8, eco18, 13, 2972, 403.6, 5616.7, 7570.1, 412.3, 119.7, 160.4, 155.4, 11.71, 350.6, 29.4, 288.8, 101.1, 3273.3, 818.3, 1045.6, 1036.7, 15.7, 10.7, 11.6, 1.7, 74.7, 202.4, 3471.1, 1868.5, 7.4, 1.6, 10.8, 9.8, 3.2, 12.3, 0.1, 0.3, 0.1, 0.1, 1.4, 20.2, 101.4, 170.2, 0.1, -1, 0.1, -0.2, 3.8, 13.6, -13.1, 0, 1.7, 2.57, 0.44, 0, 0, 5.8, 2.2, 305.5, 0.01, 0, 
8, eco19, 14, 2108, 471.1, 9856.9, 8745.3, 521.1, 152.6, 205.8, 172.6, 7.78, 636, 35.6, 454.6, 159.1, 3660.4, 915.1, 1282.7, 1299.5, 19.9, 16.1, 15.2, 2.3, 130.7, 363.9, 5607.9, 3754.5, 11.5, 2.5, 12.2, 10, 4, 15.2, 0.1, 0.4, 0.1, 0.1, 2.5, 34.8, 165.4, 369.4, 0.1, -1.5, 0.1, -0.1, 4.8, 15.8, -15.9, 0, 1.7, 2.47, 0.31, 0, 0, 7.2, 2.5, 580.7, 0.01, 0, 
8, eco20, 15, 39, 186.1, 7504.4, 9844.5, 482.5, 138.3, 173.1, 205, 9.56, 361.1, 24.5, 216.7, 75.8, 4414.7, 1103.7, 917.5, 770.8, 17.9, 8.5, 11, 1.6, 154.4, 239.2, 4365.4, 2745.4, 5.9, 1.2, 15, 14.2, 2.9, 9.4, 0.1, 0.3, 0.1, 0.1, 3.3, 22.2, 90.8, 186, 0.1, -1, 0.1, -0.3, 4.4, 12.1, -11.3, 0, 1.7, 4.1, 0.63, 0, 0, 7, 2.5, 312.4, 0.01, 0, 
8, eco21, 16, 98, 659.3, 6047.3, 5413.5, 341.5, 99.7, 133.3, 104.3, 21.02, 359.3, 33.2, 267, 93.5, 2280.6, 570.2, 1212.4, 1330.1, 13.3, 9.8, 8.9, 1.4, 80.8, 202.6, 3789.7, 1974.2, 6.7, 1.4, 6.5, 5.9, 3.5, 15.2, 0.1, 0.3, 0, 0.1, 1.2, 19.8, 96.8, 180.7, 0.1, -0.9, 0.1, -0.2, 3.3, 17.6, -16.8, 0, 1.7, 4.88, 0.84, 0, 0, 4.6, 1.5, 320, 0.02, 0, 
8, eco22, 17, 695, 964, 15101.3, 2855.4, 244.7, 71.9, 92, 51.1, 24.02, 915.9, 34.6, 194.1, 67.9, 1150, 287.5, 1380.9, 1726.8, 8.9, 7, 6.6, 1, 205.5, 552.5, 8818.5, 5524.9, 4.8, 1, 4.6, 3.3, 4.2, 19.9, 0, 0.2, 0, 0.1, 2, 49.3, 247.1, 555.3, 0.1, -0.6, 0, -0.1, 2.6, 16.5, -19, 0, 1.7, 3.49, 0.64, 0, 0, 3.5, 1.2, 878.1, 0.03, 0, 
8, eco23, 18, 688, 455.6, 6901.6, 6996.3, 396.3, 116.1, 162.6, 139.9, 14.05, 422.7, 29.1, 343.2, 120.1, 2949.2, 737.3, 1112.2, 1064.2, 16.1, 12, 11.2, 1.8, 108.2, 232.3, 4304.2, 2256.8, 8.4, 1.8, 9.7, 8.1, 3.4, 12.2, 0.1, 0.3, 0.1, 0.1, 1.9, 22.4, 114.9, 225.1, 0.1, -1.1, 0.1, -0.2, 3.7, 14.2, -13.9, 0, 1.7, 3.26, 0.59, 0, 0, 5.2, 2, 378.9, 0.02, 0, 
8, eco24, 19, 567, 612.3, 8052.5, 7081.2, 476.1, 139.4, 185.2, 137.4, 12.03, 503.7, 37.3, 395.2, 138.3, 2937.5, 734.4, 1366.5, 1418.1, 19, 13, 12.4, 2.1, 132.4, 296.5, 4637.4, 2986.1, 9.6, 2.1, 9.3, 8, 4.2, 16.3, 0.1, 0.4, 0.1, 0.1, 2.2, 29.1, 143.4, 266.8, 0.1, -1.2, 0.1, -0.3, 4.1, 16.7, -17, 0, 1.7, 3.02, 0.41, 0, 0, 6.3, 2.3, 454.2, 0.01, 0, 
8, eco25, 20, 12, 524.8, 23189.9, 4013.3, 258.2, 76.2, 113.9, 76.4, 12.62, 1092.5, 21.2, 254.7, 89.1, 1633.9, 408.5, 1035.8, 1129, 9.5, 9.9, 8.6, 1.2, 366.8, 839.7, 13963.4, 8020, 6.3, 1.4, 5.2, 3.9, 3.1, 12.6, 0.1, 0.3, 0, 0.1, 5.1, 70.3, 339.1, 632.4, 0.1, -0.9, 0.1, -0.1, 3.3, 8.7, -12, 0, 1.7, 2.12, 0.39, 0, 0, 3.5, 1.4, 1059.9, 0.02, 0, 
8, eco26, 21, 860, 201, 11858.5, 8002.2, 396.5, 114.3, 147.3, 167.7, 13.72, 407.5, 20.2, 246.6, 86.3, 3519, 879.7, 845.7, 649.3, 16, 8.5, 8.1, 1.2, 219.9, 412.6, 7199.4, 4026.6, 6.5, 1.4, 10.6, 10.6, 2.5, 7.8, 0.1, 0.3, 0, 0.1, 4.4, 34.6, 123.6, 191.5, 0.1, -0.9, 0.1, -0.3, 3.8, 10.1, -9.6, 0, 1.7, 4.82, 0.91, 0, 0, 5.4, 1.9, 368.2, 0.02, 0, 
8, eco27, 22, 878, 175.5, 14379.8, 7680.2, 396.8, 115.1, 155.7, 159.2, 11.56, 549.1, 19.4, 273.9, 95.9, 3340.3, 835.1, 839.5, 637.6, 14.6, 10.6, 9.4, 1.3, 255.8, 499.7, 8787.3, 4837, 7.2, 1.5, 11.5, 9.8, 2.7, 7.5, 0.1, 0.3, 0.1, 0.1, 5.3, 42.6, 189.4, 259.6, 0.1, -1, 0.1, -0.1, 4, 8.4, -8.9, 0, 1.7, 2.93, 0.52, 0, 0, 5.4, 2.1, 509, 0.01, 0, 
8, eco28, 23, 746, 257.6, 11096.7, 5449.7, 287.7, 83.6, 114.4, 116.1, 16.38, 536.4, 17.9, 205.3, 71.8, 2359.2, 589.8, 716.8, 608.4, 11.5, 8, 7.4, 1, 219.6, 438.8, 6712.7, 3725.7, 5.3, 1.2, 7.8, 7.3, 2.2, 7.3, 0.1, 0.2, 0, 0.1, 4, 38.2, 158, 288.3, 0.1, -0.7, 0, -0.1, 3, 8.2, -8.7, 0, 1.7, 2.52, 0.59, 0, 0, 3.9, 1.5, 505.3, 0.02, 0, 
8, eco29, 24, 2644, 231.2, 12393.6, 9754.2, 522, 153.9, 225.8, 196.1, 3.61, 660.1, 29.5, 551.3, 193, 4037.8, 1009.5, 1091.1, 788.2, 19.7, 20.3, 15.9, 2.3, 232.1, 463.3, 7124.6, 4573.5, 13.8, 3, 14.1, 10.4, 3.5, 9.1, 0.1, 0.5, 0.1, 0.1, 5.2, 44, 218.7, 333.8, 0.2, -1.8, 0.1, 0.1, 5.1, 11.9, -12, 0, 1.7, 1.42, 0.17, 0, 0, 7.1, 2.7, 606.1, 0, 0, 
8, eco30, 25, 39, 341.8, 8545, 7748.7, 415.2, 120.9, 165, 155.8, 9.84, 449.5, 26.1, 320.8, 112.3, 3325.8, 831.5, 999.9, 841.9, 15.7, 11.9, 10.3, 1.5, 160.9, 285.4, 4964.6, 3134.1, 8.2, 1.8, 11.3, 9.6, 3.1, 9.8, 0.1, 0.3, 0.1, 0.1, 3.1, 26.6, 131.4, 234.1, 0.1, -1.1, 0.1, -0.2, 4, 11.9, -12.2, 0, 1.7, 3.33, 0.53, 0, 0, 5.8, 2.1, 405.6, 0.01, 0, 
9, eco1, 0, 32, 77, 7495.3, 9007.6, 451.5, 129.8, 168.5, 193.1, 12.39, 461.5, 22.2, 234.6, 82.1, 4003.4, 1000.9, 726.3, 465.4, 15, 10.1, 9.8, 1.2, 126.3, 254.7, 4504.7, 2609.5, 6.5, 1.4, 15, 13.1, 2.6, 5.8, 0.1, 0.3, 0.1, 0.1, 3.2, 24.8, 124.6, 251.9, 0.1, -1, 0.1, -0.2, 4.1, 9.5, -8.7, 0, 1.7, 2.59, 0.41, 0, 0, 6.6, 2.6, 417.3, 0.01, 0, 
9, eco2, 1, 1239, 197.3, 14545, 3711.7, 177.3, 50.5, 61.5, 78.7, 28.31, 501.7, 12.6, 57.3, 20.1, 1689.5, 422.4, 426, 379.6, 8, 2.3, 2.7, 0.4, 268.8, 504.4, 8902.9, 4868.8, 1.8, 0.3, 5, 5.2, 1.3, 4.5, 0, 0.1, 0, 0, 4.7, 41.3, 164.2, 244.9, 0, -0.2, 0, -0.2, 2.1, 6.6, -6.1, 0, 1.7, 3.37, 1.08, 0, 0, 2.7, 0.9, 483.6, 0.03, 0, 
9, eco3, 2, 689, 410.7, 6473, 6391.6, 307.6, 89.1, 118.7, 124.4, 19.51, 433.6, 27.8, 212.4, 74.4, 2794.9, 698.7, 793.6, 741.6, 12.2, 7.3, 6.5, 0.9, 80.2, 217.9, 3827.7, 2347.3, 5.6, 1.2, 7.8, 7.4, 2.3, 8.8, 0.1, 0.2, 0, 0, 1.5, 22, 115.7, 241.4, 0.1, -0.7, 0.1, -0.2, 3, 13.6, -12.3, 0, 1.7, 3.18, 0.55, 0, 0, 4.3, 1.5, 400.5, 0.02, 0, 
9, eco4, 3, 23, 232.6, 21313.8, 5182.9, 245.8, 70.4, 88.2, 112.2, 14.87, 836.7, 15.1, 124.1, 43.4, 2314.4, 578.6, 597.2, 519, 10.7, 4.4, 4.2, 0.6, 383.1, 779.7, 12941.6, 7209.5, 3.4, 0.7, 6.4, 6.7, 1.7, 6.2, 0.1, 0.1, 0, 0, 6.6, 65.4, 281.8, 442.6, 0.1, -0.4, 0, -0.2, 2.8, 6.7, -7.9, 0, 1.7, 2.43, 0.45, 0, 0, 3.5, 1.1, 811.5, 0.02, 0, 
9, eco6, 4, 3, 533.1, 14816.7, 5627.3, 355.6, 104.3, 146.1, 107.1, 19.9, 622.7, 30.7, 289.9, 101.5, 2357.6, 589.4, 967.1, 848.3, 12, 12.3, 8.7, 1.1, 157.9, 530.2, 9392.9, 4735.8, 7.4, 1.6, 7.9, 6.2, 3, 9.8, 0.1, 0.3, 0, 0.1, 2.8, 48.3, 246.8, 268.6, 0.1, -1.1, 0.1, -0.1, 3.5, 15.5, -15.8, 0, 1.7, 5.54, 0.91, 0, 0, 4.9, 1.8, 586.9, 0.02, 0, 
9, eco7, 5, 44, 240.5, 11714.1, 6249.3, 334.2, 97.7, 139.5, 125.4, 16.77, 494, 20.5, 272.7, 95.4, 2668.5, 667.1, 709.4, 504.5, 11.7, 11.5, 8, 1, 190.5, 414.5, 7203.2, 3906, 6.9, 1.5, 9, 7.3, 2.2, 5.9, 0.1, 0.3, 0, 0.1, 4, 36, 140.7, 263.2, 0.1, -1.1, 0.1, -0.1, 3.3, 10.9, -10.3, 0, 1.7, 5.7, 1.05, 0, 0, 4.5, 1.7, 461.2, 0.02, 0, 
9, eco8, 6, 6, 244.7, 9277.7, 5357.8, 284.7, 83.4, 122.1, 105.4, 21.96, 336.8, 19.1, 241.6, 84.6, 2279.6, 569.9, 641.3, 467, 10, 10.4, 7.2, 0.9, 128.5, 344.1, 5665.3, 3139.8, 6.1, 1.3, 7.8, 6, 2, 5.4, 0.1, 0.3, 0, 0.1, 2.7, 29.9, 105.4, 147.8, 0.1, -1, 0.1, -0.1, 2.9, 10.8, -9.5, 0, 1.7, 6.13, 1.38, 0, 0, 3.9, 1.5, 308.2, 0.03, 0, 
9, eco10, 7, 1861, 128.2, 13850.3, 7335.8, 375.3, 108.4, 144.4, 155, 10.8, 584, 18.4, 239.1, 83.7, 3213.2, 803.3, 683.3, 510.3, 12.7, 9.2, 9.2, 1.2, 217.7, 498.9, 8148.2, 4985.6, 6.3, 1.4, 13, 10.5, 2.5, 6.3, 0.1, 0.3, 0, 0.1, 4.7, 43.4, 168.3, 316.4, 0.1, -1, 0.1, -0.2, 3.5, 8.7, -8.5, 0, 1.7, 3.32, 0.59, 0, 0, 5.4, 2.2, 544, 0.01, 0, 
9, eco11, 8, 554, -17.1, 15222.9, 7874.5, 403.8, 115.8, 149.2, 172.2, 7.93, 576.6, 14.6, 199.8, 69.9, 3506, 876.5, 608.9, 377.6, 13.5, 8.1, 9, 1.1, 315.7, 519.1, 8693.2, 5694.9, 5.5, 1.2, 12.1, 11.9, 2, 4.8, 0.1, 0.2, 0, 0.1, 7.4, 43.1, 158.6, 321.6, 0.1, -0.9, 0.1, -0.1, 3.6, 6.1, -5.6, 0, 1.7, 2.86, 0.48, 0, 0, 5.8, 2.5, 539.1, 0.01, 0, 
9, eco12, 9, 71, 226.3, 13533.3, 8189.3, 463.6, 135.4, 191.1, 165.1, 5.26, 692.6, 26.3, 387.7, 135.7, 3465.9, 866.5, 899.3, 714.5, 20.4, 12.8, 11.2, 2, 178.5, 452, 8371.6, 4531.3, 9.4, 2, 10.8, 9, 2.7, 8.3, 0.1, 0.4, 0.1, 0.1, 3.8, 41.9, 217, 381.7, 0.2, -1.2, 0.1, -0.2, 4.1, 12.3, -12.5, 0, 1.7, 2.72, 0.33, 0, 0, 6.1, 2.3, 650.4, 0.01, 0, 
9, eco14, 10, 1, 267.4, 14258, 5278, 277.2, 81.4, 119, 103.5, 19.33, 499.8, 18.4, 243.3, 85.2, 2239.9, 560, 660.5, 636.2, 9.7, 10.4, 9, 1.2, 208.2, 544.3, 8486, 5019.5, 6.1, 1.3, 7.5, 5.8, 2.1, 7.3, 0.1, 0.3, 0, 0.1, 4, 45, 124.2, 276.6, 0.1, -0.9, 0.1, -0.1, 3, 10.6, -9.7, 0, 1.7, 6.04, 1.45, 0, 0, 3.8, 1.4, 469.6, 0.02, 0, 
9, eco16, 11, 3333, 402.2, 9107.6, 5585.5, 302.4, 87.2, 112.8, 114.4, 22.96, 466.4, 25.3, 183.6, 64.3, 2444.6, 611.2, 779.6, 894.2, 11.5, 6.7, 7.9, 1.1, 125.2, 273.7, 5475.2, 3233.5, 4.9, 1.1, 8, 7.6, 2.4, 10.6, 0.1, 0.2, 0, 0.1, 2.2, 26, 133.9, 246.3, 0.1, -0.7, 0, -0.2, 2.9, 13.5, -12.8, 0, 1.7, 3.23, 0.72, 0, 0, 4.2, 1.6, 431.8, 0.03, 0, 
9, eco17, 12, 7434, 618.1, 10553.4, 5760.5, 477.6, 138.2, 171.5, 111, 7.8, 780.5, 46.8, 276.6, 96.8, 2434.7, 608.7, 1102.8, 1491.8, 17.1, 9.9, 11.9, 1.8, 81.1, 549.6, 5514.1, 4408.5, 7.3, 1.6, 8.6, 7.5, 3.4, 17.8, 0.1, 0.3, 0.1, 0.1, 1.5, 55.4, 211, 458.2, 0.1, -1, 0.1, -0.1, 4.1, 17.8, -17.3, 0, 1.7, 0, 0, 0, 0, 6.9, 2.5, 734.3, 0.01, 0, 
9, eco18, 13, 2972, 313.1, 5527.7, 7785.5, 418.2, 121.4, 164.3, 160.1, 13.23, 351.9, 29.6, 296, 103.6, 3367.4, 841.8, 873.6, 863.5, 16.1, 11, 11.9, 1.8, 65, 192.5, 3397.9, 1872.3, 7.6, 1.6, 11.1, 10.1, 2.7, 10.2, 0.1, 0.3, 0.1, 0.1, 1.4, 19.9, 102.6, 170.9, 0.1, -1.1, 0.1, -0.2, 3.8, 14, -12.4, 0, 1.7, 2.44, 0.46, 0, 0, 5.9, 2.2, 308.5, 0.01, 0, 
9, eco19, 14, 2108, 365.4, 9753.1, 9039, 525.2, 153.8, 212.1, 178.8, 8.54, 637.4, 35.9, 469.1, 164.2, 3784, 946, 1066.8, 1080.6, 20.5, 16.6, 15.7, 2.4, 113, 348.1, 5531.4, 3760.7, 11.8, 2.6, 12.6, 10.3, 3.3, 12.6, 0.1, 0.5, 0.1, 0.1, 2.5, 34.5, 167.3, 370.5, 0.1, -1.5, 0.1, -0.1, 4.8, 16.4, -15.3, 0, 1.7, 2.36, 0.32, 0, 0, 7.2, 2.5, 584.2, 0.01, 0, 
9, eco20, 15, 39, 128.9, 7464.8, 10063.3, 485.7, 139.2, 175.3, 210.4, 9.72, 362.1, 24.6, 220.4, 77.1, 4515.3, 1128.8, 810.8, 658.5, 18.1, 8.7, 11.1, 1.6, 139.3, 231, 4347.9, 2746.6, 6, 1.2, 15.3, 14.5, 2.6, 8.1, 0.1, 0.3, 0.1, 0.1, 3.2, 22.1, 92.3, 186.3, 0.1, -1, 0.1, -0.3, 4.3, 12.3, -11.1, 0, 1.7, 3.95, 0.64, 0, 0, 7, 2.6, 314.3, 0.01, 0, 
9, eco21, 16, 98, 526.8, 5904, 5634, 345.5, 100.9, 137.8, 108.7, 23.96, 360.1, 32.8, 276, 96.6, 2375.6, 593.9, 951.1, 1077.8, 13.8, 10.1, 9.2, 1.4, 66.4, 189.3, 3670.1, 1978.2, 6.9, 1.5, 6.8, 6.2, 2.8, 12.3, 0.1, 0.3, 0, 0.1, 1.2, 19.2, 97.4, 181.4, 0.1, -0.9, 0.1, -0.2, 3.3, 17.9, -15.8, 0, 1.7, 4.55, 0.89, 0, 0, 4.6, 1.5, 323.7, 0.03, 0, 
9, eco22, 17, 695, 790.8, 14899.7, 3065.8, 247.9, 72.8, 97.8, 55.1, 25.43, 917, 34.6, 206.2, 72.2, 1236.9, 309.2, 1016.5, 1377.4, 9.4, 7.5, 7, 1.1, 157.4, 520.7, 8690, 5531.5, 5.1, 1.1, 4.9, 3.5, 3.1, 15.9, 0.1, 0.2, 0, 0.1, 1.9, 48.9, 250.3, 556.5, 0.1, -0.7, 0, -0.1, 2.5, 17.6, -18.3, 0, 1.7, 3.29, 0.65, 0, 0, 3.5, 1.3, 883.3, 0.03, 0, 
9, eco23, 18, 688, 359.6, 6803.2, 7196.5, 399.7, 117.1, 166, 144, 15.56, 423.9, 29.2, 350.3, 122.6, 3036.1, 759, 921.3, 877.2, 16.4, 12.3, 11.4, 1.9, 92.7, 220.4, 4229.7, 2260.3, 8.6, 1.9, 10, 8.3, 2.9, 10.1, 0.1, 0.3, 0.1, 0.1, 1.9, 22.1, 116.3, 225.7, 0.1, -1.1, 0.1, -0.3, 3.6, 14.7, -13.4, 0, 1.7, 3.09, 0.62, 0, 0, 5.3, 2, 382.2, 0.02, 0, 
9, eco24, 19, 567, 479.2, 7915.1, 7406.1, 482.4, 141.2, 192.9, 143.8, 13.72, 505.2, 37.8, 411.4, 144, 3073.7, 768.4, 1098.6, 1156, 19.8, 13.6, 12.9, 2.2, 111.3, 280.5, 4530.4, 2992.7, 10, 2.2, 9.8, 8.4, 3.4, 13.3, 0.1, 0.4, 0.1, 0.1, 2.2, 28.6, 145.1, 268, 0.2, -1.2, 0.1, -0.3, 4.1, 17.5, -16, 0, 1.7, 2.85, 0.42, 0, 0, 6.3, 2.4, 458.2, 0.01, 0, 
9, eco25, 20, 12, 421.9, 23118.3, 4182, 264.9, 78.1, 115.9, 79.7, 11.34, 1093.9, 20.6, 261.6, 91.6, 1706.5, 426.6, 810.1, 914.6, 9.8, 10.1, 8.8, 1.3, 304.8, 821.1, 13970.4, 8022, 6.5, 1.4, 5.5, 4.1, 2.4, 10.2, 0.1, 0.3, 0, 0.1, 4.7, 70.4, 343.9, 632.9, 0.1, -0.9, 0.1, -0.1, 3, 9.1, -12, 0, 1.7, 2.08, 0.37, 0, 0, 3.6, 1.4, 1063.7, 0.01, 0, 
9, eco26, 21, 860, 143.5, 11828.4, 8180, 400.3, 115.4, 149.8, 172, 13.98, 408.5, 20, 251.4, 88, 3597.9, 899.5, 737.6, 540.3, 16.3, 8.7, 8.2, 1.2, 195.3, 400.7, 7205.7, 4026.7, 6.6, 1.4, 10.9, 10.8, 2.2, 6.5, 0.1, 0.3, 0, 0.1, 4.3, 34.6, 125.1, 191.6, 0.1, -0.9, 0.1, -0.3, 3.7, 10.3, -9.5, 0, 1.7, 4.7, 0.92, 0, 0, 5.5, 2, 370.1, 0.02, 0, 
9, eco27, 22, 878, 121.2, 14366.7, 7867.8, 401.8, 116.5, 158.7, 163.4, 11.4, 550.7, 19.4, 278.5, 97.5, 3423.8, 855.9, 733.6, 532.1, 14.8, 10.8, 9.6, 1.3, 229.2, 489.4, 8810.7, 4837.5, 7.3, 1.5, 11.8, 10, 2.4, 6.2, 0.1, 0.3, 0.1, 0.1, 5.2, 42.7, 191.7, 259.8, 0.1, -1, 0.1, -0.1, 3.9, 8.7, -8.9, 0, 1.7, 2.88, 0.52, 0, 0, 5.4, 2.1, 511.4, 0.01, 0, 
9, eco28, 23, 746, 198.6, 11046.1, 5582, 291.2, 84.6, 116.4, 119.2, 16.8, 537.7, 17.7, 209.2, 73.2, 2417.4, 604.3, 606.6, 498.2, 11.7, 8.2, 7.5, 1.1, 190.5, 426, 6702.8, 3726.8, 5.4, 1.2, 8, 7.4, 1.9, 6, 0.1, 0.2, 0, 0.1, 3.8, 38.2, 159.9, 288.6, 0.1, -0.8, 0, -0.1, 2.8, 8.5, -8.6, 0, 1.7, 2.46, 0.6, 0, 0, 4, 1.5, 507.8, 0.02, 0, 
9, eco29, 24, 2644, 168.4, 12344.1, 9970, 526.7, 155.3, 229.9, 200.8, 3.47, 661.8, 29.7, 559.8, 195.9, 4131.2, 1032.8, 971, 666.5, 20, 20.6, 16.1, 2.4, 209.9, 451, 7105.8, 4577.4, 14, 3.1, 14.5, 10.7, 3.2, 7.6, 0.1, 0.5, 0.1, 0.1, 5.2, 44, 220.6, 334.5, 0.2, -1.8, 0.1, 0.1, 5, 12.2, -11.8, 0, 1.7, 1.38, 0.16, 0, 0, 7.1, 2.7, 608.6, 0, 0, 
9, eco30, 25, 39, 259.7, 8471, 7959.5, 420.4, 122.4, 168.7, 160.4, 10.26, 450.7, 26.4, 327.9, 114.7, 3417.4, 854.4, 846.4, 691, 16, 12.1, 10.5, 1.5, 140.1, 272.4, 4922.1, 3136.4, 8.4, 1.8, 11.6, 9.9, 2.7, 8.1, 0.1, 0.3, 0.1, 0.1, 3.1, 26.4, 133.3, 234.6, 0.1, -1.2, 0.1, -0.2, 3.9, 12.5, -11.9, 0, 1.7, 3.17, 0.54, 0, 0, 5.9, 2.2, 408.3, 0.01, 0, 
10, eco1, 0, 32, 38.7, 7459.2, 9217, 459.1, 132, 171.8, 197.9, 12.6, 463.2, 22.5, 237.6, 83.2, 4099, 1024.8, 673.1, 401.1, 15.3, 10.2, 9.9, 1.2, 119, 247.1, 4482.2, 2611, 6.6, 1.4, 15.4, 13.4, 2.4, 5, 0.1, 0.3, 0.1, 0.1, 3.2, 24.7, 125.8, 252.2, 0.1, -1, 0.1, -0.2, 4.2, 9.8, -8.5, 0, 1.7, 2.51, 0.41, 0, 0, 6.7, 2.7, 419, 0.01, 0, 
10, eco2, 1, 1239, 154.4, 14480.2, 3803.4, 180.8, 51.5, 62.7, 80.8, 29.28, 502.3, 12.2, 58.9, 20.6, 1730.8, 432.7, 359.8, 306, 8.1, 2.4, 2.7, 0.4, 233.4, 489.6, 8888.9, 4868.3, 1.8, 0.3, 5.2, 5.3, 1.1, 3.6, 0, 0.1, 0, 0, 4.4, 41.1, 165, 245, 0, -0.2, 0, -0.2, 1.9, 6.6, -6.1, 0, 1.7, 3.26, 1.11, 0, 0, 2.7, 0.9, 485, 0.03, 0, 
10, eco3, 2, 689, 330.2, 6331.2, 6533.7, 310.9, 90.1, 120.6, 127.5, 22.3, 434.8, 27.7, 216.5, 75.8, 2857, 714.2, 665.1, 599.6, 12.4, 7.4, 6.6, 0.9, 69, 204.5, 3707.2, 2350.5, 5.7, 1.2, 8, 7.6, 1.9, 7.1, 0.1, 0.2, 0, 0, 1.5, 21.4, 115.7, 242, 0.1, -0.7, 0.1, -0.2, 3, 13.8, -11.5, 0, 1.7, 2.97, 0.58, 0, 0, 4.3, 1.6, 403.3, 0.02, 0, 
10, eco4, 3, 23, 186.1, 21253.5, 5280.9, 247.6, 70.9, 89.3, 114.8, 14.86, 837.9, 14.8, 125.7, 44, 2358.9, 589.7, 510.3, 423.2, 10.8, 4.4, 4.3, 0.6, 336.3, 764.2, 12943.6, 7209.4, 3.5, 0.7, 6.5, 6.8, 1.5, 5.1, 0.1, 0.2, 0, 0, 6.2, 65.5, 284.3, 442.7, 0.1, -0.4, 0, -0.2, 2.6, 6.8, -7.8, 0, 1.7, 2.39, 0.45, 0, 0, 3.5, 1.2, 813.9, 0.02, 0, 
10, eco6, 4, 3, 430.9, 14630.5, 5828.7, 355.4, 104.2, 148.6, 111.2, 20.97, 623.5, 30.9, 294.9, 103.2, 2448.1, 612, 782.1, 662.9, 12.2, 12.5, 8.8, 1.1, 132.2, 498.2, 9262.6, 4737.6, 7.5, 1.6, 8.2, 6.4, 2.4, 7.7, 0.1, 0.3, 0, 0.1, 2.8, 47.7, 248.6, 269, 0.1, -1.2, 0.1, -0.1, 3.5, 16.2, -15.4, 0, 1.7, 5.2, 0.93, 0, 0, 4.8, 1.8, 589.6, 0.02, 0, 
10, eco7, 5, 44, 183.4, 11626.1, 6405.9, 338, 98.8, 141.8, 128.7, 17.41, 494.7, 20.3, 276.3, 96.7, 2737.7, 684.4, 618.3, 409.8, 11.9, 11.7, 8.1, 1.1, 168.3, 395.5, 7156.4, 3905.9, 7, 1.5, 9.3, 7.5, 2, 4.8, 0.1, 0.3, 0, 0.1, 3.9, 35.9, 141.7, 263.3, 0.1, -1.1, 0.1, -0.1, 3.3, 11.1, -10.2, 0, 1.7, 5.43, 1.07, 0, 0, 4.6, 1.7, 462.7, 0.02, 0, 
10, eco8, 6, 6, 192.5, 9186.9, 5474.8, 284.6, 83.4, 121.5, 107.9, 23.11, 337.1, 18.8, 242.5, 84.9, 2334, 583.5, 553.9, 377.6, 10, 10.4, 7.2, 0.9, 112.7, 326.2, 5608.4, 3139.6, 6.2, 1.3, 8, 6.1, 1.8, 4.3, 0.1, 0.3, 0, 0.1, 2.7, 29.6, 105.6, 147.9, 0.1, -1, 0.1, -0.1, 2.8, 10.9, -9.4, 0, 1.7, 5.81, 1.43, 0, 0, 3.9, 1.5, 309.4, 0.03, 0, 
10, eco10, 7, 1861, 85.2, 13814.1, 7513.5, 381.1, 110.1, 147.1, 158.7, 10.67, 585.3, 18.3, 243.2, 85.1, 3292.6, 823.2, 615.4, 431.3, 13, 9.3, 9.3, 1.2, 198, 486.3, 8144, 4985.7, 6.4, 1.4, 13.3, 10.8, 2.3, 5.3, 0.1, 0.3, 0.1, 0.1, 4.7, 43.5, 170, 316.5, 0.1, -1, 0.1, -0.2, 3.4, 8.9, -8.4, 0, 1.7, 3.25, 0.58, 0, 0, 5.5, 2.3, 545.7, 0.01, 0, 
10, eco11, 8, 554, -39.9, 15245.5, 8067.7, 407.3, 116.8, 151.3, 172.2, 7.71, 578.1, 14.6, 202.6, 70.9, 3594.1, 898.5, 571.4, 330.1, 13.6, 8.2, 9.1, 1.1, 298.2, 514.2, 8738.8, 5694.2, 5.6, 1.2, 12.5, 12.2, 1.9, 4.3, 0.1, 0.3, 0, 0.1, 7.3, 43.3, 160, 321.6, 0.1, -0.9, 0.1, -0.1, 3.5, 6.2, -5.6, 0, 1.7, 2.84, 0.47, 0, 0, 5.9, 2.6, 540.4, 0.01, 0, 
10, eco12, 9, 71, 161.5, 13457, 8433.2, 471.2, 137.6, 195, 170.3, 5.15, 694.1, 26.5, 393.9, 137.9, 3574.4, 893.6, 797.6, 594.8, 20.7, 13.1, 11.4, 2, 160.1, 435.3, 8328.1, 4533.5, 9.5, 2.1, 11.2, 9.3, 2.4, 6.9, 0.1, 0.4, 0.1, 0.1, 3.8, 41.7, 219.2, 382.2, 0.2, -1.2, 0.1, -0.2, 4, 12.6, -12.3, 0, 1.7, 2.62, 0.33, 0, 0, 6.3, 2.4, 652.7, 0.01, 0, 
10, eco14, 10, 1, 216.4, 14173.1, 5389, 277.2, 81.4, 119.6, 105.8, 20.09, 500, 18.1, 244.5, 85.6, 2290.4, 572.6, 565.7, 528.7, 9.8, 10.5, 9, 1.2, 180.4, 526.9, 8446.5, 5019.3, 6.2, 1.3, 7.7, 5.9, 1.8, 6.1, 0.1, 0.3, 0, 0.1, 3.9, 44.9, 125, 276.7, 0.1, -1, 0.1, -0.1, 2.9, 10.6, -9.7, 0, 1.7, 5.86, 1.49, 0, 0, 3.8, 1.4, 471, 0.02, 0, 
10, eco16, 11, 3333, 324.5, 8978.5, 5749.7, 305.9, 88.2, 115, 118.1, 24.71, 467.5, 25.2, 187.8, 65.7, 2517.7, 629.4, 645.3, 738.3, 11.7, 6.8, 8, 1.2, 106.4, 259.2, 5377.1, 3235.8, 5, 1.1, 8.2, 7.8, 2, 8.8, 0.1, 0.2, 0, 0.1, 2.2, 25.6, 134.9, 246.7, 0.1, -0.7, 0, -0.2, 2.8, 13.7, -12.4, 0, 1.7, 3.06, 0.75, 0, 0, 4.2, 1.6, 434.5, 0.03, 0, 
10, eco17, 12, 7434, 479.8, 10340.9, 6192.1, 492.9, 142.6, 181.2, 119.7, 9.5, 782.5, 46, 292.7, 102.5, 2621.5, 655.4, 869.6, 1214.6, 18, 10.6, 12.5, 1.9, 68.3, 519.8, 5330.4, 4422.4, 7.7, 1.7, 9.3, 8.1, 2.7, 14.5, 0.1, 0.3, 0.1, 0.1, 1.5, 54, 212.3, 460.5, 0.1, -1.1, 0.1, -0.1, 4.2, 17.2, -15.5, 0, 1.7, 0, 0, 0, 0, 7.1, 2.7, 738.4, 0.01, 0, 
10, eco18, 13, 2972, 244.1, 5419, 7991.9, 422.5, 122.7, 167.2, 163.8, 15.25, 353.2, 29.5, 301.8, 105.6, 3458.7, 864.7, 758.6, 726.6, 16.4, 11.2, 12.1, 1.8, 58.5, 182.9, 3301.6, 1875.9, 7.8, 1.7, 11.5, 10.3, 2.4, 8.6, 0.1, 0.3, 0.1, 0.1, 1.4, 19.4, 102.9, 171.5, 0.1, -1.1, 0.1, -0.2, 3.8, 14.1, -11.6, 0, 1.7, 2.32, 0.49, 0, 0, 5.9, 2.2, 311, 0.02, 0, 
10, eco19, 14, 2108, 283.5, 9621.4, 9318.7, 530, 155.2, 217.2, 184.9, 9.74, 638.8, 35.8, 480.3, 168.1, 3904.3, 976.1, 923.6, 907.7, 21, 17, 16, 2.5, 101.1, 332.5, 5421.1, 3766.6, 12.1, 2.6, 12.9, 10.6, 2.9, 10.6, 0.1, 0.5, 0.1, 0.1, 2.6, 34, 168.3, 371.5, 0.2, -1.5, 0.1, -0.2, 4.8, 16.5, -14.6, 0, 1.7, 2.25, 0.33, 0, 0, 7.3, 2.6, 587, 0.01, 0, 
10, eco20, 15, 39, 83.3, 7412.4, 10284.3, 490.8, 140.7, 177.5, 215.9, 10.01, 363.1, 24.6, 225, 78.7, 4614.7, 1153.7, 741.9, 570.2, 18.4, 8.8, 11.3, 1.6, 129.3, 223.2, 4312, 2747.8, 6.1, 1.3, 15.6, 14.9, 2.4, 7, 0.1, 0.3, 0.1, 0.1, 3.2, 22, 93.5, 186.6, 0.1, -1, 0.1, -0.3, 4.3, 12.5, -10.9, 0, 1.7, 3.81, 0.64, 0, 0, 7.1, 2.6, 315.8, 0.01, 0, 
10, eco21, 16, 98, 421.3, 5733.9, 5848.9, 349.9, 102.2, 141.1, 113.1, 27.34, 360.9, 32.3, 283.9, 99.4, 2468.5, 617.1, 772.8, 879.6, 14.1, 10.4, 9.4, 1.5, 56.6, 176.4, 3518.9, 1982, 7.1, 1.5, 7, 6.4, 2.3, 10, 0.1, 0.3, 0.1, 0.1, 1.2, 18.5, 97, 182.1, 0.1, -0.9, 0.1, -0.2, 3.2, 17.8, -14.7, 0, 1.7, 4.23, 0.95, 0, 0, 4.7, 1.5, 326.6, 0.03, 0, 
10, eco22, 17, 695, 656.7, 14650.7, 3265.7, 251.2, 73.8, 102.1, 59.1, 27.81, 918.1, 34.8, 215.5, 75.4, 1321.6, 330.4, 766.3, 1102.4, 9.8, 7.9, 7.3, 1.1, 123.8, 489.4, 8499.7, 5537.8, 5.3, 1.2, 5.2, 3.7, 2.4, 12.8, 0.1, 0.2, 0, 0.1, 1.9, 48, 251.8, 557.6, 0.1, -0.7, 0, -0.1, 2.4, 18.4, -17.5, 0, 1.7, 3.09, 0.68, 0, 0, 3.5, 1.3, 887.5, 0.03, 0, 
10, eco23, 18, 688, 286.1, 6681.9, 7388.7, 402.3, 117.8, 168.7, 146.9, 17.56, 425.1, 29.2, 356, 124.6, 3120.8, 780.2, 792.3, 730.4, 16.7, 12.5, 11.6, 1.9, 82.2, 209.1, 4126.9, 2263.7, 8.7, 1.9, 10.2, 8.6, 2.5, 8.4, 0.1, 0.4, 0.1, 0.1, 1.9, 21.6, 116.8, 226.3, 0.1, -1.1, 0.1, -0.3, 3.6, 14.9, -12.8, 0, 1.7, 2.92, 0.66, 0, 0, 5.3, 2, 384.8, 0.02, 0, 
10, eco24, 19, 567, 377.8, 7747.1, 7711.2, 486, 142.3, 198.5, 148.4, 16.39, 506.7, 37.8, 423.1, 148.1, 3205.6, 801.4, 917.6, 950.4, 20.5, 13.9, 13.2, 2.3, 97, 264.8, 4386.3, 2999, 10.3, 2.3, 10.1, 8.8, 2.8, 10.9, 0.1, 0.4, 0.1, 0.1, 2.2, 27.8, 145.3, 269.1, 0.2, -1.2, 0.1, -0.3, 4.2, 17.8, -14.9, 0, 1.7, 2.69, 0.44, 0, 0, 6.3, 2.4, 461.5, 0.02, 0, 
10, eco25, 20, 12, 341, 23012.1, 4350, 271.3, 80, 119.5, 83, 10.02, 1095.4, 20.5, 267.4, 93.6, 1780, 445, 654.9, 746, 10.1, 10.3, 9, 1.3, 255.5, 796.5, 13936.1, 8024, 6.7, 1.5, 5.8, 4.4, 2, 8.3, 0.1, 0.3, 0, 0.1, 4.6, 70.4, 348, 633.4, 0.1, -0.9, 0.1, -0.1, 2.9, 9.4, -11.8, 0, 1.7, 2.02, 0.35, 0, 0, 3.7, 1.5, 1066.8, 0.01, 0, 
10, eco26, 21, 860, 98.7, 11783.6, 8354.5, 404.6, 116.6, 152.2, 176.1, 14.18, 409.4, 19.9, 255.5, 89.4, 3675.8, 919, 666.6, 456.9, 16.5, 8.8, 8.3, 1.3, 177.7, 387.6, 7191.5, 4026.8, 6.7, 1.4, 11.1, 11, 2, 5.5, 0.1, 0.3, 0, 0.1, 4.2, 34.6, 126.4, 191.7, 0.1, -0.9, 0.1, -0.3, 3.6, 10.4, -9.5, 0, 1.7, 4.55, 0.93, 0, 0, 5.5, 2, 371.7, 0.02, 0, 
10, eco27, 22, 878, 78.4, 14337.6, 8051.9, 407.2, 118, 161.3, 167.4, 11.3, 552.2, 19.4, 282.4, 98.9, 3506.7, 876.7, 663.7, 451.4, 15.1, 11, 9.7, 1.3, 209.3, 476.9, 8813.5, 4837.9, 7.4, 1.6, 12.1, 10.3, 2.2, 5.3, 0.1, 0.3, 0.1, 0.1, 5.2, 42.7, 193.6, 260, 0.1, -1.1, 0.1, -0.1, 3.8, 9, -8.8, 0, 1.7, 2.81, 0.52, 0, 0, 5.5, 2.2, 513.4, 0.01, 0, 
10, eco28, 23, 746, 153.5, 10979.5, 5708.6, 294.2, 85.4, 118, 122, 17.28, 539, 17.7, 212.5, 74.4, 2473.8, 618.4, 533.8, 414, 11.9, 8.3, 7.6, 1.1, 168.8, 411.7, 6671.2, 3727.8, 5.5, 1.2, 8.2, 7.6, 1.7, 5, 0.1, 0.2, 0, 0.1, 3.8, 38.1, 161.5, 288.8, 0.1, -0.8, 0.1, -0.1, 2.8, 8.7, -8.5, 0, 1.7, 2.37, 0.61, 0, 0, 4, 1.6, 509.8, 0.02, 0, 
10, eco29, 24, 2644, 120, 12276.8, 10179.5, 531.6, 156.7, 233.4, 205.4, 3.53, 663.5, 29.9, 566.7, 198.3, 4223, 1055.8, 893.1, 573.2, 20.3, 20.8, 16.3, 2.4, 194.3, 438.4, 7062.9, 4581.1, 14.2, 3.1, 14.9, 11, 3, 6.5, 0.1, 0.6, 0.1, 0.1, 5.2, 43.9, 222, 335.2, 0.2, -1.9, 0.1, 0.1, 5, 12.5, -11.6, 0, 1.7, 1.34, 0.16, 0, 0, 7.2, 2.8, 610.7, 0, 0, 
10, eco30, 25, 39, 196.7, 8377.4, 8165.8, 426, 124, 172.3, 165, 11.09, 451.9, 26.6, 333.8, 116.8, 3508.6, 877.1, 744.2, 575.2, 16.3, 12.3, 10.7, 1.5, 126, 260.2, 4852.6, 3138.6, 8.5, 1.8, 11.9, 10.2, 2.4, 6.7, 0.1, 0.4, 0.1, 0.1, 3.1, 26.1, 134.5, 235, 0.1, -1.2, 0.1, -0.2, 3.9, 12.9, -11.5, 0, 1.7, 3.03, 0.55, 0, 0, 5.9, 2.2, 410.4, 0.01, 0, 
