Time,Ecoregion,EcoregionIndex,NumSites,SppBiomass_acercamp,SppBiomass_acerpseu,SppBiomass_alnuglut,SppBiomass_betupend,SppBiomass_carpbetu,SppBiomass_castsati,SppBiomass_coryavel,SppBiomass_cratmono,SppBiomass_fagusylv,SppBiomass_franalnu,SppBiomass_fraxexce,SppBiomass_ilexaqui,SppBiomass_larideci,SppBiomass_malusylv,SppBiomass_piceabie,SppBiomass_picesitc,SppBiomass_pinunigr,SppBiomass_pinusylv,SppBiomass_popualba,SppBiomass_prunspin,SppBiomass_pseumenz,SppBiomass_querrobu,SppBiomass_querrubr,SppBiomass_salicine,SppBiomass_sorbaria,SppBiomass_sorbaucu,SppBiomass_sorbtorm,SppBiomass_taxubacc,SppBiomass_tsughete,SppBiomass_vibuopul,
0, eco1,0,32,0,0,122.8565769,2456.329037,152.688364,0,0,714.5910778,2424.084254,0,294.3676262,2543.810503,0,196.1282501,0,0,0,0,0,0,77.99232578,5371.308742,0,533.405777,0,0,0,0,21.59954262,0, 
0, eco2,1,1239,0,0,0,1516.522222,183.4183862,527.2082584,0,21.86311972,4408.634186,0,194.2487426,210.8382222,33.14282766,29.26207535,0,11.46823726,0,25.33830546,0,0,96.13565507,4648.165048,0,7.923740735,0,0,0,46.27473875,30.9200145,0, 
0, eco3,2,689,0,0,0,1200.755129,22.66164971,1887.138002,0,2.65997155,3159.76978,0,29.7740715,1501.808345,1.890868078,3.732127684,0,0,0,15.3616147,0,0,11.3843359,13512.51979,0,5.020312438,0,0,0,482.0348157,3.153009467,0, 
0, eco4,3,23,0,0,0,2254.147558,0,939.4418308,0,0,3267.352746,0,0,813.4246614,0,0,0,0,0,0,0,0,0,7999.876467,0,0,0,0,0,265.579972,0,0, 
0, eco6,4,3,0,0,0,220.6103363,0,0,0,213.4559326,11925.06024,0,0,3121.986557,0,0,0,0,0,0,0,0,0,11568.04227,0,0,0,0,0,0,0,0, 
0, eco7,5,44,0,0,0,550.5624275,0,0,65.04517295,338.657881,5042.10682,0,0,3477.380636,0,0,0,0,0,59.80446555,0,0,0,7088.555962,0,87.92007446,0,0,0,0,0,0, 
0, eco8,6,6,0,0,0,238.5559387,0,0,0,237.6179352,5102.70517,0,0,3386.490356,0,0,0,0,0,0,0,0,0,6320.78479,0,0,0,0,0,0,0,0, 
0, eco10,7,1861,120.0296851,0,18.3095241,1244.204406,0,119.0885703,27.86331218,991.500652,3631.989478,7.186176577,32.94746034,2313.004727,0,103.8246022,0,0,51.16341889,171.9222184,3.578069516,19.96868702,12.66338055,5764.832053,0,301.1399877,0,14.79157726,15.76303593,135.4654587,0,0, 
0, eco11,8,554,0,0,15.8360404,2254.435471,0,73.31573087,0,318.9955499,1412.636799,132.1972707,31.67622634,1858.883136,0,21.60900879,9.268064533,0,91.57045567,126.2007513,0,25.76370405,16.54166542,4386.662202,0,1078.245581,0,24.51952706,6.767173795,22.92915416,0,0, 
0, eco12,9,71,0,0,0,864.033369,0,221.1046366,0,337.8167901,4003.530501,0,0,2818.762124,0,0,27.51523085,0,804.3349472,869.0942374,0,35.91297203,0,10521.18868,0,0,0,0,0,0,0,0, 
0, eco14,10,1,0,0,0,224.780838,0,0,0,220.3184204,5492.396484,0,0,3389.646271,0,0,0,0,0,0,0,0,0,6753.985092,0,0,0,0,0,0,0,0, 
0, eco16,11,3333,0,51.45358914,198.2389786,1302.342578,0,108.8199811,5.203789291,207.5165029,7796.26074,36.06254919,67.03821007,1286.747822,0,33.86769861,9.776222648,23.87851022,19.95856795,38.1868469,0,18.57006847,26.06313875,9485.232815,0,279.4634853,0,0,5.364317296,243.6663655,8.769669302,6.323078804, 
0, eco17,12,7434,0,12.36812368,70.78441071,822.882482,0,329.9536234,33.89483815,238.0364302,12148.17178,22.71132656,87.89646286,799.7957429,2.058834039,16.16007775,5.610372832,18.70178111,58.37508575,87.54155783,8.179975024,11.02232061,16.00178812,19557.00192,0,134.2898629,6.343675652,3.949274793,2.364662069,42.17595459,6.695032731,0.285878811, 
0, eco18,13,2972,0,66.84418638,0,1500.813287,0,56.48852958,60.59376042,223.865527,6490.396537,112.0908779,55.9097313,2556.064044,0.043630685,44.09436134,6.208942721,0,19.92091374,330.3698636,104.4024565,7.789581114,86.51764321,8852.484792,58.89051418,292.7137764,16.7435522,61.14753148,0,164.8853098,20.69659155,0, 
0, eco19,14,2108,0,0,0,1149.535385,0,40.13416752,8.312911691,331.3890609,7454.810931,100.5673802,22.70706258,3823.146382,0,29.88141841,0,0,0,228.0658992,0,0,42.12569791,12257.40606,90.39258982,45.71228588,44.55381518,73.63403436,0,513.3925944,6.311511668,0, 
0, eco20,15,39,0,0,0,4226.922455,0,0,0,0,2934.973267,506.1286926,0,1839.032257,0,0,0,0,0,362.6534119,0,0,0,7546.577087,0,243.3730774,0,326.1370544,0,0,0,0, 
0, eco21,16,98,0,0,0,917.535307,0,0,9.900298605,55.89426625,15938.76023,0,0,2256.316135,0,16.40474281,0,0,0,238.7907061,0,0,0,6427.313214,0,21.28990796,0,0,0,133.8503854,0,0, 
0, eco22,17,695,0,0,0,45.20120323,0,0,0.805447322,292.874159,20340.41146,0,0,739.2379823,0,10.42734966,0,0,0,333.4888826,0,0,22.65186405,10406.45145,0,1.742560912,59.2781993,0,12.06165643,7.33374524,0,0, 
0, eco23,18,688,0,0,98.83181829,584.5882748,0,0,0,376.2226388,10387.0238,20.25417137,0,3091.419752,170.1159848,93.64240425,0,0,414.0538618,297.255268,0,0,1.393009652,6198.629277,0,0,3.244142932,66.48202089,0,153.7643303,0,0, 
0, eco24,19,567,0,0,114.9653337,599.9053911,0,0,0,324.4486765,16156.44436,24.48881458,0,2700.753099,185.638862,15.6468874,0,0,423.3738407,291.2720647,0,0,0,7282.054405,0,0,0,87.12967613,0,187.1210996,0,0, 
0, eco25,20,12,0,0,0,0,0,0,0,67.6487058,16505.16239,0,0,2703.319775,0,0,0,0,0,0,0,0,0,2416.062241,0,0,0,0,0,163.4841919,0,0, 
0, eco26,21,860,0,0,137.4906096,2623.352104,0,120.285348,86.3514889,173.2524689,3308.636626,41.42378945,14.94306676,1849.773232,0,24.83929745,0,0,0,291.4181729,0,15.71279029,0,6713.748091,219.9215837,328.9161931,0,37.95299424,11.19236312,391.7816604,0,0, 
0, eco27,22,878,0,0,296.2864499,1648.417628,0,83.55451263,66.64092826,147.6637674,5164.805646,57.00595847,35.94271468,2865.875809,0,16.73727566,0,0,0,49.64498328,0,5.784424906,0,4566.166037,144.784955,51.17338209,0,287.7993841,82.95998249,265.0092984,0,0, 
0, eco28,23,746,0,104.4417854,101.8833933,880.3668738,0,83.1992379,34.25902283,241.3007679,3180.082718,18.83055945,49.6667271,1986.528576,21.37515117,64.73813208,94.88912434,0,0,109.8418415,164.9553275,0,107.4212738,6743.908804,0,230.7704356,0,4.19550796,0,85.03032883,15.29000429,0, 
0, eco29,24,2644,0,8.661414892,3.014971885,150.6026876,0,25.43133944,12.40303861,677.877809,3455.83085,1.549304027,9.650848897,6218.740585,5.165588113,20.02134096,0.580466549,0,1.244347334,31.69903606,13.17217154,0,8.900380906,7836.36701,0,20.59640134,3.109325322,4.45110792,0,743.8565131,3.939259124,0, 
0, eco30,25,39,0,0,0,1679.066925,0,0,0,149.2172484,6684.25698,192.4464475,0,3193.025849,0,96.13217867,0,0,0,142.3716618,0,0,0,7064.741845,0,93.5386423,0,125.6971389,0,287.5687342,0,0, 
0, none,26,0, NaN, NaN, NaN, NaN, NaN, NaN, NaN, NaN, NaN, NaN, NaN, NaN, NaN, NaN, NaN, NaN, NaN, NaN, NaN, NaN, NaN, NaN, NaN, NaN, NaN, NaN, NaN, NaN, NaN, NaN, 
0, eco100,27,0, NaN, NaN, NaN, NaN, NaN, NaN, NaN, NaN, NaN, NaN, NaN, NaN, NaN, NaN, NaN, NaN, NaN, NaN, NaN, NaN, NaN, NaN, NaN, NaN, NaN, NaN, NaN, NaN, NaN, NaN, 
0, eco102,28,0, NaN, NaN, NaN, NaN, NaN, NaN, NaN, NaN, NaN, NaN, NaN, NaN, NaN, NaN, NaN, NaN, NaN, NaN, NaN, NaN, NaN, NaN, NaN, NaN, NaN, NaN, NaN, NaN, NaN, NaN, 
0, eco104,29,0, NaN, NaN, NaN, NaN, NaN, NaN, NaN, NaN, NaN, NaN, NaN, NaN, NaN, NaN, NaN, NaN, NaN, NaN, NaN, NaN, NaN, NaN, NaN, NaN, NaN, NaN, NaN, NaN, NaN, NaN, 
10, eco1,0,32,0,0,236.1311765,2878.492747,181.5154409,0,0,853.2612612,2768.705877,0,417.5931818,3091.488003,0,263.6268008,0,0,0,0,0,0,95.22851467,6563.895775,0,661.0240444,0,1.247491121,0,0,28.27205181,0, 
10, eco2,1,1239,0,0,0.632162955,1852.381503,218.1434492,588.6671477,0,34.44905244,5121.720968,0,238.021303,275.5293706,53.76146456,31.97390153,0,15.97129143,0,37.69156323,0,0,121.0925677,5498.949443,0,29.89578718,0,0,0,54.6254052,51.39363338,0, 
10, eco3,2,689,0,0,0,1371.959555,26.88742624,2129.130965,0,4.217677323,3768.835948,0,39.92905886,1835.025216,3.03243425,4.301457299,0,0,0,24.54027707,0,0,14.29877016,15799.35378,0,15.67813723,0,0,0,567.7740504,4.981542845,0, 
10, eco4,3,23,0,0,0,2568.169514,0,1047.221669,0,0,3751.208945,0,0,1005.395333,0,0,0,0,0,0,0,0,0,9401.862936,0,29.37904192,0,0,0,314.8525696,0,0, 
10, eco6,4,3,0,0,0,348.5623576,0,0,0,335.804189,13177.11043,0,0,3407.530537,0,0,0,0,0,0,0,0,0,13735.666,0,0,0,0,0,0,0,0, 
10, eco7,5,44,0,0,0,776.4128598,0,0,77.58409257,482.472505,5658.665823,0,0,4080.513878,0,0,0,0,0,85.16452971,0,0,0,8373.665221,0,95.76411022,0,0,0,0,0,0, 
10, eco8,6,6,0,0,0,430.1727028,0,0,0,413.0824369,5719.582102,0,0,4023.455406,0,0,0,0,0,0,0,0,0,7426.242704,0,0,0,0,0,0,0,0, 
10, eco10,7,1861,134.4627532,0,25.74759144,1579.520387,0,140.1075158,46.76905792,1105.777135,4096.507042,21.216065,40.06275084,2799.39217,0,135.0927706,0,0,60.13142155,217.5738853,13.69123443,35.54711539,16.78857458,6678.510188,0,382.6980134,0,19.43544861,18.59016802,161.0665969,0,0, 
10, eco11,8,554,0,0,32.34658886,2744.839918,0,84.7702559,0,459.1667413,1613.484574,234.623246,40.80556348,2277.138739,0,64.88863107,14.01195369,0,105.1237921,156.5131527,0,74.22857917,22.6553493,5147.720942,0,1226.263596,0,48.7850961,8.29460144,27.16159874,0,0.791276498, 
10, eco12,9,71,0,0,0,1161.427636,0,240.6846649,0,508.110369,4295.828921,0,0,3359.712221,0,0,43.38142202,0,923.1071962,1019.488778,0,98.55583787,0,11586.76481,0,0,0,0,0,0,0,0, 
10, eco14,10,1,0,0,0,502.7548332,0,0,0,360.3944092,6167.819885,0,0,3912.664459,0,0,0,0,0,0,0,0,0,7849.448578,0,0,0,0,0,0,0,0, 
10, eco16,11,3333,0,59.84892826,223.3939388,1544.24334,0,127.977293,6.348563386,241.2969143,9051.882941,62.82472484,84.22243991,1565.886133,0,38.22776312,11.63642541,33.44352381,22.92098166,53.15700273,0,29.56217158,35.18944269,11158.2909,0,318.6624676,0,0,6.616192524,277.9663568,17.09193657,17.87824407, 
10, eco17,12,7434,0,17.04600451,76.32335722,887.1470552,0,386.777246,31.07152138,280.2830055,13052.26577,30.0435696,113.972385,891.0795457,2.618382817,20.85266097,3.419085843,24.09884223,53.37369019,78.20663854,9.898472152,16.26071068,21.00092423,20423.20659,0,147.1458514,9.734599059,4.798559078,1.954836119,54.23856999,11.1679268,1.543280717, 
10, eco18,13,2972,0,82.26335301,0,1809.60405,0,63.80312581,44.29415191,281.0813222,7312.34787,150.0185065,67.84836527,3022.688239,0.046712219,62.13824472,9.465677007,0,22.46914591,411.0803599,126.4088598,15.3822251,116.0970065,10444.80503,64.40281841,355.8439914,21.44858438,85.13522171,0,199.2107488,35.55900306,0.040044163, 
10, eco19,14,2108,0,0,0,1281.896613,0,46.1587137,10.61859334,407.0570476,8195.450627,115.569137,27.33432047,4290.035815,0,25.42219318,0,0,0,277.6136693,0,0,53.71772836,13067.979,99.06931645,73.47164836,50.48001916,83.39133555,0,578.7654947,12.30644045,0, 
10, eco20,15,39,0,0,0,4945.391267,0,0,0,0,3392.845166,599.9822129,0,2258.425667,0,0,0,0,0,503.7306255,0,0,0,8969.075186,0,392.7262049,0,376.3699302,0,0,0,0, 
10, eco21,16,98,0,0,0,1169.287025,0,0,14.97723202,60.77424279,17912.76808,0,0,2560.724707,0,16.72510482,0,0,0,339.0503192,0,0,0,7623.376811,0,44.14210347,0,0,0,139.172802,0,0, 
10, eco22,17,695,0,0,0,52.77690025,0,0,1.047313311,308.7549615,22158.20224,0,0,676.8732001,0,11.75884316,0,0,0,356.0046274,0,0,47.04651824,12049.95768,0,2.487729958,69.29050095,0,13.32333898,9.784310943,0,0, 
10, eco23,18,688,0,0,147.7781447,769.1207489,0,0,0,445.1375358,11405.25091,0,0,3640.575852,216.1327413,100.9064626,0,0,483.3424554,364.6103426,0,0,10.92717956,7488.737035,0,0.497416518,3.911610226,75.11614702,0,189.440875,0,0, 
10, eco24,19,567,0,0,182.2226822,683.5447299,0,0,0,389.5960059,17517.39377,4.202825792,0,3048.011455,209.224678,19.30126756,0,0,406.6928407,272.6994379,0,0,0,8284.83616,0,2.293481655,0,96.70639587,0,241.5484006,0,0, 
10, eco25,20,12,0,0,0,115.5960172,0,0,0,80.83298238,17634.10036,5.684803009,0,3225.608243,0,0,0,0,0,48.22610474,0,0,0,2924.240165,0,0,0,57.60987059,0,184.3451449,0,0, 
10, eco26,21,860,0,0,176.4066311,3111.838193,0,134.449938,81.11189307,213.3873885,3807.325953,69.11352344,21.76386059,2233.637537,0,27.03906172,0,0,0,357.2057461,0,25.49736048,0,7752.756711,242.449514,366.9548163,0,39.75630855,13.80258911,453.1834314,0,0, 
10, eco27,22,878,0,0,348.584162,2034.426206,0,93.46755766,68.25398512,173.4551566,5762.519114,107.6916026,43.04275418,3434.746379,0,31.34982463,0,0,0,74.87832699,1.661153919,11.52974027,0,5209.855854,157.6557993,77.91632743,0,296.4293428,101.9931965,309.7206483,0,0, 
10, eco28,23,746,0,127.9632103,112.5531291,1046.737583,0,93.29352944,21.18962429,285.2244176,3655.845407,25.87757033,58.67012386,2391.029632,24.1625252,90.56006718,125.3954578,0,0,136.5010921,203.9609745,0,159.4184408,7927.164504,0,264.506896,0,6.303575357,0,103.9559222,24.26418763,0, 
10, eco29,24,2644,0,10.46827687,8.662515946,202.7325956,0,28.69025438,8.624186829,924.6701564,3658.979643,19.80950888,12.07613143,7219.886248,10.31680789,33.32071482,0.722397266,0,1.330248015,39.16275917,16.03521795,0,13.31374328,8262.056535,0,24.67737784,5.88390855,9.948935132,0,894.5503483,7.841394026,0, 
10, eco30,25,39,0,0,0,1990.994212,0,0,0,181.2876438,7545.010794,267.1669268,0,3762.548577,0,114.1239138,0,0,0,224.6311217,0,0,0,8235.682208,0,151.4756963,0,197.7128663,0,363.2230589,0,0, 
10, none,26,0, NaN, NaN, NaN, NaN, NaN, NaN, NaN, NaN, NaN, NaN, NaN, NaN, NaN, NaN, NaN, NaN, NaN, NaN, NaN, NaN, NaN, NaN, NaN, NaN, NaN, NaN, NaN, NaN, NaN, NaN, 
10, eco100,27,0, NaN, NaN, NaN, NaN, NaN, NaN, NaN, NaN, NaN, NaN, NaN, NaN, NaN, NaN, NaN, NaN, NaN, NaN, NaN, NaN, NaN, NaN, NaN, NaN, NaN, NaN, NaN, NaN, NaN, NaN, 
10, eco102,28,0, NaN, NaN, NaN, NaN, NaN, NaN, NaN, NaN, NaN, NaN, NaN, NaN, NaN, NaN, NaN, NaN, NaN, NaN, NaN, NaN, NaN, NaN, NaN, NaN, NaN, NaN, NaN, NaN, NaN, NaN, 
10, eco104,29,0, NaN, NaN, NaN, NaN, NaN, NaN, NaN, NaN, NaN, NaN, NaN, NaN, NaN, NaN, NaN, NaN, NaN, NaN, NaN, NaN, NaN, NaN, NaN, NaN, NaN, NaN, NaN, NaN, NaN, NaN, 
20, eco1,0,32,0,0,367.2173138,3311.691641,198.1591282,0,0,983.0967182,3179.092689,19.50812662,548.1603595,3442.385853,0,370.247105,0,0,0,8.066045284,0,20.55294299,118.5921538,8119.639938,0,795.3565245,0,8.034546375,0,0,54.39438105,0, 
20, eco2,1,1239,0,0,2.603153392,2213.513175,238.6837682,630.8190833,0,42.06541981,5864.748907,0,279.7568661,363.2111439,81.06097768,32.03823675,0,18.34677033,0,57.60006834,0,0,144.1135128,6511.342127,0,83.92807433,0,0,0,58.62970754,85.66383032,0, 
20, eco3,2,689,0,0,0,1511.286204,29.3960686,2309.348505,0,5.133573712,4521.168415,0,52.23640167,2035.801505,6.286455888,5.221306589,0,0,0,47.75534205,0,0,17.26053132,19002.01201,0,48.54687248,0,0,0,602.5480225,8.170511376,0, 
20, eco4,3,23,0,0,0,2800.620743,0,1125.750034,0,0,4377.207472,0,0,1124.021785,1.407760786,0,0,0,0,6.29028934,0,0,0,11299.76173,0,84.88224262,0,0,0,351.431565,0,0, 
20, eco6,4,3,0,0,0,411.1242828,0,0,0,363.5414225,15108.31408,0,0,2932.81486,0,0,0,0,0,0,0,0,0,15890.50465,0,0,0,0,0,0,0,0, 
20, eco7,5,44,0,0,0,1106.485946,0,0,62.58416401,564.0745822,6230.881107,0,0,4416.675761,0,0,0,0,0,121.6050034,0,0,0,9815.958117,0,96.35199703,0,0,0,0,0,0, 
20, eco8,6,6,0,0,0,717.1977514,0,0,0,550.3302053,6247.103933,0,0,4397.232373,0,0,0,0,0,0,0,0,0,8532.545422,0,0,0,0,0,0,0,0, 
20, eco10,7,1861,141.5244202,0,37.94764214,2003.086518,0,154.307948,57.97367289,1129.774448,4486.913998,60.6138423,50.16553684,3139.142343,0,174.3200045,0,0,63.69914622,271.3090896,43.48362995,89.55365511,21.70500267,7910.901219,0,484.1645243,0,28.99745331,19.93526594,177.2487328,0,0, 
20, eco11,8,554,0,0,59.68080981,3255.593649,0,92.38658698,0,595.7818549,1769.223916,384.4498579,54.07682537,2581.674747,0.065075533,152.4243743,16.49884342,0,110.2967793,197.4084056,0.525542641,195.872561,30.28249292,6111.957093,0,1349.162526,0,101.8713453,8.797756402,28.95567181,0,6.21388027, 
20, eco12,9,71,0,0,0,1656.146182,0,251.6382532,0,744.5663371,4464.791897,4.987608225,0,3641.160896,0,0,48.30925568,0,953.4616196,1156.168795,0,323.129256,0,13455.66014,0,2.702381403,0,0,0,0,0,1.875134643, 
20, eco14,10,1,0,0,0,1037.542091,0,0,0,447.3561707,6790.057129,0,0,4127.854675,0,0,0,0,0,0,0,0,0,8907.504791,0,0,0,0,0,0,0,0, 
20, eco16,11,3333,0,65.50475759,237.1922081,1759.526298,0,140.8418498,5.867809182,246.2323858,10456.36466,76.45678167,99.86039421,1708.86705,0,35.37009961,11.56687116,37.97598499,23.45189912,75.71766197,0,34.65356162,49.41825598,13281.31016,0,318.7476897,0,0,7.046190245,270.4363688,31.43741735,36.72512509, 
20, eco17,12,7434,0,24.38175293,79.75657546,890.0969847,0,428.4170023,19.45241617,304.619552,13884.07265,45.03924547,141.9713926,891.471856,2.011672298,27.54531206,2.104056601,24.08804777,37.53116961,62.75552733,11.64708022,19.86681059,24.05645111,21630.52619,0.01082367,150.9283316,17.91635465,6.209873252,1.385132797,62.70180402,15.82852231,5.07325124, 
20, eco18,13,2972,0,94.17835059,0,2137.158837,0,68.25590203,21.38898942,295.4402889,8270.465787,183.9721356,82.62006847,3181.275347,0.108553565,87.0557932,9.944169775,0,21.31913467,506.1849779,151.4337365,28.27230095,145.9915927,12637.36267,69.76743184,379.5485526,26.78537077,125.6757443,0,218.0777677,62.35734111,0.74440612, 
20, eco19,14,2108,0,0,0,1327.863366,0,53.50098887,7.862644521,432.1730618,9005.816771,87.71220666,30.91224091,4408.522638,0,18.34238011,0,0,0,316.5178928,0,0,66.56873245,13947.92007,105.0324354,90.13979968,50.72920616,85.86290357,0,589.614624,24.44139836,0, 
20, eco20,15,39,0,0,0,5438.021832,0,0,0,0,3814.540098,480.9876556,0,2534.14468,0,0,0,0,0,721.1907838,0,0,0,10800.88044,0,479.6533571,0,398.8922017,0,0,0,0, 
20, eco21,16,98,0,0,0,1323.618455,0,0,15.09627424,54.59002686,20405.50948,0,0,2338.012553,0,14.84324521,0,0,0,355.6487246,0,0,0,8958.699072,0,72.22396282,0,0,0,105.1251727,0,0, 
20, eco22,17,695,0,0,0,50.5444178,0,0,0.743561406,235.7111853,24136.43051,0,0,517.2464485,0,9.143323797,0,0,0,302.1271391,0,0,52.20954015,13529.34756,0,3.007979489,69.29587762,0,9.386789643,12.60115252,0,0, 
20, eco23,18,688,0,0,203.2787365,1059.148303,0,0,0,455.0572418,12561.87019,0,0,3854.495875,240.7546401,97.3027012,0,0,468.3741452,411.7046526,0,0,22.67407512,9235.682283,0,2.023283681,4.226208221,76.37347913,0,220.2714196,0,0, 
20, eco24,19,567,0,0,232.5171663,682.9470807,0,0,0,387.8604409,19239.59899,15.42167902,0,2854.071592,173.6609208,25.07443427,0,0,250.6989001,177.6064649,0,0,0,9443.797043,0.107792681,5.294136012,0.02908776,95.1811623,0,269.3164183,0,0, 
20, eco25,20,12,0,0,0,468.768782,0,0,0,94.3719813,18194.58342,88.77409712,0,3450.401845,0,0,0,0,0,166.20976,0,0,0,3813.173784,0,0,0,205.9183715,0,201.1097076,0,0, 
20, eco26,21,860,0,0,228.2332967,3560.856012,0,143.9917748,53.17844652,232.2102666,4259.39838,89.09170362,26.65716478,2488.046681,0,26.86530017,0,0,0,407.9208118,0,31.21748789,0,9014.495937,257.1376689,364.0436066,0,38.00678333,14.49946864,475.7425892,0,0, 
20, eco27,22,878,0,0,396.506278,2501.712467,0,100.4224481,52.02465447,183.4196589,6290.842693,203.6373155,54.00381931,3788.454672,0,60.2337802,0,0,0,115.8578141,6.894227034,22.96775256,0,6169.158809,163.0046168,115.5283877,0,338.7585095,109.7757782,327.1418177,0,0, 
20, eco28,23,746,0,144.2524741,116.1090674,1234.575256,0,100.8323828,6.849182006,301.8838134,4132.941686,51.50662187,68.11308908,2661.512845,48.26802964,133.1410462,140.1728599,0,0,168.1706044,250.62094,0.70792799,219.9838913,9577.530231,0,262.0256434,0,9.712158755,0,116.9464345,38.72912451,0, 
20, eco29,24,2644,0,11.63814078,21.02474127,288.5286168,0,30.95843508,3.702913864,1203.076999,3837.944415,86.84316712,16.08430049,7675.504298,18.48665373,62.26807256,0.66745226,0,1.115709758,46.90792531,19.77926866,0,16.48500048,8887.96008,0.037241447,27.35337012,9.025480151,18.66940168,0,990.0723152,10.27798342,0, 
20, eco30,25,39,0,0,0,2277.839398,0,0,0,189.2117779,8419.842194,305.0933792,0,4069.701721,0,151.1625191,0,0,0,379.2583558,0,0,0,9926.967849,0,181.6616203,2.33001621,293.8329748,0,395.8192055,0,0, 
20, none,26,0, NaN, NaN, NaN, NaN, NaN, NaN, NaN, NaN, NaN, NaN, NaN, NaN, NaN, NaN, NaN, NaN, NaN, NaN, NaN, NaN, NaN, NaN, NaN, NaN, NaN, NaN, NaN, NaN, NaN, NaN, 
20, eco100,27,0, NaN, NaN, NaN, NaN, NaN, NaN, NaN, NaN, NaN, NaN, NaN, NaN, NaN, NaN, NaN, NaN, NaN, NaN, NaN, NaN, NaN, NaN, NaN, NaN, NaN, NaN, NaN, NaN, NaN, NaN, 
20, eco102,28,0, NaN, NaN, NaN, NaN, NaN, NaN, NaN, NaN, NaN, NaN, NaN, NaN, NaN, NaN, NaN, NaN, NaN, NaN, NaN, NaN, NaN, NaN, NaN, NaN, NaN, NaN, NaN, NaN, NaN, NaN, 
20, eco104,29,0, NaN, NaN, NaN, NaN, NaN, NaN, NaN, NaN, NaN, NaN, NaN, NaN, NaN, NaN, NaN, NaN, NaN, NaN, NaN, NaN, NaN, NaN, NaN, NaN, NaN, NaN, NaN, NaN, NaN, NaN, 
30, eco1,0,32,0,0,538.5207635,3673.597307,206.6503544,0,0,1117.978483,3593.96193,88.93722069,713.9212188,3667.809956,0,509.5346972,0,0,0,26.08990252,0,80.39840353,141.4796865,9785.285272,0,857.1279066,0,21.60408664,0,0,86.75938749,0, 
30, eco2,1,1239,0,0,6.973855872,2573.478485,250.4789021,661.1081712,0,46.59116263,6625.381736,0,321.0935636,497.0541212,114.4168774,27.30443114,0,19.57809431,0,95.56302,0,0,167.3975171,7635.413235,0,158.1863285,0,0,0,60.80766507,128.8828724,0, 
30, eco3,2,689,0,0,0,1418.885688,30.80052564,2418.662224,0,5.616543752,5299.468859,0,64.50598194,2039.409926,8.898030505,5.648343279,0,0,0,58.265243,0,0,20.56311022,21808.62884,0,68.11039613,0,0,0,573.2376513,10.93381716,0, 
30, eco4,3,23,0,0,0,2919.909254,0,1174.626465,0,0,5062.786913,0,0,1290.532091,8.428817583,0,0,0,0,19.11792191,0,0,0,13482.21238,0,143.5603298,0,0,0,382.4912919,0,0, 
30, eco6,4,3,0,0,0,375.5589854,0,0,0,314.4822489,16847.69511,0,0,1893.811942,0,0,0,0,0,0,0,0,0,17597.81849,0,0,0,0,0,0,0,0, 
30, eco7,5,44,0,0,0,1597.776582,0,0,47.16410411,597.8490288,6768.220067,0,0,4616.835342,0,0,0,0,0,161.6743266,10.6199561,0,0,11418.39605,0,77.35782381,0,0,0,0,0,0, 
30, eco8,6,6,0,0,0,1195.435432,0,0,0,675.3981374,6728.331014,0,0,4672.54911,0,0,0,0,0,0,0,0,0,9641.752913,0,0,0,0,0,0,0,0, 
30, eco10,7,1861,141.3446574,0,56.62493836,2494.687615,0,163.2837668,62.89405186,1097.668168,4805.027193,134.8312774,63.16197489,3406.792587,0,231.501186,0,0,64.83996321,347.8779726,103.6642172,197.5423011,27.95912233,9319.69967,0,577.7771993,0,44.39077094,19.03624355,191.6486285,0,0, 
30, eco11,8,554,0,0,103.8981136,3745.32207,0,97.26984023,0,723.3495347,1887.401075,589.9468529,71.80431995,2835.719439,0.518295261,296.328176,17.62797062,0,111.4987388,272.9509707,4.15106719,419.7395978,38.24345943,7219.218688,0,1274.089148,0,189.9336094,7.968904213,30.14965544,0,18.62028717, 
30, eco12,9,71,0,0,0,2257.981595,0,253.7708379,0,1023.677477,4494.180377,83.76426439,0,3655.922217,0,0,43.6397344,0,929.8476034,1288.752242,0,729.0279558,0,15465.30832,0,4.482316998,0,0,0,0,0,67.20550295, 
30, eco14,10,1,0,0,0,1595.578926,0,0,0,492.836792,7534.812008,0,0,4470.965672,0,0,0,0,0,0,0,0,0,10107.10892,0,0,0,0,0,0,0,0, 
30, eco16,11,3333,0,68.53212361,238.7142287,1821.741639,0,148.0525979,5.39555265,225.5533307,11856.30063,78.39687799,114.1045274,1686.385439,0,25.35492189,10.32147085,39.26252942,22.31169079,93.60599095,0,33.88262717,52.43178662,15255.91226,0,301.4048778,0,0,6.582773936,230.8964708,48.20591486,48.77355857, 
30, eco17,12,7434,0,33.58668829,80.83193665,851.7288147,0,456.446658,13.70029901,307.3997641,14528.31251,63.43612399,170.771309,880.7564087,1.490531931,34.74244731,1.300234951,21.98440885,25.68425063,63.00765399,13.65957841,26.35268346,27.61126119,22434.16927,0.035072858,138.0354121,29.95096511,7.532795597,0.955493395,71.5271872,19.49177027,5.683061542, 
30, eco18,13,2972,0,103.8989388,0,2316.108634,0,70.27320414,8.920752976,271.8830193,9114.3157,217.1479097,100.4999331,3033.173644,0.206766814,113.8706133,7.786605316,0,18.04146031,558.6620208,178.1872873,38.98481466,163.6056389,14745.91706,75.62184365,354.1639584,34.25812734,149.3033164,0,221.1889835,87.2215517,2.33738746, 
30, eco19,14,2108,0,0,0,1351.231959,0,60.95757515,4.656230724,402.77424,9629.954055,61.11125981,33.25149438,4468.492737,0,10.46896125,0,0,0,353.6870478,0,0,85.98558364,14617.71028,107.1458387,101.765286,46.62091505,79.35927644,0,590.7995814,43.27551304,0, 
30, eco20,15,39,0,0,0,5785.935707,0,0,0,0,4257.086052,356.6502928,0,2720.401854,0,0,0,0,0,1056.326073,0,0,0,12791.02892,0,544.6796151,0,380.1197737,0,1.2364813,0,0, 
30, eco21,16,98,0,0,0,1231.236282,0,0,12.76550698,43.00451411,22818.09728,0,0,1718.812853,0,11.47895221,0,0,0,269.0028891,0,0,0,10088.64313,0,75.96705779,0,0,0,60.36058877,0,0, 
30, eco22,17,695,0,0,0,40.97113545,0,0,0.458292268,168.1490602,25247.88469,0,0,369.1200353,0,6.071499096,0,0,0,197.1859113,0,0,36.31294615,14584.40772,0,2.360683228,61.06494617,0,6.488332114,13.22648665,0,0, 
30, eco23,18,688,0,0,260.1420555,1298.385852,0,0,0,407.6562469,13657.66982,0,0,3732.485343,224.0263934,75.7184666,0,0,410.7379665,405.7181176,0,0,25.2465202,10929.6341,0,3.812844798,4.153608012,68.97508621,0,247.88585,0,0, 
30, eco24,19,567,0,0,212.6107765,586.617418,0,0,0,331.6594405,20841.44091,32.09470472,0,2588.645477,126.6757117,31.98125176,0,0,152.8033147,122.6981338,0,0,0,10377.12904,0.490772146,10.03069628,0.020282636,74.85340382,0,280.8108906,0,0, 
30, eco25,20,12,0,0,0,1045.846795,0,0,0,131.6091232,18116.40781,299.0985284,0,3551.501563,0,0,0,0,0,350.0226623,0,0,0,4813.80993,0,22.08268674,0,458.8844829,0,242.1410069,0,0, 
30, eco26,21,860,0,0,285.3358898,3979.345297,0,150.7341266,40.11005348,232.2326408,4684.734589,100.402719,30.35415962,2690.4556,0,22.53105341,0,0,0,452.9599474,0,33.17955113,0,10433.61149,254.8439675,392.2071019,0,31.72320864,12.95770555,481.060267,0,0, 
30, eco27,22,878,0,0,442.0564281,3009.3859,0,105.3177818,44.43468939,178.4775869,6713.179522,344.2331365,69.66805458,4041.765177,0,104.7536532,0,0,0,181.8763977,16.01874672,42.41394821,0,7296.644958,158.922663,159.4475411,0,408.5304855,100.0752963,331.3453891,0,0, 
30, eco28,23,746,0,155.6149566,118.125974,1476.49642,0,106.0787191,0,291.0640606,4580.84467,101.0838246,78.69949679,2859.366892,81.94753963,188.9724162,146.013941,0,0,214.6738185,309.1457465,4.336338468,283.162204,11440.93122,0,242.1217758,0,14.29644285,0,128.98323,52.51190128,0, 
30, eco29,24,2644,0,12.47312697,42.61016062,432.1684772,0,32.48313077,1.173247887,1432.40026,3984.728249,225.553588,20.70945597,7876.687619,29.95743578,118.6046605,0.517464694,0,0.905621432,59.67562214,25.29023901,0,22.65744935,9468.500329,0.237540985,28.2608968,11.98133288,30.79869414,0,1069.886699,11.2930391,0, 
30, eco30,25,39,0,0,0,2556.375191,0,0,0,172.8158741,9284.542672,381.6186783,0,4110.589498,0,175.1020502,0,0,0,527.9508517,0,0,0,11728.65813,0,202.4108765,18.81269083,396.5338312,0,399.5882694,0,0, 
30, none,26,0, NaN, NaN, NaN, NaN, NaN, NaN, NaN, NaN, NaN, NaN, NaN, NaN, NaN, NaN, NaN, NaN, NaN, NaN, NaN, NaN, NaN, NaN, NaN, NaN, NaN, NaN, NaN, NaN, NaN, NaN, 
30, eco100,27,0, NaN, NaN, NaN, NaN, NaN, NaN, NaN, NaN, NaN, NaN, NaN, NaN, NaN, NaN, NaN, NaN, NaN, NaN, NaN, NaN, NaN, NaN, NaN, NaN, NaN, NaN, NaN, NaN, NaN, NaN, 
30, eco102,28,0, NaN, NaN, NaN, NaN, NaN, NaN, NaN, NaN, NaN, NaN, NaN, NaN, NaN, NaN, NaN, NaN, NaN, NaN, NaN, NaN, NaN, NaN, NaN, NaN, NaN, NaN, NaN, NaN, NaN, NaN, 
30, eco104,29,0, NaN, NaN, NaN, NaN, NaN, NaN, NaN, NaN, NaN, NaN, NaN, NaN, NaN, NaN, NaN, NaN, NaN, NaN, NaN, NaN, NaN, NaN, NaN, NaN, NaN, NaN, NaN, NaN, NaN, NaN, 
40, eco1,0,32,0,0,778.8804855,4040.399632,209.3350983,0,0,1233.737899,3999.821391,225.7198161,877.7272933,3669.493029,0,660.8125317,0,0,0,79.73422927,0,187.7236348,160.5569984,11636.29797,0,764.2244257,0,52.01786804,0,0,118.4253161,0, 
40, eco2,1,1239,0,0,16.99598189,2924.346078,256.7750572,682.3509438,0,49.03695735,7377.969674,0,340.7709558,674.8370802,152.5457079,15.44068316,0,20.09658301,0,167.4495622,0,0,190.8141342,8838.04495,0,246.91337,0,0,0,62.26107581,174.8225315,0, 
40, eco3,2,689,0,0,0,1149.342286,31.61308705,2459.612081,0,6.320680748,6061.404874,0,66.4115724,1594.587002,7.621164703,6.184679328,0,0,0,48.12188012,0.226630816,0,23.5031883,24006.75103,0,69.80237534,0,0,0,432.7905536,14.40631023,0, 
40, eco4,3,23,0,0,0,3036.971497,0,1192.906271,0,0,5779.013285,0,0,1514.923979,35.57301588,0,0,0,0,63.67780984,0,0,0,15896.39595,0,183.2886293,0,0,0,391.2368568,0,0, 
40, eco6,4,3,0,0,0,276.5612742,0,0,0,227.1229909,18218.12994,0,0,1159.748633,0,0,0,0,0,0,0,0,0,18846.21471,0,0,0,0,0,0,0,0, 
40, eco7,5,44,0,0,0,2272.617346,0,0,47.85507341,589.8264119,7268.672621,0,0,4708.586758,0,0,0,0,0,199.5670198,42.93927158,0,0,13189.17651,0,50.12804335,0,0,0,0,0,0, 
40, eco8,6,6,0,0,0,1918.307449,0,0,0,778.7231661,7172.935496,0,0,4914.018307,0,0,0,0,0,0,0,0,0,10790.44148,0,0,0,0,0,0,0,0, 
40, eco10,7,1861,136.3695988,0,82.47543419,2994.059954,0,167.8847926,61.82489947,996.3891299,5077.729347,236.0437397,80.36374377,3585.389573,0,301.7818582,0,0,63.972477,434.7501564,178.5712885,347.590849,35.75940551,10801.66078,0,610.5606412,0,65.2956143,14.40011577,203.3209379,0,0, 
40, eco11,8,554,0,0,165.759251,4159.941367,0,100.1043778,0,830.1859442,1977.477227,813.1705288,98.11640574,3041.438584,1.096070837,471.6341127,17.89805421,0,109.3758612,384.3658435,10.10285831,687.8791406,46.85947298,8406.1532,0,1084.033973,0,309.2211619,6.948075112,31.42114954,0,45.33265291, 
40, eco12,9,71,0,0,0,2706.448133,0,249.9296707,0,1192.78434,4468.498379,226.9186783,0,3353.132203,0,0,32.10863549,0,855.852258,1341.102078,0,1021.776007,0,17184.58301,0,6.475498361,0,0,0,0,0,234.857466, 
40, eco14,10,1,0,0,0,2417.547619,0,0,0,503.6929321,8376.878113,0,0,4938.186367,0,0,0,0,0,0,0,0,0,11628.18094,0,0,0,0,0,0,0,0, 
40, eco16,11,3333,0,69.00168694,231.6444777,1731.553333,0,150.6159384,5.09125134,186.5207738,13128.31014,71.84948754,127.3068673,1422.808362,0,14.62487221,8.410466778,37.37097225,19.72358834,95.92435454,0,20.37130409,43.29211207,16940.44455,0,264.425649,0,0,5.026009968,169.6602004,65.72592043,48.03015296, 
40, eco17,12,7434,0,44.95460162,78.55843875,807.0496348,0,476.9132112,13.08840694,295.2398697,15020.56079,77.13722304,200.4256819,873.6123945,1.109455907,42.74688655,0.803629612,19.46807219,16.96135477,68.74736201,16.38427031,35.19598384,31.79735107,22835.45128,0.085102125,113.5461905,42.48610297,8.145678114,0.619812715,80.03587401,22.53279521,3.972318489, 
40, eco18,13,2972,0,112.3935728,0,2322.305722,0,70.5513832,8.155029158,223.3758412,9854.945538,254.2115768,122.2714613,2642.932097,0.232595477,135.9385465,4.749168832,0,13.78792602,558.665381,201.4986405,44.62348285,169.757153,16653.68137,85.65677995,310.2479686,46.16699785,145.0336305,0,213.2186829,105.2794449,3.825554488, 
40, eco19,14,2108,0,0,0,1397.590004,0,68.24371862,2.826395974,331.6411196,10040.93627,60.93056583,34.58157621,4451.690438,0,3.868068523,0,0,0,389.5620704,0,0,111.306142,15156.6141,103.8807248,113.849085,39.43888253,55.09724201,0,586.3924913,66.61512719,0, 
40, eco20,15,39,0,0,0,5900.983751,0,0,0,0,4724.881711,356.2254529,0,2806.066609,0,0,0,0,0,1321.743131,0,0,0,14790.11728,0,631.3714498,0,270.7561614,0,5.606727404,0,0, 
40, eco21,16,98,0,0,0,953.1254598,0,0,9.093483283,28.67685077,24910.11178,0,0,1075.603971,0,6.860151641,0,0,0,169.9192144,0,0,0,10958.57794,0,60.29701285,0,0,0,36.06191931,0,0, 
40, eco22,17,695,0,0,0,30.97164265,0,0,0.278189702,106.9936846,25981.67625,0,0,261.7447839,0,3.198061645,0,0,0,121.5371363,0,0,22.24601376,15359.58674,0,1.287312752,44.7500335,0,4.352442306,13.91182382,0,0, 
40, eco23,18,688,0,0,303.9692978,1419.131769,0,0,0,323.3719132,14726.66497,0,0,3299.091754,177.8036561,34.83983405,0,0,329.2379498,371.2000797,0,0,23.28892417,12477.82736,0,7.168528756,3.710883872,46.28383918,0,265.489845,0,0, 
40, eco24,19,567,0,0,147.6877913,540.4087775,0,0,0,248.6865163,22158.46451,52.44181545,0,2409.513794,97.12158747,45.73314792,0,0,94.37158989,103.9977197,0,0,0.007080468,11039.66062,2.577385911,18.11138887,0.01414263,52.9267151,0,290.5676517,0,0, 
40, eco25,20,12,0,0,0,1740.927084,0,0,0,152.4914112,17581.37253,585.2719628,0,3543.173808,0,0,0,0,0,587.9522189,0,0,0,5844.724014,0,104.7460744,0,792.0637393,0,308.4831964,0,0, 
40, eco26,21,860,0,0,349.994561,4334.640293,0,155.3480034,41.34041862,215.0785531,5100.740656,102.9768732,33.30107351,2844.663461,0,12.34567051,0,0,0,479.3911712,0,22.78066012,0,11927.98581,234.1381998,420.3378071,0,20.19973018,11.12747418,467.1225676,0,0, 
40, eco27,22,878,0,0,498.8435588,3527.698254,0,108.0437481,44.98276925,160.2901576,7029.577695,516.5686202,88.77365515,4184.677149,0.042206519,168.5173654,0,0,0,285.0767927,29.86384332,66.23737623,0.106354335,8545.386581,146.0346856,203.0433353,0,493.2137075,86.49482517,325.2866452,0,0, 
40, eco28,23,746,0,165.2038322,119.4822816,1800.397917,0,108.9221416,0,253.0831171,4979.620116,167.4954214,92.83709762,2970.573783,125.5880056,252.6325786,144.0176417,0,0,274.1731372,376.1791208,11.06304293,345.766119,13406.16924,0,232.2359736,0,19.50450249,0,142.3595232,66.97832559,0, 
40, eco29,24,2644,0,13.3012469,73.91177253,679.3529443,0,33.45645541,1.142040143,1593.123901,4058.428168,460.1583295,26.64167547,7877.963871,51.44809315,210.2978593,0.374375111,0,0.746080867,80.45726359,29.8749525,0,38.79855406,9960.606046,0.508278929,29.96916468,15.61853455,50.03883653,0,1138.864284,15.47398617,0, 
40, eco30,25,39,0,0,0,2625.010254,0,0,0,138.4468501,10092.07219,466.3901451,0,3873.2381,0,160.424398,0,0,0,584.9699887,0,0,0,13383.28026,0,227.6350719,42.34623347,462.8690099,0,376.8990937,0,0, 
40, none,26,0, NaN, NaN, NaN, NaN, NaN, NaN, NaN, NaN, NaN, NaN, NaN, NaN, NaN, NaN, NaN, NaN, NaN, NaN, NaN, NaN, NaN, NaN, NaN, NaN, NaN, NaN, NaN, NaN, NaN, NaN, 
40, eco100,27,0, NaN, NaN, NaN, NaN, NaN, NaN, NaN, NaN, NaN, NaN, NaN, NaN, NaN, NaN, NaN, NaN, NaN, NaN, NaN, NaN, NaN, NaN, NaN, NaN, NaN, NaN, NaN, NaN, NaN, NaN, 
40, eco102,28,0, NaN, NaN, NaN, NaN, NaN, NaN, NaN, NaN, NaN, NaN, NaN, NaN, NaN, NaN, NaN, NaN, NaN, NaN, NaN, NaN, NaN, NaN, NaN, NaN, NaN, NaN, NaN, NaN, NaN, NaN, 
40, eco104,29,0, NaN, NaN, NaN, NaN, NaN, NaN, NaN, NaN, NaN, NaN, NaN, NaN, NaN, NaN, NaN, NaN, NaN, NaN, NaN, NaN, NaN, NaN, NaN, NaN, NaN, NaN, NaN, NaN, NaN, NaN, 
50, eco1,0,32,0,0,1019.835305,4210.910742,207.62537,0,0,1258.046218,4374.200111,382.6678028,1051.053321,3502.813431,0,832.5285211,0,0,0,122.5859803,1.596550584,371.8600163,172.7539904,13386.0549,0,614.1277891,0,98.69056809,0,0,156.5696726,0, 
50, eco2,1,1239,0,0,33.86381802,3235.943181,259.785682,694.9194308,0,49.99825407,8088.100351,0,339.3348721,874.3413323,193.8029394,4.112476872,0,20.19051003,0,281.8843677,0,0,214.3817392,10075.36259,0,350.775549,0,0,0,63.25771872,222.5577095,0, 
50, eco3,2,689,0,0,0,842.805075,32.35470905,2450.568541,0,7.658251703,6824.174281,0,65.16917712,1005.60643,5.470003409,7.750010409,0,0,0,33.9386854,0.945659231,0,26.53087383,25688.74569,0,61.46026845,0,0,0,263.1594532,20.13725245,0, 
50, eco4,3,23,0,0,0,3009.09109,0,1186.198324,0,0,6494.571231,0,0,1744.070095,73.61813943,0,0,0,0,116.0574271,0,0,0,18236.97718,0,206.9942955,0,0,0,398.0893863,0,0, 
50, eco6,4,3,0,0,0,180.7325951,0,0,0,141.7445272,19405.10618,0,0,715.504426,0,0,0,0,0,0,0,0,0,19685.55681,0,0,0,0,0,0,0,0, 
50, eco7,5,44,0,0,0,2876.610877,0,0,41.34709445,544.5484175,7741.14898,0,0,4593.844059,0,0.863640352,0,0,0,229.4692258,99.44092811,0,0,14860.8695,0,77.45819603,0,0,0,0,0,0, 
50, eco8,6,6,0,0,0,2860.521576,0,0,0,917.9615631,7560.718608,0,0,5035.465569,0,0,0,0,0,0,31.77882004,0,0,12114.52087,0,0,0,0,0,0,0,0, 
50, eco10,7,1861,135.7084751,0,117.3366578,3379.042116,0,169.2054163,51.18592625,818.3576975,5347.877524,341.2032679,103.0553128,3664.076804,0,379.7230215,0,0,60.86201809,510.5334606,248.9670578,485.4123362,41.57370719,12187.42296,0,567.8637348,0,98.52470827,5.552516898,213.6983212,0,0, 
50, eco11,8,554,0,0,239.5903713,4438.893952,0,101.1555167,0,921.4137371,2053.779127,1011.526359,135.9295184,3189.194956,3.982089855,665.2312677,17.3664407,0,103.5734006,520.3901007,31.61486995,962.8186969,56.52600693,9637.396246,0,920.1565461,0,460.6514026,5.438911259,32.19879915,0,98.5020189, 
50, eco12,9,71,0,0,0,2947.50133,0,244.2169684,0,1245.270826,4509.669638,335.4503163,0,2817.780471,0,0,20.35632765,0,750.7249023,1294.632006,0,1161.694223,0,18673.51237,0,11.6253689,0,0,0,0,0,411.2877483, 
50, eco14,10,1,0,0,0,3317.706985,0,0,0,485.7006836,9314.878258,0,0,5004.535622,0,0,0,0,0,0,0,0,0,13108.34291,0,0,0,0,0,0,0,0, 
50, eco16,11,3333,0,67.10044096,221.0066512,1528.734854,0,150.1686031,4.146739009,136.6689693,14226.45917,55.44935938,139.3571969,1078.538822,0,9.134865028,6.260302016,32.31609434,16.18312081,84.76333055,0,0,30.89270139,18297.71019,0,197.725006,0,0,2.50767232,109.3419093,72.56479903,40.50638752, 
50, eco17,12,7434,0,59.59796738,74.90446485,766.670663,0,490.3282607,10.82542154,283.8083723,15461.18241,85.21492914,232.8822263,873.9169998,0.832761951,51.79334854,0.496641911,17.12840133,10.62120583,74.58743682,21.23530806,46.04648547,35.32100528,23008.90704,0.38071179,91.66626707,52.68756133,7.923080178,0.326773108,87.73779052,24.97842424,2.209264021, 
50, eco18,13,2972,0,121.9002851,0,2191.751698,0,70.19101806,6.27115485,171.4450368,10531.47091,265.243093,148.8678733,2178.779261,0.231040734,152.25083,2.946340078,0,9.211670682,512.1867607,215.0739783,46.60825917,163.2303663,18310.86747,104.8080854,266.5691562,57.25810969,121.0127677,0,201.0352542,112.4283954,4.509438687, 
50, eco19,14,2108,0,0,0.064551617,1479.036515,0,75.24404757,1.551198305,270.1475522,10352.65839,51.408355,35.25691012,4358.530458,0,0.35546894,0,0,0,433.5954182,0,0,145.3249367,15692.06352,95.13559328,134.746441,31.08008138,14.12887244,0,581.3886939,95.2147957,0, 
50, eco20,15,39,0,0,0,5620.544958,0,0,0,0,5316.179348,298.8555032,0,2810.818887,0,0,0,0,0,1369.710307,0,0,0,16579.96822,0,659.7687365,0,71.12421945,0,12.73873725,0,0, 
50, eco21,16,98,0,0,0,646.1872542,0,0,5.10085211,15.69482399,26487.31706,0,0,663.8841187,0,2.534509308,0,0,0,104.2510218,0,0,0,11559.54988,0,43.08187503,0,0,0,22.09250022,0,0, 
50, eco22,17,695,0,0,0,26.41993025,0,0,0.152677624,63.6625564,26422.80749,0,0,196.0977407,0,1.458155705,0,0,0,77.65561053,0,0,14.37745781,15767.16388,0,0.781181983,31.01411318,0,2.578603462,15.09420032,0,0, 
50, eco23,18,688,0,0,319.2951614,1461.448731,0,0,0,239.0005351,15841.05507,0,0,2708.898182,129.7637327,5.340285461,0,0,230.4290313,330.8112611,0,0,28.10724322,13894.88742,0,9.490986925,3.032311417,10.82696636,0,260.8688929,0,0, 
50, eco24,19,567,0,0,109.1940191,601.0937156,0,0,0,185.279505,23025.3508,82.7095544,0,2263.813137,79.83563405,70.49374249,0,0,58.32158151,115.3357328,0,0,0.108069274,11454.64403,7.409460233,37.22149758,0.627700628,38.70558373,0,298.0771239,0,0, 
50, eco25,20,12,0,0,0,2339.870471,0,0,0,186.1123789,16839.67499,794.0824846,0,3533.617102,0,0,0,0,0,765.6687935,0,0,0,6721.324121,0,192.6785348,0,1069.895993,0,389.8057823,0,0, 
50, eco26,21,860,0,0,422.3867216,4537.232479,0,158.0041927,36.96781925,188.2124808,5529.740792,89.38297467,35.79638942,2944.251711,0,3.07729938,0,0,0,492.0982713,0,0,0,13370.64689,203.1687436,410.0542828,0,13.17995786,8.591766508,441.2163547,0,0, 
50, eco27,22,878,0,0,575.1046754,3986.487275,0,108.4404893,39.1963754,134.05184,7255.224861,691.0921995,112.1208323,4211.742477,0.184413362,252.8982262,0,0,0,422.7429708,48.29152596,90.03981685,0.665607344,9826.236325,131.1474739,273.2296728,0,603.0808268,66.14892192,317.8414701,0,0, 
50, eco28,23,746,0,175.9359836,121.2368622,2108.616599,0,109.7269032,0,197.9373955,5304.454958,236.3157791,111.4327469,2960.537149,173.5178626,325.6551051,132.8396404,0,0,323.1991492,445.8030953,20.35917541,394.2793839,15282.18341,0,234.023282,0,23.4503608,0,156.0187147,70.50446698,0, 
50, eco29,24,2644,0,14.69592498,118.7643528,1055.919486,0,33.95775751,0.961683703,1814.450345,4132.919266,814.8097102,34.08110082,7692.291049,85.05954802,357.5220423,0.252858422,0,0.634740579,120.2713389,32.83299157,0,69.06572176,10448.92546,2.427171977,43.56866428,25.97014397,83.95104224,0,1197.340359,24.80171099,0, 
50, eco30,25,39,0,0,0,2562.913388,0,0,0,109.0695643,10895.0634,501.7247177,0,3394.956917,0,143.7003504,0,0,0,598.7528426,0,0,0,14904.98957,0,236.659348,59.40795214,476.7842581,0,328.0398332,0,0, 
50, none,26,0, NaN, NaN, NaN, NaN, NaN, NaN, NaN, NaN, NaN, NaN, NaN, NaN, NaN, NaN, NaN, NaN, NaN, NaN, NaN, NaN, NaN, NaN, NaN, NaN, NaN, NaN, NaN, NaN, NaN, NaN, 
50, eco100,27,0, NaN, NaN, NaN, NaN, NaN, NaN, NaN, NaN, NaN, NaN, NaN, NaN, NaN, NaN, NaN, NaN, NaN, NaN, NaN, NaN, NaN, NaN, NaN, NaN, NaN, NaN, NaN, NaN, NaN, NaN, 
50, eco102,28,0, NaN, NaN, NaN, NaN, NaN, NaN, NaN, NaN, NaN, NaN, NaN, NaN, NaN, NaN, NaN, NaN, NaN, NaN, NaN, NaN, NaN, NaN, NaN, NaN, NaN, NaN, NaN, NaN, NaN, NaN, 
50, eco104,29,0, NaN, NaN, NaN, NaN, NaN, NaN, NaN, NaN, NaN, NaN, NaN, NaN, NaN, NaN, NaN, NaN, NaN, NaN, NaN, NaN, NaN, NaN, NaN, NaN, NaN, NaN, NaN, NaN, NaN, NaN, 
60, eco1,0,32,0,0,1236.78082,4019.5156,210.4515572,0,0,1181.395286,4714.027361,475.0642921,1271.231709,3168.809615,0,951.0346276,0,0,0,144.2690971,8.626080692,489.6125554,183.7837697,14834.16531,0,568.2633458,0,144.974911,0,0,194.8548962,0, 
60, eco2,1,1239,0,0,60.48439025,3436.453024,260.6416961,698.31692,0,50.02211394,8735.089561,0,327.5466601,1068.85949,234.5713185,0,0,19.90619005,0,404.631812,0,0,238.4768708,11244.04643,0,449.0171206,0,0,0,64.07552628,271.4962694,0, 
60, eco3,2,689,0,0,0,568.9324084,32.2897505,2400.030438,0,9.392168142,7640.305211,0,61.82238256,627.0555105,3.954308697,10.87716613,0,0,0,23.61558703,1.927490445,0,29.90204298,26834.56722,0,47.4018279,0,0,0,164.7866917,26.72972853,0, 
60, eco4,3,23,0,0,0,2718.388459,0,1163.252043,0,0,7156.780825,0,0,1853.63949,92.84695924,0,0,0,0,146.5542861,8.235824087,0,0,20062.7816,0,220.1441985,0,0,0,376.3802597,0,0, 
60, eco6,4,3,0,0,0,114.5790594,0,0,0,87.42720032,20090.53565,0,0,443.1496657,0,0,0,0,0,0,0,0,0,20139.49829,0,0,0,0,0,0,0,0, 
60, eco7,5,44,0,0,0,3176.803205,0,0,16.63102341,477.6330986,8221.73477,0,0,4281.034514,0,4.78883882,0,0,0,240.3011969,153.5956194,0,0,16238.71784,0,125.7997374,0,0,0,0,0,0, 
60, eco8,6,6,0,0,0,3607.250415,0,0,0,994.7846553,7886.819689,0,0,4959.345101,0,0,0,0,0,0,134.2759908,0,0,13389.9782,0,0,0,0,0,0,0,0, 
60, eco10,7,1861,147.3115136,0,160.3209227,3632.036503,0,169.028195,20.01943582,593.0607323,5639.843018,437.0202041,133.3242664,3629.393447,0,466.3909983,0,0,55.04780091,574.9915772,335.9577877,605.6718407,39.98915004,13460.23086,0,583.9153293,0,147.3778133,1.712960802,217.0918838,0,0, 
60, eco11,8,554,0,0,322.267374,4630.835278,0,100.7008584,0,993.6407724,2137.252419,1108.475291,188.3128338,3249.602094,7.460781891,869.7225911,15.67519123,0,93.90567061,669.3124828,123.2624667,1216.609454,66.56064589,10907.89783,0,868.2195498,0,640.7681922,3.951114916,32.50072499,0,163.5117371, 
60, eco12,9,71,0,0,0,2998.409891,0,238.7208858,0,1208.13721,4692.751682,418.3865423,0,2318.627698,0,0,12.41958726,0,639.7957766,1188.107166,0,1123.702834,0,20001.34945,0,18.65263721,0,0,0,0,0,557.1044406, 
60, eco14,10,1,0,0,0,3714.956398,0,0,0,445.5517273,10126.1068,0,0,4586.785294,0,0,0,0,0,0,0,0,0,14291.95792,0,0,0,0,0,0,0,0, 
60, eco16,11,3333,0,62.3292736,209.2466923,1254.633407,0,147.7688879,1.638435577,86.32319729,15175.1744,19.3326513,149.2580961,774.8499028,0,6.865434687,4.17993954,25.40222844,12.40602952,67.84715871,0,0,22.36009694,19319.03432,0,162.4459549,0,0,0.90467852,68.89403653,65.71936374,23.56340302, 
60, eco17,12,7434,0,76.80103735,70.33985183,727.8703374,0,494.8816065,4.345861109,276.8155749,15895.45065,83.26085663,269.7100487,875.04113,0.639780272,61.4724254,0.306863299,14.91251099,6.547675849,79.36272408,29.57317464,57.74804514,37.78925222,23018.01999,0.840072655,81.90416355,60.84310953,8.542356384,0.095269974,93.83707057,26.51223579,0.914085618, 
60, eco18,13,2972,0,131.8223,0,1963.5702,0,69.46202266,2.303019334,130.8625432,11123.34058,235.3798169,179.3369388,1738.975112,0.211665547,161.9403982,1.840637955,0,5.630129776,437.6778823,218.0579008,46.5331002,144.9099766,19705.91027,132.4921663,226.6422777,65.4142345,112.1399031,0,182.1032376,106.1413406,3.674073376, 
60, eco19,14,2108,0,0,0.490507742,1601.045433,0,81.83819267,0.4401138,253.91461,10648.08204,19.75173057,35.46295267,4173.589826,0.016336973,0,0,0,0,492.1788167,0,0,189.7072101,16284.30389,82.90148701,155.6040007,23.75865355,0,0,580.2755483,129.1693096,0, 
60, eco20,15,39,0,0,0,5049.735678,0,0,0,0,5989.271519,115.7539974,0,2700.85923,0,0,0,0,0,1273.82687,0,0,0,18190.0191,0,583.3034097,0,0,0,24.28548666,0,0, 
60, eco21,16,98,0,0,0,399.1234841,0,0,1.447239389,7.18431574,27586.00249,0,0,412.534209,0,0.232917104,0,0,0,65.52869919,0,0,0,11925.27365,0,27.07441568,0,0,0,13.62516047,0,0, 
60, eco22,17,695,0,0,0.036927886,25.65419503,0,0,0.043318472,36.06596252,26617.78779,0,0,153.4997597,0,0.862893798,0,0,0,51.75475494,0,0,9.762435992,15960.22237,0,0.527182086,21.2687866,0,1.070943512,16.28240144,0,0, 
60, eco23,18,688,0,0,293.5285091,1404.21771,0,0,0,174.515034,16875.75472,0,0,2127.670114,94.718121,0,0,0,142.4152302,287.4237553,0,0,35.8193591,15129.05142,0,10.43460437,2.224609442,0,0,239.0514893,0,0, 
60, eco24,19,567,0,0,92.45252852,727.7113119,0,0,0,157.6854483,23548.58908,120.2735638,0,2110.377316,72.64894495,108.2605434,0,0,36.03910162,152.9173138,0,0,0.343351025,11701.08234,17.07036661,62.72716864,3.232132423,47.10689068,0,303.5639781,0,0, 
60, eco25,20,12,0,0,0,2721.505386,0,0,0,223.2795804,16064.74062,951.0228158,0,3569.153651,0,0,0,0,0,861.8284402,0,0,0,7418.004311,0,254.0327431,0,1238.554746,0,484.263234,0,0, 
60, eco26,21,860,0,0,495.7729392,4539.596678,0,158.6746468,16.07888801,153.1096986,5985.07306,36.39871429,37.90414265,2995.847556,0,0,0,0,0,502.257364,0,0,0,14673.17921,172.5732637,451.6434004,0,11.4690512,6.238415297,413.5281026,0,0, 
60, eco27,22,878,0,0.090351478,683.9963251,4254.308972,0,106.5920196,16.06256441,101.5412486,7434.056612,788.4774954,139.6852807,4113.530982,0.493872067,332.5079794,0,0,0,543.8073176,70.05263054,117.7624161,1.360788799,10993.32351,120.9729672,335.0270261,0,729.0700019,48.05692495,313.3488282,0,0, 
60, eco28,23,746,0,183.6644922,125.8733722,2306.116703,0,108.9583379,0,143.2638813,5546.973256,296.1159406,136.3668188,2823.813788,196.1501921,404.4782959,113.9646677,0,0,345.7785657,516.7777915,29.69756135,396.412167,16939.60698,0,245.3203703,0,28.24009613,0,165.4432251,60.19107528,0, 
60, eco29,24,2644,0,16.23992334,179.2562271,1553.977297,0,34.05550598,0.389732219,2154.850627,4244.487181,1258.147773,43.69472855,7286.186725,122.6733438,550.0897941,0.166760403,0,0.543492354,189.1068533,41.96601135,0,117.464921,10948.66932,6.013712456,70.78085894,60.64509822,130.1652123,0,1239.152279,40.69561703,0, 
60, eco30,25,39,0,0,0,2416.56057,0,0,0,97.3218775,11674.17716,469.6240475,0,2824.244224,0,141.5451038,0,0,0,591.323904,0,0,0,16319.26621,0,221.5168266,70.76986166,506.8230374,0,276.671835,0,0, 
60, none,26,0, NaN, NaN, NaN, NaN, NaN, NaN, NaN, NaN, NaN, NaN, NaN, NaN, NaN, NaN, NaN, NaN, NaN, NaN, NaN, NaN, NaN, NaN, NaN, NaN, NaN, NaN, NaN, NaN, NaN, NaN, 
60, eco100,27,0, NaN, NaN, NaN, NaN, NaN, NaN, NaN, NaN, NaN, NaN, NaN, NaN, NaN, NaN, NaN, NaN, NaN, NaN, NaN, NaN, NaN, NaN, NaN, NaN, NaN, NaN, NaN, NaN, NaN, NaN, 
60, eco102,28,0, NaN, NaN, NaN, NaN, NaN, NaN, NaN, NaN, NaN, NaN, NaN, NaN, NaN, NaN, NaN, NaN, NaN, NaN, NaN, NaN, NaN, NaN, NaN, NaN, NaN, NaN, NaN, NaN, NaN, NaN, 
60, eco104,29,0, NaN, NaN, NaN, NaN, NaN, NaN, NaN, NaN, NaN, NaN, NaN, NaN, NaN, NaN, NaN, NaN, NaN, NaN, NaN, NaN, NaN, NaN, NaN, NaN, NaN, NaN, NaN, NaN, NaN, NaN, 
70, eco1,0,32,0,0,1410.221267,3653.492682,220.6263609,0,0,1046.778616,5021.551633,517.0678511,1579.862494,2710.592414,0,1023.660493,0,0,0,141.0633509,35.00389028,492.3305929,200.3665382,16029.00276,0,553.7366164,0,177.130716,0,0,230.1792007,0, 
70, eco2,1,1239,0,0,97.74850847,3539.135606,259.7882137,692.5714922,0,49.44442333,9306.082831,0,308.0445055,1215.72963,260.1982959,0,0,19.13769095,0,511.9881829,0,0,262.6223046,12308.35701,0,528.6556618,0,0,0,64.90528528,321.5866354,0, 
70, eco3,2,689,0,0,0,371.0683288,31.75565337,2317.516765,0,10.80007681,8488.044975,0,59.11264068,393.3171971,2.885003687,13.66978877,0,0,0,15.85877697,2.599055601,0,32.28692494,27455.36372,0,32.58052936,0,0,0,108.8622424,32.23627394,0, 
70, eco4,3,23,0,0,0,2347.528968,0,1134.974175,0,0,7771.844147,0,0,1701.886923,91.35275542,0,0,0,0,138.5457973,20.39279714,0,0,21440.74152,0,215.6559606,0,0,0,329.2759435,0,0, 
70, eco6,4,3,0,0,0,70.61809929,0,0,0,53.71589915,20485.682,0,0,274.5213268,0,0,0,0,0,0,0,0,0,20322.63262,0,0,0,0,0,0,0,0, 
70, eco7,5,44,0,0,0,3229.366462,0,0,0,405.5014725,8669.960708,0,0,3834.678043,0,12.958309,0,0,0,228.3887118,191.6158765,0,0,17375.21678,0,159.9372368,0,0,0,0,0,0, 
70, eco8,6,6,0,0,0,3939.020079,0,0,0,1057.743436,8212.012522,0,0,4793.408509,0,0,0,0,0,0,268.7180354,0,0,14324.14968,0,0,0,0,0,0,0,0, 
70, eco10,7,1861,172.5027401,0,208.77626,3764.668506,0,168.1631978,0,394.3429293,5959.742778,515.2552169,169.733058,3447.862483,0,552.334246,0,0,46.99970457,622.8593431,442.2594142,658.2475618,33.70172626,14622.0223,0,634.1776954,0,203.2016045,0.865231466,210.5864383,0,0, 
70, eco11,8,554,0,0,437.4974828,4742.837612,0,99.55560016,0,1044.992909,2246.818823,1167.264332,258.5419572,3207.892517,9.603719305,1058.680603,13.10334208,0,82.27010949,798.0297905,309.4544881,1321.928186,69.29900007,12135.71959,0,785.0220717,0,819.3244782,1.993374745,31.50690116,0,214.1635833, 
70, eco12,9,71,0,0,0,2935.970037,0,235.3018829,0,1136.404783,4981.428888,481.6195332,0,2036.16331,0,0,7.669651623,0,544.9831189,1077.597395,0,809.1712865,0,21163.32324,0,25.46628259,0,0,0,0,0,543.4488361, 
70, eco14,10,1,0,0,0,3818.904114,0,0,0,397.3493347,10787.20966,0,0,3941.677048,0,0,0,0,0,0,0,0,0,15226.0809,0,0,0,0,0,0,0,0, 
70, eco16,11,3333,0,53.09536995,196.5694952,958.4085194,0,144.1326422,0,50.72800126,16007.72309,0,154.6576813,553.9870695,0,4.869266044,2.603271231,18.31460238,8.879016115,52.56742297,0,0,16.00036677,20017.8927,0,134.6003567,0,0,0.383948701,45.50288382,51.95048744,15.90486627, 
70, eco17,12,7434,0,95.82927139,65.97243544,692.3448049,0,492.4588353,0,270.6040061,16343.25005,75.98073102,309.8401486,872.572623,0.514518741,70.41849521,0.189541591,12.70102848,4.044358679,83.18942468,40.36441615,64.79967839,39.15048843,22893.10551,2.800756019,71.94314599,67.20825256,9.888843111,0.024960318,98.24195874,26.86792131,0.64323496, 
70, eco18,13,2972,0,139.2802116,0,1683.236519,0,69.33186217,0,102.326179,11659.21544,197.3188899,210.7306852,1369.833322,0.18024572,165.1517448,1.152361444,0,3.466685898,358.4038507,214.4464285,40.93782052,119.95482,20870.6611,165.1281929,167.231475,70.24576423,104.0027392,0,159.5424333,90.78948415,2.107279984, 
70, eco19,14,2108,0,0,1.562487923,1735.930781,0,87.90161912,0,244.2802186,10968.82643,0,35.21829409,3907.613081,0.424155029,0,0,0,0,564.6452502,0,0,238.1721712,16940.98182,69.16901664,164.1468628,17.84680965,0,0,578.8919841,167.5283013,0, 
70, eco20,15,39,0,0,0,4406.481852,0,0,0,0,6682.288392,0,0,2464.791884,0,0,0,0,0,1107.879363,0,0,0,19688.60357,0,384.5720529,0,0,0,31.93090737,0,0, 
70, eco21,16,98,0,0,0,239.8707321,0,0,0,2.916264786,28275.24109,0,0,256.1840902,0,0,0,0,0,41.74793107,0,0,0,12124.5214,0,15.94453064,0,0,0,8.417727003,0,0, 
70, eco22,17,695,0,0,0.093514602,28.81695054,0,0,0,19.41256513,26710.71497,0,0,124.303072,0,0.581615502,0,0,0,37.87130476,0,0,7.601435861,16058.66127,0,0.361089326,14.17394069,0,0.425023541,18.28539527,0,0, 
70, eco23,18,688,0,0,236.1925527,1221.353708,0,0,0,129.5838776,17766.37694,0,0,1661.996015,69.34696708,0,0,0,87.49370272,246.2151596,0,0,39.15305801,16139.76205,0,9.568947117,1.488991371,0,0,214.6277694,0,0, 
70, eco24,19,567,0,0,94.16732455,876.6855325,0,0,0,140.8932971,23869.71655,155.4006072,0,1933.853028,70.37228446,147.5478187,0,0,22.26517503,206.4953698,0,0,1.646461776,11844.95562,33.77051537,89.77511578,8.158106583,61.87348609,0,302.8539261,0,0, 
70, eco25,20,12,0,0,0,2947.553408,0,0,0,244.4228414,15451.59391,1064.161818,0,3650.911134,0,0,0,0,0,908.5670748,0,0,0,7926.789226,0,294.131218,0,1337.360987,0,583.0985054,0,0, 
70, eco26,21,860,0,0,574.7621788,4382.33364,0,157.2676427,0,119.1260945,6473.791359,0,39.46194458,2981.272006,0,0,0,0,0,505.8397735,0,0,0,15802.73866,139.5692598,509.7205499,0,8.475379554,3.197312989,380.8856907,0,0, 
70, eco27,22,878,0,0.225070024,808.3581647,4335.567126,0,103.2488459,0,69.03878875,7606.356096,821.7791366,171.9384835,3906.299809,0.756454702,393.5047799,0,0,0,628.4876551,88.69488041,127.3862931,1.895047692,12011.17876,117.2167772,359.4052916,0,820.4232154,25.18896272,313.6851852,0,0, 
70, eco28,23,746,0,186.191472,130.8687128,2415.586288,0,107.3158667,0,98.49439103,5745.340018,349.2172632,167.6528579,2596.704176,194.5581131,474.86967,93.38232397,0,0,343.3993874,590.4845001,34.88413645,365.5973949,18392.12145,0,233.9047526,0,31.93635917,0,171.6929837,45.20408416,0, 
70, eco29,24,2644,0,17.60479202,268.1421859,2093.533777,0,33.84229185,0,2463.291128,4399.705966,1652.221784,54.9032244,6693.498573,145.8691023,754.9534546,0.105923752,0,0.471519958,277.3677144,86.88311742,0,177.7806592,11418.79777,13.11941039,99.59451475,132.804636,169.9830632,0,1256.896648,63.32990442,0, 
70, eco30,25,39,0,0,0,2197.479049,0,0,0,89.36553094,12414.46633,413.2626824,0,2282.818925,0,130.3432787,0,0,0,528.2193221,0,0,0,17565.9216,0,168.246151,75.58219518,524.9376162,0,233.42782,0,0, 
70, none,26,0, NaN, NaN, NaN, NaN, NaN, NaN, NaN, NaN, NaN, NaN, NaN, NaN, NaN, NaN, NaN, NaN, NaN, NaN, NaN, NaN, NaN, NaN, NaN, NaN, NaN, NaN, NaN, NaN, NaN, NaN, 
70, eco100,27,0, NaN, NaN, NaN, NaN, NaN, NaN, NaN, NaN, NaN, NaN, NaN, NaN, NaN, NaN, NaN, NaN, NaN, NaN, NaN, NaN, NaN, NaN, NaN, NaN, NaN, NaN, NaN, NaN, NaN, NaN, 
70, eco102,28,0, NaN, NaN, NaN, NaN, NaN, NaN, NaN, NaN, NaN, NaN, NaN, NaN, NaN, NaN, NaN, NaN, NaN, NaN, NaN, NaN, NaN, NaN, NaN, NaN, NaN, NaN, NaN, NaN, NaN, NaN, 
70, eco104,29,0, NaN, NaN, NaN, NaN, NaN, NaN, NaN, NaN, NaN, NaN, NaN, NaN, NaN, NaN, NaN, NaN, NaN, NaN, NaN, NaN, NaN, NaN, NaN, NaN, NaN, NaN, NaN, NaN, NaN, NaN, 
80, eco1,0,32,0,0,1521.461172,3286.272192,222.0383387,0,0,943.9640152,5293.189474,506.3470819,1986.690139,2200.4857,0,1052.912557,0,0,0,128.1643262,84.48330164,435.5104805,210.1887068,17036.17194,0,494.6862882,0,197.4923446,0,0,259.994868,0, 
80, eco2,1,1239,0,0,149.5482054,3567.573654,257.399879,679.2281507,0,48.12981976,9812.483601,0,279.2015289,1301.534121,262.8421252,0,0,17.68772769,0,573.5869174,0,0,288.626775,13244.85753,0,564.477194,0,0,0,64.52332807,366.4460309,0, 
80, eco3,2,689,0,0,0,249.343005,31.25551114,2216.278351,0,11.65932795,9329.819964,0,57.41468892,247.4374018,2.129946004,15.89578656,0,0,0,10.11046804,2.846161505,0,33.01469977,27643.62833,0,19.22765455,0,0,0,75.4299257,35.31997587,0, 
80, eco4,3,23,0,0,0,2019.921485,0,1106.221291,0,0,8308.562348,0,0,1389.608917,72.39793616,0,0,0,0,105.5112555,45.84147462,0,0,22451.57525,0,204.1274437,0,0,0,266.7659356,0,0, 
80, eco6,4,3,0,0,0,43.32077487,0,0,0,32.65732129,20838.55482,0,0,171.0011078,0,0,0,0,0,0,0,0,0,20382.51507,0,0,0,0,0,0,0,0, 
80, eco7,5,44,0,0,0,3170.980193,0,0,0,337.2813318,9064.150902,0,0,3313.468952,0,19.19169617,0,0,0,207.5214982,224.540925,0,0,18315.81247,0,179.3480301,0,0,0,0,0,0, 
80, eco8,6,6,0,0,0,4048.356706,0,0,0,1079.321278,8540.832961,0,0,4561.251327,0,0,0,0,0,0,418.2072055,0,0,14969.19579,0,0,0,0,0,0,0,0, 
80, eco10,7,1861,213.2721276,0,256.2849762,3746.342514,0,166.8940605,0,286.3169562,6314.926542,535.1660659,213.2555873,3153.575438,0,613.3991813,0,0,38.41427233,630.7446642,532.2366495,613.9046961,25.95887738,15618.14907,0,633.1091102,0,246.0921561,0.176474186,195.6214667,0,0, 
80, eco11,8,554,0,0,599.1077513,4732.319129,0,98.2726485,0,1076.800959,2395.644955,1159.21823,347.9506157,3096.727297,10.18008729,1195.0333,10.54688767,0,71.22233113,873.142547,498.1417801,1264.997544,64.69858106,13187.89358,0,722.1710807,0,947.935947,0.400359853,29.37205842,0,222.4065137, 
80, eco12,9,71,0,0,0,2823.585971,0,233.7338128,0,1083.29896,5379.883376,514.1744218,0,1943.674036,0,0,4.739989025,0,477.898191,994.230884,0,467.3071469,0,22152.79827,0,29.94208059,0,0,0,0,0,363.3807664, 
80, eco14,10,1,0,0,0,3807.908287,0,0,0,351.0300598,11240.65948,0,0,3353.879276,0,0,0,0,0,0,0,0,0,15925.35437,0,0,0,0,0,0,0,0, 
80, eco16,11,3333,0,37.17716537,184.9516922,693.4723768,0,139.9646616,0,33.15610578,16736.63362,0,151.737951,397.7738333,0,3.200616885,1.599090384,12.24928205,5.919071521,40.55413956,0,0,11.10964881,20434.31166,0,97.28521697,0,0,0.074962075,31.71519859,36.87654844,13.06291429, 
80, eco17,12,7434,0,116.6151692,61.44441577,658.455172,0,486.066318,0,267.3287683,16808.72264,61.20223787,352.002873,867.398016,0.41322339,78.37062165,0.117011975,10.58197465,2.497066307,86.65101993,52.74632358,63.28532407,40.10112966,22680.91259,6.728407597,61.68616361,72.11618505,12.00674611,0.004873247,101.9309873,25.90688286,0.610151386, 
80, eco18,13,2972,0,141.060698,0.003626613,1389.317226,0,69.3670251,0,81.57063422,12160.02244,154.5768933,237.9760659,1058.69537,0.158285673,161.3872326,0.725802868,0,2.140385869,283.528213,207.8848398,31.74641706,93.11760776,21820.95713,201.2788082,129.6722129,71.81996721,86.97884441,0,135.3795146,71.17440321,1.142462499, 
80, eco19,14,2108,0,0,3.930774784,1861.579182,0,93.34220649,0,229.2379568,11342.95546,0,34.3032279,3627.473388,1.175574514,0,0,0,0,654.2423911,0,0,285.3945119,17505.54001,55.33931586,195.2964455,12.55189663,0,0,575.5149126,207.8722236,0, 
80, eco20,15,39,0,0,0,3766.221107,0,0,0,0,7368.109539,0,0,2089.937303,0,0,0,0,0,887.3388412,0,0,0,21048.94562,0,303.1908008,0,0,0,38.39667203,0,0, 
80, eco21,16,98,0,0,0.074798063,139.7219651,0,0,0,1.390288955,28705.86621,0,0,160.0444776,0,0,0,0,0,27.12154837,0,0,0,12217.12251,0,7.525203342,0,0,0,5.202884732,0,0, 
80, eco22,17,695,0,0,0.156889798,33.41961896,0,0,0,11.79964852,26776.52713,0,0,103.5454774,0,0.380789576,0,0,0,30.87473936,0,0,7.146254442,16106.13556,0,0.234620614,8.738144607,0,0.082981516,19.35668221,0,0, 
80, eco23,18,688,0,0,176.8745537,994.8933668,0,0,0,102.1583749,18502.53681,0,0,1285.108012,50.67314118,0,0,0,54.00794643,206.7367978,0,0,38.84427865,16947.05458,0,7.847938024,0.917953835,0,0,189.3157805,0,0, 
80, eco24,19,567,0,0,114.0409181,1010.672372,0,0,0,127.0454643,24112.55383,174.4571639,0,1749.983376,69.4908538,177.9327752,0,0,13.7510231,253.0956354,0,0,5.076029837,11933.64942,52.70851179,116.9281623,13.78285197,72.64347243,0,299.8611387,0,0, 
80, eco25,20,12,0,0,0,3087.222022,0,0,0,249.8347588,15005.42165,1064.455131,0,3747.399733,0,5.357323964,0,0,0,935.3410542,0,0,0,8316.006532,0,313.6038411,0,1360.88249,0,712.572518,0,0, 
80, eco26,21,860,0,0,653.9847182,4136.531507,0,153.5974833,0,96.19543544,6971.608652,0,40.30442455,2890.335736,0,0,0,0,0,494.2466567,0,0,0,16765.74184,99.15645737,526.1936767,0,2.492649708,0.665669384,344.0945073,0,0, 
80, eco27,22,878,0,0.328881162,933.9753372,4286.345707,0,99.07100318,0,48.95843704,7804.27381,785.9420829,212.6325199,3631.266386,1.013716365,430.8036169,0,0,0,673.0654167,102.1456512,118.1610871,2.226038311,12922.65317,118.0500345,362.7214615,0.065797436,845.1284317,5.376091864,313.2890133,0,0, 
80, eco28,23,746,0,184.753145,137.0792825,2493.910486,0,104.6403516,0,72.64705653,5914.240784,381.3434855,200.5998724,2327.484708,182.4294088,537.269903,75.12323272,0,0,326.5538131,662.3133044,33.84657851,327.4963664,19666.74861,0,224.4186751,0.046004334,33.57841874,0,172.6875287,31.10296502,0, 
80, eco29,24,2644,0,18.60776381,383.2652268,2573.599826,0,33.37481678,0,2680.738861,4608.446377,1856.848395,68.56923186,5997.239398,151.8782064,928.228479,0.065041884,0,0.415608862,356.0323999,169.8658305,0,233.2435072,11854.66437,27.02290802,123.0085851,214.1361666,201.2184767,0,1250.923525,89.2540274,0, 
80, eco30,25,39,0,0,0,1921.09356,0,0,0,80.32224919,13147.84347,335.7505573,0,1781.447943,0,110.748976,0,0,0,433.1914934,0,0,0,18674.08373,0,146.4643582,77.3245989,506.3374044,0,194.2201294,0,0, 
80, none,26,0, NaN, NaN, NaN, NaN, NaN, NaN, NaN, NaN, NaN, NaN, NaN, NaN, NaN, NaN, NaN, NaN, NaN, NaN, NaN, NaN, NaN, NaN, NaN, NaN, NaN, NaN, NaN, NaN, NaN, NaN, 
80, eco100,27,0, NaN, NaN, NaN, NaN, NaN, NaN, NaN, NaN, NaN, NaN, NaN, NaN, NaN, NaN, NaN, NaN, NaN, NaN, NaN, NaN, NaN, NaN, NaN, NaN, NaN, NaN, NaN, NaN, NaN, NaN, 
80, eco102,28,0, NaN, NaN, NaN, NaN, NaN, NaN, NaN, NaN, NaN, NaN, NaN, NaN, NaN, NaN, NaN, NaN, NaN, NaN, NaN, NaN, NaN, NaN, NaN, NaN, NaN, NaN, NaN, NaN, NaN, NaN, 
80, eco104,29,0, NaN, NaN, NaN, NaN, NaN, NaN, NaN, NaN, NaN, NaN, NaN, NaN, NaN, NaN, NaN, NaN, NaN, NaN, NaN, NaN, NaN, NaN, NaN, NaN, NaN, NaN, NaN, NaN, NaN, NaN, 
90, eco1,0,32,0,0,1597.776583,2943.372405,220.8901415,0,0,865.7518838,5519.99208,437.9146989,2405.88756,1752.927179,0,1045.938685,0,0,0,115.246065,142.9313664,321.1753624,217.1851052,17869.29611,0,402.9585048,0,214.8359556,0,0,277.2067257,0, 
90, eco2,1,1239,0,0,216.8879164,3517.934909,253.578218,660.3336955,0,45.46252321,10262.52409,0,239.315167,1333.992848,247.2796309,0,0,15.55352761,0,578.2430807,0,0,314.3489817,14010.33897,0,545.6856874,0,0,0,62.84140014,400.6903553,0, 
90, eco3,2,689,0,0,0,177.8067128,30.89182099,2105.925111,0,12.00143763,10175.36587,0,57.92231937,156.4455141,1.623013524,17.18126342,0,0,0,6.288900961,2.980851977,0,32.02310022,27503.63247,0,8.486354945,0,0,0,54.07137767,35.76701633,0, 
90, eco4,3,23,0,0,0,1776.123468,0,1076.7997,0,0,8842.693118,0,0,1044.800858,54.17400124,0,0,0,0,71.56111987,71.28686291,0,0,23237.68888,0,164.7712897,0,0,0,200.2658008,0,0, 
90, eco6,4,3,0,0,0,29.40436403,0,0,0,19.29347038,21085.40463,0,0,105.9858201,0,0,0,0,0,0,0,0,0,20363.42904,0,0,0,0,0,0,0,0, 
90, eco7,5,44,0,0,0,3069.576472,0,0,0,278.7063634,9443.757906,0,0,2787.959128,0,24.38949412,0,0,0,186.1767202,253.5643367,0,0,19127.555,0,182.4037043,0,0,0,0,0,0, 
90, eco8,6,6,0,0,0,4025.112826,0,0,0,1052.87068,8862.479309,0,0,4280.862007,0,0,0,0,0,0,527.687884,0,0,15479.96226,0,4.217793783,0,0,0,0,0,0, 
90, eco10,7,1861,265.9052513,0,305.4738734,3597.743856,0,165.2938153,0,237.8107628,6715.938064,494.5166077,266.6041079,2842.486898,0,642.6042582,0,0,30.76560532,600.27741,594.6033143,517.4365651,18.72989328,16431.87566,0,571.5934879,0,270.4446677,0,172.6290037,0,0, 
90, eco11,8,554,0,0,795.8347651,4595.011571,0,96.80294486,0,1077.330286,2595.300426,1065.504608,453.1510059,2979.227274,10.11894334,1261.893755,8.570401767,0,62.25970162,884.6627207,640.6180884,1134.269715,56.70892406,14030.89285,0,664.5820682,0,996.7717669,0,26.94489724,0,180.0490181, 
90, eco12,9,71,0,0,0,2652.848125,0,233.772004,0,1032.842011,5886.042498,455.9680686,0,1878.263433,0,0,2.929114624,0,411.6991693,888.4745021,0,295.0073665,0,22983.05662,0,36.86624049,0,0,0,0,0,323.7842371, 
90, eco14,10,1,0,0,0,3780.694908,0,0,0,305.0526733,11540.76804,0,0,2890.070545,0,0,0,0,0,0,0,0,0,16477.72488,0,0,0,0,0,0,0,0, 
90, eco16,11,3333,0,16.83647159,175.7193483,498.8278286,0,135.7827373,0,24.66270184,17378.18422,0,136.6521614,289.6961542,0,1.82756035,0.985618531,7.749733798,3.765021921,31.86150417,0,0,7.332148754,20624.53052,0,63.74420156,0,0,0,23.54774804,24.13240098,11.52593611, 
90, eco17,12,7434,0,139.4603017,56.00583852,626.5618006,0,477.6602924,0,264.1363508,17293.70168,46.97171625,394.1246942,857.9441487,0.350909816,85.6005513,0.072172387,8.612989117,1.541157389,89.64794591,65.77298475,59.27502157,41.05791948,22399.47345,14.76299016,49.97001789,75.79382755,14.80515622,0,105.5534964,23.81848082,0.615320019, 
90, eco18,13,2972,0,143.8846805,0.012949634,1132.611198,0,68.8344481,0,64.30978552,12648.76497,115.887305,258.8468579,794.9065956,0.137207215,151.4383673,0.460737277,0,1.320999073,216.0920587,199.3102919,19.16884416,68.30237939,22562.48133,241.4250625,104.9542725,71.14075338,66.38668298,0,110.7875771,51.45608315,0.55194217, 
90, eco19,14,2108,0,0,9.091861668,2005.011137,0,98.02507494,0,207.4565717,11734.76469,0,32.29176,3361.928642,2.403722427,0,0,0,0,747.8287046,0,0,328.225889,17846.42351,42.27196365,236.0532995,8.918879616,0,0,573.2402647,246.8184863,0, 
90, eco20,15,39,0,0,0,3177.808818,0,0,0,0,8020.808357,0,0,1611.730443,0,0,0,0,0,652.1252021,0,0,0,22260.02935,0,300.6667287,0,0,0,36.42559836,0,0, 
90, eco21,16,98,0,0,0.046238958,78.26560179,0,0,0,0.802489427,28977.38243,0,0,101.0731735,0,0,0,0,0,17.61537133,0,0,0,12244.80402,0,2.070921159,0,0,0,3.216209056,0,0, 
90, eco22,17,695,0,0,0.300946859,38.53622673,0,0,0,8.399629851,26819.16045,0,0,87.95625234,0,0.21740851,0,0,0,27.45002926,0,0,7.8734284,16118.95677,0,0.175357009,4.358100865,0,0,19.59592128,0,0, 
90, eco23,18,688,0,0,133.3690689,812.9560625,0,0,0,82.73924576,19091.51219,0,0,964.3625516,36.5375577,0,0,0,33.34154042,167.3593104,0,0,36.37311333,17571.9743,0,6.152813761,0.457824402,0,0,160.6027502,0,0, 
90, eco24,19,567,0,0,146.0732343,1101.561754,0,0,0,112.6044188,24327.63155,173.8229628,0,1572.431295,64.87954606,198.1350616,0,0,8.488369585,282.7016961,0,0,9.872961719,12004.92694,75.1750819,135.9116521,20.17804295,76.86175164,0,296.2567656,0,0, 
90, eco25,20,12,0,0,0,3203.990018,0,0,0,245.393102,14730.1616,891.229661,0,3905.769541,0,13.82433605,0,0,0,962.4475061,0,0,0,8587.110996,0,325.1108246,0,1283.976891,0,829.5639046,0,0, 
90, eco26,21,860,0,0,735.3696387,3853.707398,0,147.6497847,0,81.17688409,7455.965427,0,40.35522567,2737.489966,0,0,0,0,0,469.4486002,0,0,0,17578.26023,55.69504088,496.1704781,0,0,0,308.7805779,0,0, 
90, eco27,22,878,0,0.631513474,1063.251651,4153.284123,0,94.46015975,0,39.80902091,8040.174628,697.7979744,260.8827947,3331.705768,1.223665407,447.0329789,0,0,0,684.6827253,111.8119072,97.29987957,2.451981109,13753.13753,122.2771982,348.108849,0.398407864,830.7714584,0,305.5768207,0,0, 
90, eco28,23,746,0,192.8312579,144.3107598,2506.834351,0,101.1048743,0,57.21428297,6073.009426,370.0593014,232.7108996,2063.589455,167.3184115,570.7661286,60.38415517,0,0,304.8807127,711.2143275,28.83750113,292.5594529,20731.4852,0,215.9240359,0.24001717,32.10701652,0,172.4242459,20.65810694,0, 
90, eco29,24,2644,0,19.82619422,510.4110405,2934.654408,0,32.5937829,0,2796.969832,4888.771998,1867.08933,86.94749464,5288.821176,145.6414941,1052.61599,0.040131808,0,0.370421065,401.856296,264.5509123,0,270.3589597,12315.22496,48.14920401,140.2394164,293.648726,224.1327179,0,1227.289654,113.1511617,0, 
90, eco30,25,39,0,0,0,1634.389724,0,0,0,69.09523519,13841.96001,232.994445,0,1358.111931,0,91.99377886,0,0,0,338.278342,0,0,0,19638.64582,0,148.2002385,74.42567454,434.8566085,0,157.8036628,0,0, 
90, none,26,0, NaN, NaN, NaN, NaN, NaN, NaN, NaN, NaN, NaN, NaN, NaN, NaN, NaN, NaN, NaN, NaN, NaN, NaN, NaN, NaN, NaN, NaN, NaN, NaN, NaN, NaN, NaN, NaN, NaN, NaN, 
90, eco100,27,0, NaN, NaN, NaN, NaN, NaN, NaN, NaN, NaN, NaN, NaN, NaN, NaN, NaN, NaN, NaN, NaN, NaN, NaN, NaN, NaN, NaN, NaN, NaN, NaN, NaN, NaN, NaN, NaN, NaN, NaN, 
90, eco102,28,0, NaN, NaN, NaN, NaN, NaN, NaN, NaN, NaN, NaN, NaN, NaN, NaN, NaN, NaN, NaN, NaN, NaN, NaN, NaN, NaN, NaN, NaN, NaN, NaN, NaN, NaN, NaN, NaN, NaN, NaN, 
90, eco104,29,0, NaN, NaN, NaN, NaN, NaN, NaN, NaN, NaN, NaN, NaN, NaN, NaN, NaN, NaN, NaN, NaN, NaN, NaN, NaN, NaN, NaN, NaN, NaN, NaN, NaN, NaN, NaN, NaN, NaN, NaN, 
100, eco1,0,32,0,0,1603.897848,2651.466171,231.3293614,0,0,800.0936756,5708.479601,325.2937152,2776.794086,1454.778549,0.589975059,996.00798,0,0,0,107.9736096,198.5936891,168.2417975,217.555867,18563.92546,0,329.9991778,0,233.8090944,0,0,283.4456391,0, 
100, eco2,1,1239,0,0,298.0089334,3403.338559,248.3171311,636.8070906,0,39.90160825,10668.74975,0,189.6116309,1330.192182,220.421609,0,0,13.10228225,0,541.1600753,0,0,338.160687,14603.38187,0,500.4360901,0,0,0,60.14577143,423.8810261,0, 
100, eco3,2,689,0,0,0,132.3151397,31.58432785,1991.27463,0,12.08430625,11011.98654,0,59.16991761,99.79300832,1.202320755,17.79313776,0,0,0,4.057521511,2.520117011,0,30.38182586,27129.21763,0,3.555945243,0,0,0,41.16524107,34.88916704,0, 
100, eco4,3,23,0,0,0,1553.341262,0,1045.91243,0,0,9395.050996,0,0,736.0695218,38.14276905,0,0,0,0,45.90876664,85.35759918,0,0,23782.56226,0,143.3124874,0,0,0,142.3759481,0,0, 
100, eco6,4,3,0,0,0,17.39216195,0,0,0,10.54355272,21348.26131,0,0,69.65361866,0,0,0,0,0,0,0,0,0,20296.17913,0,0,0,0,0,0,0,0, 
100, eco7,5,44,0,0,0,2944.578457,0,0,0,219.8439439,9802.126597,0,0,2276.538626,0,28.04618073,0,0,0,165.8167406,282.0152167,0,0,19840.37504,0,172.8142276,0,0,0,0,0,0, 
100, eco8,6,6,0,0,0,3896.033616,0,0,0,989.9200083,9211.299334,0,0,3969.441824,0,0,0,0,0,0,625.542881,0,0,15982.32601,0,19.44180171,0,0,0,0,0,0, 
100, eco10,7,1861,331.2506164,0,358.7742678,3383.08632,0,163.2511869,0,191.9771289,7164.771333,428.9145848,329.8740196,2560.746287,0,646.4620925,0,0,24.42264633,555.4423497,635.9911092,428.3752454,12.99990893,17085.39625,0,489.818261,0,279.5346799,0,145.2354563,0,0, 
100, eco11,8,554,0,0,1021.465618,4412.80356,0,95.12333536,0,1043.494643,2845.295245,943.6813652,573.0779877,2898.471205,9.210297692,1274.583883,7.161425002,0,55.05195874,862.1152387,740.9601298,927.3000155,48.87105283,14712.04629,0,587.9033843,0,979.1301602,0,24.72671721,0,125.5050446, 
100, eco12,9,71,0,0,0,2427.883941,0,233.6179096,0,972.3199042,6477.636593,311.8636486,0,1756.762465,0,0,1.80964114,0,342.1644736,758.5303562,0,238.1194638,0,23681.06842,0,51.07922689,0,0,0,0,0,298.9603069, 
100, eco14,10,1,0,0,0,3704.13681,0,0,0,249.9061279,11729.14665,0,0,2568.189844,0,0,0,0,0,0,0,0,0,16928.99933,0,0,0,0,0,0,0,0, 
100, eco16,11,3333,0,4.633267773,169.0141446,366.170403,0,131.7604595,0,18.52417805,17954.03655,0,111.641085,219.6988245,0,0.675246435,0.60691858,4.784828593,2.336926648,26.32450715,0,0,4.680022223,20627.46708,0,44.08998982,0,0,0,18.96211274,15.11078895,10.5667091, 
100, eco17,12,7434,0,165.7324033,49.48126834,593.6593719,0,467.6080059,0,255.0894459,17797.04272,43.55530658,436.4721026,838.2145382,0.305745519,91.22624614,0.0444507,6.902554432,0.950381241,91.27340234,77.84798252,55.17737838,41.62957826,22071.71504,28.84414998,40.25408306,78.57077387,18.18614384,0,108.8778393,21.23545842,0.619088825, 
100, eco18,13,2972,0,154.164282,0.13079872,925.3006652,0,67.46878135,0,46.36676948,13120.18407,87.09073305,272.8567103,576.9162915,0.118563722,135.7945984,0.295370439,0,0.81459366,159.0803389,187.4218424,11.31690057,47.82136319,23101.83692,288.2059398,80.02681477,67.64715079,47.97492895,0,89.14430391,35.20089757,0.278700913, 
100, eco19,14,2108,0,0,17.67080919,2156.883057,0,101.6995015,0,173.7496204,12110.61691,0,28.62948383,3132.664658,3.500062383,0,0,0,0,821.4365059,0,0,362.5077429,17982.38558,30.41635458,269.3392396,6.405899363,0,0,573.1667327,279.5281638,0, 
100, eco20,15,39,0,0,0,2662.577283,0,0,0,0,8675.151123,0,0,1144.923488,0,0,0,0,0,442.6286343,0,0,0,23320.63063,0,262.3144149,0,0,0,29.40697538,0,0, 
100, eco21,16,98,0,0,0.028584035,42.20996298,0,0,0,0.438546687,29131.23823,0,0,64.04288803,0,0,0,0,0,11.64590556,0,0,0,12232.44189,0,0.860317323,0,0,0,1.988187615,0,0, 
100, eco22,17,695,0,0,0.364427565,43.55881112,0,0,0,5.800414039,26838.22166,0,0,76.64148141,0,0.080328023,0,0,0,25.50756183,0,0,9.467599794,16111.83208,0,0.222739069,1.219165944,0,0,20.15706724,0,0, 
100, eco23,18,688,0,0,106.282143,685.7691972,0,0,0,62.27421735,19550.19355,0,0,691.6362613,25.53085845,0,0,0,20.56946941,128.6142578,0,0,31.51478306,18044.64298,0,5.60214745,0.128075026,0,0,128.1414416,0,0, 
100, eco24,19,567,0,0,181.6712811,1147.239074,0,0,0,92.42103291,24536.91533,161.1074232,0,1404.845437,56.60707008,208.1104758,0,0,5.235730925,297.0740293,0.049367447,0,14.05575186,12095.99756,103.6013319,142.9053731,26.45865813,77.16392487,0,290.1491894,0,0, 
100, eco25,20,12,0,0,0,3304.974488,0,0,0,234.9764366,14604.37098,619.4184273,0,4144.363726,0,18.86072985,0,0,0,1000.502485,0,0,0,8728.54362,0,307.1089503,0,1114.992683,0,952.4043549,0,0, 
100, eco26,21,860,0,0,818.5087111,3574.33307,0,139.6347705,0,65.39087196,7921.556411,0,39.41316543,2549.726089,0,0,0,0,0,435.3746179,0,0,0,18253.0433,25.1544893,445.5615558,0,0,0,274.0648126,0,0, 
100, eco27,22,878,0,1.795766009,1183.522953,3973.626776,0,89.39020172,0,31.98334517,8323.59669,583.2356018,317.1178024,3027.415466,1.352087435,446.8656724,0,0,0,672.0721219,119.5555952,73.12321598,2.638712666,14526.56419,131.4735759,318.1580863,0.990773929,772.2276328,0,290.033338,0,0, 
100, eco28,23,746,0,225.4960735,148.8431458,2451.762658,0,96.76180028,0,43.9975685,6235.936598,330.9004993,263.1685725,1840.657005,151.3935679,568.196828,48.75707531,0,0,282.8909828,735.233004,21.71216075,261.8171556,21588.55203,0,199.2467415,1.918457659,28.4722469,0,170.0669804,13.29963428,0, 
100, eco29,24,2644,0,22.3820642,633.9695455,3160.203351,0,31.43260623,0,2812.537797,5255.083041,1711.306731,110.1481136,4618.291338,129.1341808,1135.489597,0.024765193,0,0.328325451,412.0610615,357.3229114,0,286.8351536,12869.54399,80.19596477,153.4997069,371.7052925,241.3824435,0,1182.999159,129.8760908,0, 
100, eco30,25,39,0,0,0,1355.339454,0,0,0,54.4044432,14496.5376,163.0765501,0,1003.782944,0,77.8196064,0,0,0,255.2339224,0,0,0,20444.78369,0,132.257478,68.41607108,339.0287925,0,130.9634966,0,0, 
100, none,26,0, NaN, NaN, NaN, NaN, NaN, NaN, NaN, NaN, NaN, NaN, NaN, NaN, NaN, NaN, NaN, NaN, NaN, NaN, NaN, NaN, NaN, NaN, NaN, NaN, NaN, NaN, NaN, NaN, NaN, NaN, 
100, eco100,27,0, NaN, NaN, NaN, NaN, NaN, NaN, NaN, NaN, NaN, NaN, NaN, NaN, NaN, NaN, NaN, NaN, NaN, NaN, NaN, NaN, NaN, NaN, NaN, NaN, NaN, NaN, NaN, NaN, NaN, NaN, 
100, eco102,28,0, NaN, NaN, NaN, NaN, NaN, NaN, NaN, NaN, NaN, NaN, NaN, NaN, NaN, NaN, NaN, NaN, NaN, NaN, NaN, NaN, NaN, NaN, NaN, NaN, NaN, NaN, NaN, NaN, NaN, NaN, 
100, eco104,29,0, NaN, NaN, NaN, NaN, NaN, NaN, NaN, NaN, NaN, NaN, NaN, NaN, NaN, NaN, NaN, NaN, NaN, NaN, NaN, NaN, NaN, NaN, NaN, NaN, NaN, NaN, NaN, NaN, NaN, NaN, 
,,,,,,,,,,,,,,,,,,,,,,,,,,,,,,,,,,
,,,,,,,,,,,,,,,,,,,,,,,,,,,,,,,,,,
,,,,,,,,,,,,,,,,,,,,,,,,,,,,,,,,,,
,,,,,,,,,,,,,,,,,,,,,,,,,,,,,,,,,,
,,,,,,,,,,,,,,,,,,,,,,,,,,,,,,,,,,
,,,,,,,,,,,,,,,,,,,,,,,,,,,,,,,,,,
,,,,,,,,,,,,,,,,,,,,,,,,,,,,,,,,,,
,,,,,,,,,,,,,,,,,,,,,,,,,,,,,,,,,,
,,,,,,,,,,,,,,,,,,,,,,,,,,,,,,,,,,
,,,,,,,,,,,,,,,,,,,,,,,,,,,,,,,,,,
,,,,,,,,,,,,,,,,,,,,,,,,,,,,,,,,,,
,,,,,,,,,,,,,,,,,,,,,,,,,,,,,,,,,,
,,,,,,,,,,,,,,,,,,,,,,,,,,,,,,,,,,
,,,,,,,,,,,,,,,,,,,,,,,,,,,,,,,,,,
,,,,,,,,,,,,,,,,,,,,,,,,,,,,,,,,,,
,,,,,,,,,,,,,,,,,,,,,,,,,,,,,,,,,,
,,,,,,,,,,,,,,,,,,,,,,,,,,,,,,,,,,
,,,,,,,,,,,,,,,,,,,,,,,,,,,,,,,,,,
,,,,,,,,,,,,,,,,,,,,,,,,,,,,,,,,,,
,,,,,,,,,,,,,,,,,,,,,,,,,,,,,,,,,,
,,,,,,,,,,,,,,,,,,,,,,,,,,,,,,,,,,
,,,,,,,,,,,,,,,,,,,,,,,,,,,,,,,,,,
,,,,,,,,,,,,,,,,,,,,,,,,,,,,,,,,,,
,,,,,,,,,,,,,,,,,,,,,,,,,,,,,,,,,,
,,,,,,,,,,,,,,,,,,,,,,,,,,,,,,,,,,
,,,,,,,,,,,,,,,,,,,,,,,,,,,,,,,,,,
,,,,,,,,,,,,,,,,,,,,,,,,,,,,,,,,,,
,,,,,,,,,,,,,,,,,,,,,,,,,,,,,,,,,,
,,,,,,,,,,,,,,,,,,,,,,,,,,,,,,,,,,
,,,,,,,,,,,,,,,,,,,,,,,,,,,,,,,,,,
,,,,,,,,,,,,,,,,,,,,,,,,,,,,,,,,,,
,,,,,,,,,,,,,,,,,,,,,,,,,,,,,,,,,,
,,,,,,,,,,,,,,,,,,,,,,,,,,,,,,,,,,
,,,,,,,,,,,,,,,,,,,,,,,,,,,,,,,,,,
,,,,,,,,,,,,,,,,,,,,,,,,,,,,,,,,,,
,,,,,,,,,,,,,,,,,,,,,,,,,,,,,,,,,,
,,,,,,,,,,,,,,,,,,,,,,,,,,,,,,,,,,
,,,,,,,,,,,,,,,,,,,,,,,,,,,,,,,,,,
,,,,,,,,,,,,,,,,,,,,,,,,,,,,,,,,,,
,,,,,,,,,,,,,,,,,,,,,,,,,,,,,,,,,,
,,,,,,,,,,,,,,,,,,,,,,,,,,,,,,,,,,
,,,,,,,,,,,,,,,,,,,,,,,,,,,,,,,,,,
,,,,,,,,,,,,,,,,,,,,,,,,,,,,,,,,,,
,,,,,,,,,,,,,,,,,,,,,,,,,,,,,,,,,,
,,,,,,,,,,,,,,,,,,,,,,,,,,,,,,,,,,
,,,,,,,,,,,,,,,,,,,,,,,,,,,,,,,,,,
,,,,,,,,,,,,,,,,,,,,,,,,,,,,,,,,,,
,,,,,,,,,,,,,,,,,,,,,,,,,,,,,,,,,,
,,,,,,,,,,,,,,,,,,,,,,,,,,,,,,,,,,
,,,,,,,,,,,,,,,,,,,,,,,,,,,,,,,,,,
,,,,,,,,,,,,,,,,,,,,,,,,,,,,,,,,,,
,,,,,,,,,,,,,,,,,,,,,,,,,,,,,,,,,,
,,,,,,,,,,,,,,,,,,,,,,,,,,,,,,,,,,
,,,,,,,,,,,,,,,,,,,,,,,,,,,,,,,,,,
,,,,,,,,,,,,,,,,,,,,,,,,,,,,,,,,,,
,,,,,,,,,,,,,,,,,,,,,,,,,,,,,,,,,,
,,,,,,,,,,,,,,,,,,,,,,,,,,,,,,,,,,
,,,,,,,,,,,,,,,,,,,,,,,,,,,,,,,,,,
,,,,,,,,,,,,,,,,,,,,,,,,,,,,,,,,,,
,,,,,,,,,,,,,,,,,,,,,,,,,,,,,,,,,,
,,,,,,,,,,,,,,,,,,,,,,,,,,,,,,,,,,
,,,,,,,,,,,,,,,,,,,,,,,,,,,,,,,,,,
,,,,,,,,,,,,,,,,,,,,,,,,,,,,,,,,,,
,,,,,,,,,,,,,,,,,,,,,,,,,,,,,,,,,,
,,,,,,,,,,,,,,,,,,,,,,,,,,,,,,,,,,
,,,,,,,,,,,,,,,,,,,,,,,,,,,,,,,,,,
,,,,,,,,,,,,,,,,,,,,,,,,,,,,,,,,,,
,,,,,,,,,,,,,,,,,,,,,,,,,,,,,,,,,,
,,,,,,,,,,,,,,,,,,,,,,,,,,,,,,,,,,
,,,,,,,,,,,,,,,,,,,,,,,,,,,,,,,,,,
,,,,,,,,,,,,,,,,,,,,,,,,,,,,,,,,,,
,,,,,,,,,,,,,,,,,,,,,,,,,,,,,,,,,,
,,,,,,,,,,,,,,,,,,,,,,,,,,,,,,,,,,
,,,,,,,,,,,,,,,,,,,,,,,,,,,,,,,,,,
,,,,,,,,,,,,,,,,,,,,,,,,,,,,,,,,,,
,,,,,,,,,,,,,,,,,,,,,,,,,,,,,,,,,,
,,,,,,,,,,,,,,,,,,,,,,,,,,,,,,,,,,
,,,,,,,,,,,,,,,,,,,,,,,,,,,,,,,,,,
,,,,,,,,,,,,,,,,,,,,,,,,,,,,,,,,,,
,,,,,,,,,,,,,,,,,,,,,,,,,,,,,,,,,,
,,,,,,,,,,,,,,,,,,,,,,,,,,,,,,,,,,
,,,,,,,,,,,,,,,,,,,,,,,,,,,,,,,,,,
,,,,,,,,,,,,,,,,,,,,,,,,,,,,,,,,,,
,,,,,,,,,,,,,,,,,,,,,,,,,,,,,,,,,,
,,,,,,,,,,,,,,,,,,,,,,,,,,,,,,,,,,
,,,,,,,,,,,,,,,,,,,,,,,,,,,,,,,,,,
,,,,,,,,,,,,,,,,,,,,,,,,,,,,,,,,,,
,,,,,,,,,,,,,,,,,,,,,,,,,,,,,,,,,,
,,,,,,,,,,,,,,,,,,,,,,,,,,,,,,,,,,
,,,,,,,,,,,,,,,,,,,,,,,,,,,,,,,,,,
,,,,,,,,,,,,,,,,,,,,,,,,,,,,,,,,,,
,,,,,,,,,,,,,,,,,,,,,,,,,,,,,,,,,,
,,,,,,,,,,,,,,,,,,,,,,,,,,,,,,,,,,
,,,,,,,,,,,,,,,,,,,,,,,,,,,,,,,,,,
,,,,,,,,,,,,,,,,,,,,,,,,,,,,,,,,,,
,,,,,,,,,,,,,,,,,,,,,,,,,,,,,,,,,,
,,,,,,,,,,,,,,,,,,,,,,,,,,,,,,,,,,
,,,,,,,,,,,,,,,,,,,,,,,,,,,,,,,,,,
,,,,,,,,,,,,,,,,,,,,,,,,,,,,,,,,,,
,,,,,,,,,,,,,,,,,,,,,,,,,,,,,,,,,,
,,,,,,,,,,,,,,,,,,,,,,,,,,,,,,,,,,
,,,,,,,,,,,,,,,,,,,,,,,,,,,,,,,,,,
,,,,,,,,,,,,,,,,,,,,,,,,,,,,,,,,,,
,,,,,,,,,,,,,,,,,,,,,,,,,,,,,,,,,,
,,,,,,,,,,,,,,,,,,,,,,,,,,,,,,,,,,
,,,,,,,,,,,,,,,,,,,,,,,,,,,,,,,,,,
,,,,,,,,,,,,,,,,,,,,,,,,,,,,,,,,,,
,,,,,,,,,,,,,,,,,,,,,,,,,,,,,,,,,,
,,,,,,,,,,,,,,,,,,,,,,,,,,,,,,,,,,
,,,,,,,,,,,,,,,,,,,,,,,,,,,,,,,,,,
,,,,,,,,,,,,,,,,,,,,,,,,,,,,,,,,,,
,,,,,,,,,,,,,,,,,,,,,,,,,,,,,,,,,,
,,,,,,,,,,,,,,,,,,,,,,,,,,,,,,,,,,
,,,,,,,,,,,,,,,,,,,,,,,,,,,,,,,,,,
,,,,,,,,,,,,,,,,,,,,,,,,,,,,,,,,,,
,,,,,,,,,,,,,,,,,,,,,,,,,,,,,,,,,,
,,,,,,,,,,,,,,,,,,,,,,,,,,,,,,,,,,
,,,,,,,,,,,,,,,,,,,,,,,,,,,,,,,,,,
,,,,,,,,,,,,,,,,,,,,,,,,,,,,,,,,,,
,,,,,,,,,,,,,,,,,,,,,,,,,,,,,,,,,,
,,,,,,,,,,,,,,,,,,,,,,,,,,,,,,,,,,
,,,,,,,,,,,,,,,,,,,,,,,,,,,,,,,,,,
,,,,,,,,,,,,,,,,,,,,,,,,,,,,,,,,,,
,,,,,,,,,,,,,,,,,,,,,,,,,,,,,,,,,,
,,,,,,,,,,,,,,,,,,,,,,,,,,,,,,,,,,
,,,,,,,,,,,,,,,,,,,,,,,,,,,,,,,,,,
,,,,,,,,,,,,,,,,,,,,,,,,,,,,,,,,,,
,,,,,,,,,,,,,,,,,,,,,,,,,,,,,,,,,,
,,,,,,,,,,,,,,,,,,,,,,,,,,,,,,,,,,
,,,,,,,,,,,,,,,,,,,,,,,,,,,,,,,,,,
,,,,,,,,,,,,,,,,,,,,,,,,,,,,,,,,,,
,,,,,,,,,,,,,,,,,,,,,,,,,,,,,,,,,,
,,,,,,,,,,,,,,,,,,,,,,,,,,,,,,,,,,
,,,,,,,,,,,,,,,,,,,,,,,,,,,,,,,,,,
,,,,,,,,,,,,,,,,,,,,,,,,,,,,,,,,,,
,,,,,,,,,,,,,,,,,,,,,,,,,,,,,,,,,,
,,,,,,,,,,,,,,,,,,,,,,,,,,,,,,,,,,
,,,,,,,,,,,,,,,,,,,,,,,,,,,,,,,,,,
,,,,,,,,,,,,,,,,,,,,,,,,,,,,,,,,,,
,,,,,,,,,,,,,,,,,,,,,,,,,,,,,,,,,,
,,,,,,,,,,,,,,,,,,,,,,,,,,,,,,,,,,
,,,,,,,,,,,,,,,,,,,,,,,,,,,,,,,,,,
,,,,,,,,,,,,,,,,,,,,,,,,,,,,,,,,,,
,,,,,,,,,,,,,,,,,,,,,,,,,,,,,,,,,,
,,,,,,,,,,,,,,,,,,,,,,,,,,,,,,,,,,
,,,,,,,,,,,,,,,,,,,,,,,,,,,,,,,,,,
,,,,,,,,,,,,,,,,,,,,,,,,,,,,,,,,,,
,,,,,,,,,,,,,,,,,,,,,,,,,,,,,,,,,,
,,,,,,,,,,,,,,,,,,,,,,,,,,,,,,,,,,
,,,,,,,,,,,,,,,,,,,,,,,,,,,,,,,,,,
,,,,,,,,,,,,,,,,,,,,,,,,,,,,,,,,,,
,,,,,,,,,,,,,,,,,,,,,,,,,,,,,,,,,,
,,,,,,,,,,,,,,,,,,,,,,,,,,,,,,,,,,
,,,,,,,,,,,,,,,,,,,,,,,,,,,,,,,,,,
,,,,,,,,,,,,,,,,,,,,,,,,,,,,,,,,,,
,,,,,,,,,,,,,,,,,,,,,,,,,,,,,,,,,,
,,,,,,,,,,,,,,,,,,,,,,,,,,,,,,,,,,
,,,,,,,,,,,,,,,,,,,,,,,,,,,,,,,,,,
,,,,,,,,,,,,,,,,,,,,,,,,,,,,,,,,,,
,,,,,,,,,,,,,,,,,,,,,,,,,,,,,,,,,,
,,,,,,,,,,,,,,,,,,,,,,,,,,,,,,,,,,
,,,,,,,,,,,,,,,,,,,,,,,,,,,,,,,,,,
,,,,,,,,,,,,,,,,,,,,,,,,,,,,,,,,,,
,,,,,,,,,,,,,,,,,,,,,,,,,,,,,,,,,,
,,,,,,,,,,,,,,,,,,,,,,,,,,,,,,,,,,
,,,,,,,,,,,,,,,,,,,,,,,,,,,,,,,,,,
,,,,,,,,,,,,,,,,,,,,,,,,,,,,,,,,,,
,,,,,,,,,,,,,,,,,,,,,,,,,,,,,,,,,,
,,,,,,,,,,,,,,,,,,,,,,,,,,,,,,,,,,
,,,,,,,,,,,,,,,,,,,,,,,,,,,,,,,,,,
,,,,,,,,,,,,,,,,,,,,,,,,,,,,,,,,,,
,,,,,,,,,,,,,,,,,,,,,,,,,,,,,,,,,,
,,,,,,,,,,,,,,,,,,,,,,,,,,,,,,,,,,
,,,,,,,,,,,,,,,,,,,,,,,,,,,,,,,,,,
,,,,,,,,,,,,,,,,,,,,,,,,,,,,,,,,,,
,,,,,,,,,,,,,,,,,,,,,,,,,,,,,,,,,,
,,,,,,,,,,,,,,,,,,,,,,,,,,,,,,,,,,
,,,,,,,,,,,,,,,,,,,,,,,,,,,,,,,,,,
,,,,,,,,,,,,,,,,,,,,,,,,,,,,,,,,,,
,,,,,,,,,,,,,,,,,,,,,,,,,,,,,,,,,,
,,,,,,,,,,,,,,,,,,,,,,,,,,,,,,,,,,
,,,,,,,,,,,,,,,,,,,,,,,,,,,,,,,,,,
,,,,,,,,,,,,,,,,,,,,,,,,,,,,,,,,,,
,,,,,,,,,,,,,,,,,,,,,,,,,,,,,,,,,,
,,,,,,,,,,,,,,,,,,,,,,,,,,,,,,,,,,
,,,,,,,,,,,,,,,,,,,,,,,,,,,,,,,,,,
,,,,,,,,,,,,,,,,,,,,,,,,,,,,,,,,,,
,,,,,,,,,,,,,,,,,,,,,,,,,,,,,,,,,,
,,,,,,,,,,,,,,,,,,,,,,,,,,,,,,,,,,
,,,,,,,,,,,,,,,,,,,,,,,,,,,,,,,,,,
,,,,,,,,,,,,,,,,,,,,,,,,,,,,,,,,,,
,,,,,,,,,,,,,,,,,,,,,,,,,,,,,,,,,,
,,,,,,,,,,,,,,,,,,,,,,,,,,,,,,,,,,
,,,,,,,,,,,,,,,,,,,,,,,,,,,,,,,,,,
,,,,,,,,,,,,,,,,,,,,,,,,,,,,,,,,,,
,,,,,,,,,,,,,,,,,,,,,,,,,,,,,,,,,,
,,,,,,,,,,,,,,,,,,,,,,,,,,,,,,,,,,
,,,,,,,,,,,,,,,,,,,,,,,,,,,,,,,,,,
,,,,,,,,,,,,,,,,,,,,,,,,,,,,,,,,,,
,,,,,,,,,,,,,,,,,,,,,,,,,,,,,,,,,,
,,,,,,,,,,,,,,,,,,,,,,,,,,,,,,,,,,
,,,,,,,,,,,,,,,,,,,,,,,,,,,,,,,,,,
,,,,,,,,,,,,,,,,,,,,,,,,,,,,,,,,,,
,,,,,,,,,,,,,,,,,,,,,,,,,,,,,,,,,,
,,,,,,,,,,,,,,,,,,,,,,,,,,,,,,,,,,
,,,,,,,,,,,,,,,,,,,,,,,,,,,,,,,,,,
,,,,,,,,,,,,,,,,,,,,,,,,,,,,,,,,,,
,,,,,,,,,,,,,,,,,,,,,,,,,,,,,,,,,,
,,,,,,,,,,,,,,,,,,,,,,,,,,,,,,,,,,
,,,,,,,,,,,,,,,,,,,,,,,,,,,,,,,,,,
,,,,,,,,,,,,,,,,,,,,,,,,,,,,,,,,,,
,,,,,,,,,,,,,,,,,,,,,,,,,,,,,,,,,,
,,,,,,,,,,,,,,,,,,,,,,,,,,,,,,,,,,
,,,,,,,,,,,,,,,,,,,,,,,,,,,,,,,,,,
,,,,,,,,,,,,,,,,,,,,,,,,,,,,,,,,,,
,,,,,,,,,,,,,,,,,,,,,,,,,,,,,,,,,,
,,,,,,,,,,,,,,,,,,,,,,,,,,,,,,,,,,
,,,,,,,,,,,,,,,,,,,,,,,,,,,,,,,,,,
,,,,,,,,,,,,,,,,,,,,,,,,,,,,,,,,,,
,,,,,,,,,,,,,,,,,,,,,,,,,,,,,,,,,,
,,,,,,,,,,,,,,,,,,,,,,,,,,,,,,,,,,
,,,,,,,,,,,,,,,,,,,,,,,,,,,,,,,,,,
,,,,,,,,,,,,,,,,,,,,,,,,,,,,,,,,,,
,,,,,,,,,,,,,,,,,,,,,,,,,,,,,,,,,,
,,,,,,,,,,,,,,,,,,,,,,,,,,,,,,,,,,
,,,,,,,,,,,,,,,,,,,,,,,,,,,,,,,,,,
,,,,,,,,,,,,,,,,,,,,,,,,,,,,,,,,,,
,,,,,,,,,,,,,,,,,,,,,,,,,,,,,,,,,,
,,,,,,,,,,,,,,,,,,,,,,,,,,,,,,,,,,
,,,,,,,,,,,,,,,,,,,,,,,,,,,,,,,,,,
,,,,,,,,,,,,,,,,,,,,,,,,,,,,,,,,,,
,,,,,,,,,,,,,,,,,,,,,,,,,,,,,,,,,,
,,,,,,,,,,,,,,,,,,,,,,,,,,,,,,,,,,
,,,,,,,,,,,,,,,,,,,,,,,,,,,,,,,,,,
,,,,,,,,,,,,,,,,,,,,,,,,,,,,,,,,,,
,,,,,,,,,,,,,,,,,,,,,,,,,,,,,,,,,,
,,,,,,,,,,,,,,,,,,,,,,,,,,,,,,,,,,
,,,,,,,,,,,,,,,,,,,,,,,,,,,,,,,,,,
,,,,,,,,,,,,,,,,,,,,,,,,,,,,,,,,,,
,,,,,,,,,,,,,,,,,,,,,,,,,,,,,,,,,,
,,,,,,,,,,,,,,,,,,,,,,,,,,,,,,,,,,
,,,,,,,,,,,,,,,,,,,,,,,,,,,,,,,,,,
,,,,,,,,,,,,,,,,,,,,,,,,,,,,,,,,,,
,,,,,,,,,,,,,,,,,,,,,,,,,,,,,,,,,,
,,,,,,,,,,,,,,,,,,,,,,,,,,,,,,,,,,
,,,,,,,,,,,,,,,,,,,,,,,,,,,,,,,,,,
,,,,,,,,,,,,,,,,,,,,,,,,,,,,,,,,,,
,,,,,,,,,,,,,,,,,,,,,,,,,,,,,,,,,,
,,,,,,,,,,,,,,,,,,,,,,,,,,,,,,,,,,
,,,,,,,,,,,,,,,,,,,,,,,,,,,,,,,,,,
,,,,,,,,,,,,,,,,,,,,,,,,,,,,,,,,,,
,,,,,,,,,,,,,,,,,,,,,,,,,,,,,,,,,,
,,,,,,,,,,,,,,,,,,,,,,,,,,,,,,,,,,
,,,,,,,,,,,,,,,,,,,,,,,,,,,,,,,,,,
,,,,,,,,,,,,,,,,,,,,,,,,,,,,,,,,,,
,,,,,,,,,,,,,,,,,,,,,,,,,,,,,,,,,,
,,,,,,,,,,,,,,,,,,,,,,,,,,,,,,,,,,
,,,,,,,,,,,,,,,,,,,,,,,,,,,,,,,,,,
,,,,,,,,,,,,,,,,,,,,,,,,,,,,,,,,,,
,,,,,,,,,,,,,,,,,,,,,,,,,,,,,,,,,,
,,,,,,,,,,,,,,,,,,,,,,,,,,,,,,,,,,
,,,,,,,,,,,,,,,,,,,,,,,,,,,,,,,,,,
,,,,,,,,,,,,,,,,,,,,,,,,,,,,,,,,,,
,,,,,,,,,,,,,,,,,,,,,,,,,,,,,,,,,,
,,,,,,,,,,,,,,,,,,,,,,,,,,,,,,,,,,
,,,,,,,,,,,,,,,,,,,,,,,,,,,,,,,,,,
,,,,,,,,,,,,,,,,,,,,,,,,,,,,,,,,,,
,,,,,,,,,,,,,,,,,,,,,,,,,,,,,,,,,,
,,,,,,,,,,,,,,,,,,,,,,,,,,,,,,,,,,
,,,,,,,,,,,,,,,,,,,,,,,,,,,,,,,,,,
,,,,,,,,,,,,,,,,,,,,,,,,,,,,,,,,,,
,,,,,,,,,,,,,,,,,,,,,,,,,,,,,,,,,,
,,,,,,,,,,,,,,,,,,,,,,,,,,,,,,,,,,
,,,,,,,,,,,,,,,,,,,,,,,,,,,,,,,,,,
,,,,,,,,,,,,,,,,,,,,,,,,,,,,,,,,,,
,,,,,,,,,,,,,,,,,,,,,,,,,,,,,,,,,,
,,,,,,,,,,,,,,,,,,,,,,,,,,,,,,,,,,
,,,,,,,,,,,,,,,,,,,,,,,,,,,,,,,,,,
,,,,,,,,,,,,,,,,,,,,,,,,,,,,,,,,,,
,,,,,,,,,,,,,,,,,,,,,,,,,,,,,,,,,,
,,,,,,,,,,,,,,,,,,,,,,,,,,,,,,,,,,
,,,,,,,,,,,,,,,,,,,,,,,,,,,,,,,,,,
,,,,,,,,,,,,,,,,,,,,,,,,,,,,,,,,,,
,,,,,,,,,,,,,,,,,,,,,,,,,,,,,,,,,,
,,,,,,,,,,,,,,,,,,,,,,,,,,,,,,,,,,
,,,,,,,,,,,,,,,,,,,,,,,,,,,,,,,,,,
,,,,,,,,,,,,,,,,,,,,,,,,,,,,,,,,,,
,,,,,,,,,,,,,,,,,,,,,,,,,,,,,,,,,,
,,,,,,,,,,,,,,,,,,,,,,,,,,,,,,,,,,
,,,,,,,,,,,,,,,,,,,,,,,,,,,,,,,,,,
,,,,,,,,,,,,,,,,,,,,,,,,,,,,,,,,,,
,,,,,,,,,,,,,,,,,,,,,,,,,,,,,,,,,,
,,,,,,,,,,,,,,,,,,,,,,,,,,,,,,,,,,
,,,,,,,,,,,,,,,,,,,,,,,,,,,,,,,,,,
,,,,,,,,,,,,,,,,,,,,,,,,,,,,,,,,,,
,,,,,,,,,,,,,,,,,,,,,,,,,,,,,,,,,,
,,,,,,,,,,,,,,,,,,,,,,,,,,,,,,,,,,
,,,,,,,,,,,,,,,,,,,,,,,,,,,,,,,,,,
,,,,,,,,,,,,,,,,,,,,,,,,,,,,,,,,,,
,,,,,,,,,,,,,,,,,,,,,,,,,,,,,,,,,,
,,,,,,,,,,,,,,,,,,,,,,,,,,,,,,,,,,
,,,,,,,,,,,,,,,,,,,,,,,,,,,,,,,,,,
,,,,,,,,,,,,,,,,,,,,,,,,,,,,,,,,,,
,,,,,,,,,,,,,,,,,,,,,,,,,,,,,,,,,,
,,,,,,,,,,,,,,,,,,,,,,,,,,,,,,,,,,
,,,,,,,,,,,,,,,,,,,,,,,,,,,,,,,,,,
,,,,,,,,,,,,,,,,,,,,,,,,,,,,,,,,,,
,,,,,,,,,,,,,,,,,,,,,,,,,,,,,,,,,,
,,,,,,,,,,,,,,,,,,,,,,,,,,,,,,,,,,
,,,,,,,,,,,,,,,,,,,,,,,,,,,,,,,,,,
,,,,,,,,,,,,,,,,,,,,,,,,,,,,,,,,,,
,,,,,,,,,,,,,,,,,,,,,,,,,,,,,,,,,,
,,,,,,,,,,,,,,,,,,,,,,,,,,,,,,,,,,
,,,,,,,,,,,,,,,,,,,,,,,,,,,,,,,,,,
,,,,,,,,,,,,,,,,,,,,,,,,,,,,,,,,,,
,,,,,,,,,,,,,,,,,,,,,,,,,,,,,,,,,,
,,,,,,,,,,,,,,,,,,,,,,,,,,,,,,,,,,
,,,,,,,,,,,,,,,,,,,,,,,,,,,,,,,,,,
,,,,,,,,,,,,,,,,,,,,,,,,,,,,,,,,,,
,,,,,,,,,,,,,,,,,,,,,,,,,,,,,,,,,,
,,,,,,,,,,,,,,,,,,,,,,,,,,,,,,,,,,
,,,,,,,,,,,,,,,,,,,,,,,,,,,,,,,,,,
,,,,,,,,,,,,,,,,,,,,,,,,,,,,,,,,,,
,,,,,,,,,,,,,,,,,,,,,,,,,,,,,,,,,,
,,,,,,,,,,,,,,,,,,,,,,,,,,,,,,,,,,
,,,,,,,,,,,,,,,,,,,,,,,,,,,,,,,,,,
,,,,,,,,,,,,,,,,,,,,,,,,,,,,,,,,,,
,,,,,,,,,,,,,,,,,,,,,,,,,,,,,,,,,,
,,,,,,,,,,,,,,,,,,,,,,,,,,,,,,,,,,
,,,,,,,,,,,,,,,,,,,,,,,,,,,,,,,,,,
,,,,,,,,,,,,,,,,,,,,,,,,,,,,,,,,,,
,,,,,,,,,,,,,,,,,,,,,,,,,,,,,,,,,,
,,,,,,,,,,,,,,,,,,,,,,,,,,,,,,,,,,
,,,,,,,,,,,,,,,,,,,,,,,,,,,,,,,,,,
,,,,,,,,,,,,,,,,,,,,,,,,,,,,,,,,,,
,,,,,,,,,,,,,,,,,,,,,,,,,,,,,,,,,,
,,,,,,,,,,,,,,,,,,,,,,,,,,,,,,,,,,
,,,,,,,,,,,,,,,,,,,,,,,,,,,,,,,,,,
,,,,,,,,,,,,,,,,,,,,,,,,,,,,,,,,,,
,,,,,,,,,,,,,,,,,,,,,,,,,,,,,,,,,,
,,,,,,,,,,,,,,,,,,,,,,,,,,,,,,,,,,
,,,,,,,,,,,,,,,,,,,,,,,,,,,,,,,,,,
,,,,,,,,,,,,,,,,,,,,,,,,,,,,,,,,,,
,,,,,,,,,,,,,,,,,,,,,,,,,,,,,,,,,,
,,,,,,,,,,,,,,,,,,,,,,,,,,,,,,,,,,
,,,,,,,,,,,,,,,,,,,,,,,,,,,,,,,,,,
,,,,,,,,,,,,,,,,,,,,,,,,,,,,,,,,,,
,,,,,,,,,,,,,,,,,,,,,,,,,,,,,,,,,,
,,,,,,,,,,,,,,,,,,,,,,,,,,,,,,,,,,
,,,,,,,,,,,,,,,,,,,,,,,,,,,,,,,,,,
,,,,,,,,,,,,,,,,,,,,,,,,,,,,,,,,,,
,,,,,,,,,,,,,,,,,,,,,,,,,,,,,,,,,,
,,,,,,,,,,,,,,,,,,,,,,,,,,,,,,,,,,
,,,,,,,,,,,,,,,,,,,,,,,,,,,,,,,,,,
,,,,,,,,,,,,,,,,,,,,,,,,,,,,,,,,,,
,,,,,,,,,,,,,,,,,,,,,,,,,,,,,,,,,,
,,,,,,,,,,,,,,,,,,,,,,,,,,,,,,,,,,
,,,,,,,,,,,,,,,,,,,,,,,,,,,,,,,,,,
,,,,,,,,,,,,,,,,,,,,,,,,,,,,,,,,,,
,,,,,,,,,,,,,,,,,,,,,,,,,,,,,,,,,,
,,,,,,,,,,,,,,,,,,,,,,,,,,,,,,,,,,
,,,,,,,,,,,,,,,,,,,,,,,,,,,,,,,,,,
,,,,,,,,,,,,,,,,,,,,,,,,,,,,,,,,,,
,,,,,,,,,,,,,,,,,,,,,,,,,,,,,,,,,,
,,,,,,,,,,,,,,,,,,,,,,,,,,,,,,,,,,
,,,,,,,,,,,,,,,,,,,,,,,,,,,,,,,,,,
,,,,,,,,,,,,,,,,,,,,,,,,,,,,,,,,,,
,,,,,,,,,,,,,,,,,,,,,,,,,,,,,,,,,,
,,,,,,,,,,,,,,,,,,,,,,,,,,,,,,,,,,
,,,,,,,,,,,,,,,,,,,,,,,,,,,,,,,,,,
,,,,,,,,,,,,,,,,,,,,,,,,,,,,,,,,,,
,,,,,,,,,,,,,,,,,,,,,,,,,,,,,,,,,,
,,,,,,,,,,,,,,,,,,,,,,,,,,,,,,,,,,
,,,,,,,,,,,,,,,,,,,,,,,,,,,,,,,,,,
,,,,,,,,,,,,,,,,,,,,,,,,,,,,,,,,,,
,,,,,,,,,,,,,,,,,,,,,,,,,,,,,,,,,,
,,,,,,,,,,,,,,,,,,,,,,,,,,,,,,,,,,
,,,,,,,,,,,,,,,,,,,,,,,,,,,,,,,,,,
,,,,,,,,,,,,,,,,,,,,,,,,,,,,,,,,,,
,,,,,,,,,,,,,,,,,,,,,,,,,,,,,,,,,,
,,,,,,,,,,,,,,,,,,,,,,,,,,,,,,,,,,
,,,,,,,,,,,,,,,,,,,,,,,,,,,,,,,,,,
,,,,,,,,,,,,,,,,,,,,,,,,,,,,,,,,,,
,,,,,,,,,,,,,,,,,,,,,,,,,,,,,,,,,,
,,,,,,,,,,,,,,,,,,,,,,,,,,,,,,,,,,
,,,,,,,,,,,,,,,,,,,,,,,,,,,,,,,,,,
,,,,,,,,,,,,,,,,,,,,,,,,,,,,,,,,,,
,,,,,,,,,,,,,,,,,,,,,,,,,,,,,,,,,,
,,,,,,,,,,,,,,,,,,,,,,,,,,,,,,,,,,
,,,,,,,,,,,,,,,,,,,,,,,,,,,,,,,,,,
,,,,,,,,,,,,,,,,,,,,,,,,,,,,,,,,,,
,,,,,,,,,,,,,,,,,,,,,,,,,,,,,,,,,,
,,,,,,,,,,,,,,,,,,,,,,,,,,,,,,,,,,
,,,,,,,,,,,,,,,,,,,,,,,,,,,,,,,,,,
,,,,,,,,,,,,,,,,,,,,,,,,,,,,,,,,,,
,,,,,,,,,,,,,,,,,,,,,,,,,,,,,,,,,,
,,,,,,,,,,,,,,,,,,,,,,,,,,,,,,,,,,
,,,,,,,,,,,,,,,,,,,,,,,,,,,,,,,,,,
,,,,,,,,,,,,,,,,,,,,,,,,,,,,,,,,,,
,,,,,,,,,,,,,,,,,,,,,,,,,,,,,,,,,,
,,,,,,,,,,,,,,,,,,,,,,,,,,,,,,,,,,
,,,,,,,,,,,,,,,,,,,,,,,,,,,,,,,,,,
,,,,,,,,,,,,,,,,,,,,,,,,,,,,,,,,,,
,,,,,,,,,,,,,,,,,,,,,,,,,,,,,,,,,,
,,,,,,,,,,,,,,,,,,,,,,,,,,,,,,,,,,
,,,,,,,,,,,,,,,,,,,,,,,,,,,,,,,,,,
,,,,,,,,,,,,,,,,,,,,,,,,,,,,,,,,,,
,,,,,,,,,,,,,,,,,,,,,,,,,,,,,,,,,,
,,,,,,,,,,,,,,,,,,,,,,,,,,,,,,,,,,
,,,,,,,,,,,,,,,,,,,,,,,,,,,,,,,,,,
,,,,,,,,,,,,,,,,,,,,,,,,,,,,,,,,,,
,,,,,,,,,,,,,,,,,,,,,,,,,,,,,,,,,,
,,,,,,,,,,,,,,,,,,,,,,,,,,,,,,,,,,
,,,,,,,,,,,,,,,,,,,,,,,,,,,,,,,,,,
,,,,,,,,,,,,,,,,,,,,,,,,,,,,,,,,,,
,,,,,,,,,,,,,,,,,,,,,,,,,,,,,,,,,,
,,,,,,,,,,,,,,,,,,,,,,,,,,,,,,,,,,
,,,,,,,,,,,,,,,,,,,,,,,,,,,,,,,,,,
,,,,,,,,,,,,,,,,,,,,,,,,,,,,,,,,,,
,,,,,,,,,,,,,,,,,,,,,,,,,,,,,,,,,,
,,,,,,,,,,,,,,,,,,,,,,,,,,,,,,,,,,
,,,,,,,,,,,,,,,,,,,,,,,,,,,,,,,,,,
,,,,,,,,,,,,,,,,,,,,,,,,,,,,,,,,,,
,,,,,,,,,,,,,,,,,,,,,,,,,,,,,,,,,,
,,,,,,,,,,,,,,,,,,,,,,,,,,,,,,,,,,
,,,,,,,,,,,,,,,,,,,,,,,,,,,,,,,,,,
,,,,,,,,,,,,,,,,,,,,,,,,,,,,,,,,,,
,,,,,,,,,,,,,,,,,,,,,,,,,,,,,,,,,,
,,,,,,,,,,,,,,,,,,,,,,,,,,,,,,,,,,
,,,,,,,,,,,,,,,,,,,,,,,,,,,,,,,,,,
,,,,,,,,,,,,,,,,,,,,,,,,,,,,,,,,,,
,,,,,,,,,,,,,,,,,,,,,,,,,,,,,,,,,,
,,,,,,,,,,,,,,,,,,,,,,,,,,,,,,,,,,
,,,,,,,,,,,,,,,,,,,,,,,,,,,,,,,,,,
,,,,,,,,,,,,,,,,,,,,,,,,,,,,,,,,,,
,,,,,,,,,,,,,,,,,,,,,,,,,,,,,,,,,,
,,,,,,,,,,,,,,,,,,,,,,,,,,,,,,,,,,
,,,,,,,,,,,,,,,,,,,,,,,,,,,,,,,,,,
,,,,,,,,,,,,,,,,,,,,,,,,,,,,,,,,,,
,,,,,,,,,,,,,,,,,,,,,,,,,,,,,,,,,,
,,,,,,,,,,,,,,,,,,,,,,,,,,,,,,,,,,
,,,,,,,,,,,,,,,,,,,,,,,,,,,,,,,,,,
,,,,,,,,,,,,,,,,,,,,,,,,,,,,,,,,,,
,,,,,,,,,,,,,,,,,,,,,,,,,,,,,,,,,,
,,,,,,,,,,,,,,,,,,,,,,,,,,,,,,,,,,
