"Collapse","ID","Aesthetic","Recreation","mean_AGB"
1,1,4,2,396.107179366667
1,98,4,4,396.107179366667
1,74,4,4,396.107179366667
1,50,5,4,396.107179366667
1,26,5,5,396.107179366667
1,2,4,3,396.107179366667
1,99,4,5,396.107179366667
1,75,4,4,396.107179366667
1,51,4,4,396.107179366667
1,27,5,4,396.107179366667
1,3,5,4,396.107179366667
1,100,3,3,396.107179366667
1,76,2,2,396.107179366667
1,52,4,4,396.107179366667
1,28,4,4,396.107179366667
1,4,5,4,396.107179366667
1,101,5,1,396.107179366667
1,77,5,3,396.107179366667
1,53,5,5,396.107179366667
1,29,5,5,396.107179366667
1,5,4,3,396.107179366667
1,102,5,5,396.107179366667
1,78,5,5,396.107179366667
1,54,5,3,396.107179366667
1,30,5,4,396.107179366667
1,6,5,5,396.107179366667
1,103,5,5,396.107179366667
1,79,3,2,396.107179366667
1,55,4,3,396.107179366667
1,31,4,4,396.107179366667
1,7,3,3,396.107179366667
1,104,4,4,396.107179366667
1,80,2,1,396.107179366667
1,56,4,4,396.107179366667
1,32,4,3,396.107179366667
1,8,3,3,396.107179366667
1,105,4,4,396.107179366667
1,81,5,5,396.107179366667
1,57,3,3,396.107179366667
1,33,5,5,396.107179366667
1,9,3,3,396.107179366667
1,106,5,4,396.107179366667
1,82,4,2,396.107179366667
1,58,2,4,396.107179366667
1,34,5,5,396.107179366667
1,10,3,4,396.107179366667
1,107,3,3,396.107179366667
1,83,5,5,396.107179366667
1,59,4,3,396.107179366667
1,35,4,3,396.107179366667
1,11,4,5,396.107179366667
1,108,4,4,396.107179366667
1,84,4,4,396.107179366667
1,60,5,3,396.107179366667
1,36,4,4,396.107179366667
1,12,4,5,396.107179366667
1,109,3,3,396.107179366667
1,85,5,5,396.107179366667
1,61,4,2,396.107179366667
1,37,5,5,396.107179366667
1,13,5,4,396.107179366667
1,110,5,3,396.107179366667
1,86,5,5,396.107179366667
1,62,4,5,396.107179366667
1,38,5,5,396.107179366667
1,14,4,3,396.107179366667
1,111,4,3,396.107179366667
1,87,4,3,396.107179366667
1,63,5,5,396.107179366667
1,39,4,4,396.107179366667
1,15,4,4,396.107179366667
1,112,5,5,396.107179366667
1,88,5,5,396.107179366667
1,64,5,5,396.107179366667
1,40,4,4,396.107179366667
1,16,4,2,396.107179366667
1,113,3,3,396.107179366667
1,89,4,2,396.107179366667
1,65,4,4,396.107179366667
1,41,5,2,396.107179366667
1,17,4,2,396.107179366667
1,114,4,1,396.107179366667
1,90,5,3,396.107179366667
1,66,4,2,396.107179366667
1,42,3,2,396.107179366667
1,18,4,2,396.107179366667
1,115,5,3,396.107179366667
1,91,5,4,396.107179366667
1,67,3,3,396.107179366667
1,43,4,4,396.107179366667
1,19,4,2,396.107179366667
1,116,4,3,396.107179366667
1,92,2,2,396.107179366667
1,68,4,2,396.107179366667
1,44,5,2,396.107179366667
1,20,3,3,396.107179366667
1,117,4,4,396.107179366667
1,93,5,5,396.107179366667
1,69,4,4,396.107179366667
1,45,3,4,396.107179366667
1,21,5,4,396.107179366667
1,118,4,5,396.107179366667
1,94,5,2,396.107179366667
1,70,4,3,396.107179366667
1,46,5,4,396.107179366667
1,22,5,3,396.107179366667
1,119,5,3,396.107179366667
1,95,5,5,396.107179366667
1,71,3,3,396.107179366667
1,47,4,4,396.107179366667
1,23,4,5,396.107179366667
1,120,5,4,396.107179366667
1,96,5,5,396.107179366667
1,72,5,5,396.107179366667
1,48,5,5,396.107179366667
1,24,5,5,396.107179366667
1,121,4,4,396.107179366667
1,97,5,5,396.107179366667
1,73,5,3,396.107179366667
1,49,5,3,396.107179366667
1,25,2,3,396.107179366667
1,122,5,5,396.107179366667
1,149,5,5,396.107179366667
1,195,4,4,396.107179366667
1,171,4,4,396.107179366667
1,147,2,2,396.107179366667
1,123,4,4,396.107179366667
1,150,4,3,396.107179366667
1,196,4,4,396.107179366667
1,172,5,5,396.107179366667
1,148,5,5,396.107179366667
1,124,5,5,396.107179366667
1,151,3,4,396.107179366667
1,197,4,3,396.107179366667
1,173,4,4,396.107179366667
1,200,3,4,396.107179366667
1,125,4,4,396.107179366667
1,152,5,5,396.107179366667
1,198,4,2,396.107179366667
1,174,4,3,396.107179366667
1,131,3,4,396.107179366667
1,126,5,5,396.107179366667
1,153,5,5,396.107179366667
1,199,5,3,396.107179366667
1,175,3,3,396.107179366667
1,132,5,3,396.107179366667
1,127,5,3,396.107179366667
1,154,4,4,396.107179366667
1,130,5,5,396.107179366667
1,176,5,5,396.107179366667
1,133,4,5,396.107179366667
1,128,4,5,396.107179366667
1,155,5,5,396.107179366667
1,182,5,5,396.107179366667
1,177,4,2,396.107179366667
1,134,4,3,396.107179366667
1,129,4,4,396.107179366667
1,156,5,5,396.107179366667
1,183,4,3,396.107179366667
1,178,5,2,396.107179366667
1,135,5,5,396.107179366667
1,181,2,2,396.107179366667
1,157,5,5,396.107179366667
1,184,3,3,396.107179366667
1,179,5,5,396.107179366667
1,136,3,4,396.107179366667
1,163,5,5,396.107179366667
1,158,5,5,396.107179366667
1,185,4,4,396.107179366667
1,180,5,4,396.107179366667
1,137,4,4,396.107179366667
1,164,4,3,396.107179366667
1,159,5,5,396.107179366667
1,186,5,5,396.107179366667
1,162,3,3,396.107179366667
1,138,5,3,396.107179366667
1,165,5,5,396.107179366667
1,160,5,3,396.107179366667
1,187,4,4,396.107179366667
1,144,3,2,396.107179366667
1,139,3,3,396.107179366667
1,166,3,2,396.107179366667
1,161,4,3,396.107179366667
1,188,5,5,396.107179366667
1,145,5,5,396.107179366667
1,140,5,4,396.107179366667
1,167,4,3,396.107179366667
1,143,4,4,396.107179366667
1,189,5,5,396.107179366667
1,146,4,2,396.107179366667
1,141,5,5,396.107179366667
1,168,3,5,396.107179366667
1,169,4,4,396.107179366667
1,190,5,5,396.107179366667
1,191,5,5,396.107179366667
1,142,4,4,396.107179366667
1,194,4,4,396.107179366667
1,170,4,3,396.107179366667
1,192,5,5,396.107179366667
1,193,3,3,396.107179366667
2,5,2,2,257.182107866667
2,3,5,4,257.182107866667
2,4,4,4,257.182107866667
2,6,4,4,257.182107866667
2,2,4,4,257.182107866667
2,104,4,4,257.182107866667
2,10,4,4,257.182107866667
2,107,4,4,257.182107866667
2,7,3,3,257.182107866667
2,8,4,3,257.182107866667
2,105,4,4,257.182107866667
2,11,3,2,257.182107866667
2,108,3,4,257.182107866667
2,1,5,5,257.182107866667
2,9,4,3,257.182107866667
2,106,3,4,257.182107866667
2,12,4,4,257.182107866667
2,109,4,4,257.182107866667
2,15,3,3,257.182107866667
2,112,5,5,257.182107866667
2,18,2,4,257.182107866667
2,13,4,3,257.182107866667
2,110,5,4,257.182107866667
2,16,3,3,257.182107866667
2,113,4,4,257.182107866667
2,19,4,3,257.182107866667
2,14,2,3,257.182107866667
2,111,4,4,257.182107866667
2,17,4,3,257.182107866667
2,114,4,4,257.182107866667
2,20,2,4,257.182107866667
2,117,2,4,257.182107866667
2,23,3,5,257.182107866667
2,120,5,5,257.182107866667
2,115,4,4,257.182107866667
2,21,5,4,257.182107866667
2,118,4,5,257.182107866667
2,24,4,5,257.182107866667
2,121,4,4,257.182107866667
2,116,4,4,257.182107866667
2,22,4,4,257.182107866667
2,119,5,5,257.182107866667
2,25,4,4,257.182107866667
2,122,4,4,257.182107866667
2,98,4,4,257.182107866667
2,74,3,3,257.182107866667
2,50,2,3,257.182107866667
2,26,5,5,257.182107866667
2,123,4,4,257.182107866667
2,99,3,3,257.182107866667
2,75,3,4,257.182107866667
2,51,3,3,257.182107866667
2,27,5,4,257.182107866667
2,124,4,4,257.182107866667
2,100,4,4,257.182107866667
2,76,4,4,257.182107866667
2,52,3,3,257.182107866667
2,28,5,5,257.182107866667
2,125,4,4,257.182107866667
2,101,5,1,257.182107866667
2,77,5,4,257.182107866667
2,53,4,4,257.182107866667
2,29,5,5,257.182107866667
2,126,4,4,257.182107866667
2,102,5,5,257.182107866667
2,78,5,5,257.182107866667
2,54,3,3,257.182107866667
2,30,5,4,257.182107866667
2,127,4,4,257.182107866667
2,103,5,5,257.182107866667
2,79,4,4,257.182107866667
2,55,3,3,257.182107866667
2,31,4,4,257.182107866667
2,128,2,4,257.182107866667
2,34,4,4,257.182107866667
2,80,4,3,257.182107866667
2,56,3,4,257.182107866667
2,32,4,4,257.182107866667
2,129,3,3,257.182107866667
2,35,3,3,257.182107866667
2,81,5,5,257.182107866667
2,57,4,4,257.182107866667
2,33,4,4,257.182107866667
2,130,5,5,257.182107866667
2,36,2,3,257.182107866667
2,82,4,4,257.182107866667
2,58,4,4,257.182107866667
2,85,3,3,257.182107866667
2,131,4,4,257.182107866667
2,37,5,5,257.182107866667
2,83,4,5,257.182107866667
2,59,3,3,257.182107866667
2,86,5,5,257.182107866667
2,132,5,4,257.182107866667
2,38,5,5,257.182107866667
2,84,3,3,257.182107866667
2,60,5,4,257.182107866667
2,87,4,4,257.182107866667
2,133,3,5,257.182107866667
2,39,4,4,257.182107866667
2,136,4,4,257.182107866667
2,61,3,4,257.182107866667
2,88,5,5,257.182107866667
2,134,4,4,257.182107866667
2,40,4,4,257.182107866667
2,137,4,4,257.182107866667
2,62,3,3,257.182107866667
2,89,4,3,257.182107866667
2,135,5,5,257.182107866667
2,41,5,2,257.182107866667
2,138,5,3,257.182107866667
2,63,4,4,257.182107866667
2,90,5,4,257.182107866667
2,66,3,3,257.182107866667
2,42,4,3,257.182107866667
2,139,4,3,257.182107866667
2,64,5,5,257.182107866667
2,91,4,4,257.182107866667
2,67,3,3,257.182107866667
2,43,4,4,257.182107866667
2,140,4,4,257.182107866667
2,65,4,4,257.182107866667
2,92,5,5,257.182107866667
2,68,4,3,257.182107866667
2,44,5,4,257.182107866667
2,141,4,5,257.182107866667
2,47,4,4,257.182107866667
2,93,5,5,257.182107866667
2,69,4,4,257.182107866667
2,45,4,4,257.182107866667
2,142,4,4,257.182107866667
2,48,4,5,257.182107866667
2,94,3,3,257.182107866667
2,70,4,4,257.182107866667
2,46,4,5,257.182107866667
2,143,4,4,257.182107866667
2,49,5,4,257.182107866667
2,95,5,5,257.182107866667
2,71,4,4,257.182107866667
2,149,5,5,257.182107866667
2,144,2,2,257.182107866667
2,171,4,4,257.182107866667
2,96,5,5,257.182107866667
2,72,5,5,257.182107866667
2,150,4,3,257.182107866667
2,145,5,5,257.182107866667
2,172,5,5,257.182107866667
2,97,5,5,257.182107866667
2,73,4,4,257.182107866667
2,151,4,5,257.182107866667
2,146,5,4,257.182107866667
2,173,5,5,257.182107866667
2,200,3,4,257.182107866667
2,195,3,4,257.182107866667
2,152,4,3,257.182107866667
2,147,3,3,257.182107866667
2,174,2,2,257.182107866667
2,182,5,5,257.182107866667
2,196,4,4,257.182107866667
2,153,5,5,257.182107866667
2,148,5,5,257.182107866667
2,175,2,2,257.182107866667
2,183,4,4,257.182107866667
2,197,3,3,257.182107866667
2,154,4,4,257.182107866667
2,181,2,2,257.182107866667
2,176,5,5,257.182107866667
2,184,4,4,257.182107866667
2,198,3,4,257.182107866667
2,155,3,3,257.182107866667
2,163,5,5,257.182107866667
2,177,4,3,257.182107866667
2,185,5,5,257.182107866667
2,199,5,4,257.182107866667
2,156,4,4,257.182107866667
2,164,3,4,257.182107866667
2,178,5,5,257.182107866667
2,186,5,5,257.182107866667
2,162,3,3,257.182107866667
2,157,4,4,257.182107866667
2,165,5,5,257.182107866667
2,179,4,4,257.182107866667
2,187,3,3,257.182107866667
2,188,5,5,257.182107866667
2,158,5,5,257.182107866667
2,166,4,4,257.182107866667
2,180,5,5,257.182107866667
2,194,4,4,257.182107866667
2,189,5,4,257.182107866667
2,159,4,4,257.182107866667
2,167,4,4,257.182107866667
2,168,4,5,257.182107866667
2,169,4,4,257.182107866667
2,190,5,5,257.182107866667
2,160,4,4,257.182107866667
2,161,4,4,257.182107866667
2,193,4,4,257.182107866667
2,170,4,3,257.182107866667
2,191,3,3,257.182107866667
2,192,5,5,257.182107866667
3,9,3,3,195.579963841667
3,10,2,4,195.579963841667
3,11,2,2,195.579963841667
3,8,3,3,195.579963841667
3,21,5,5,195.579963841667
3,22,3,4,195.579963841667
3,23,3,5,195.579963841667
3,12,2,2,195.579963841667
3,7,3,3,195.579963841667
3,2,2,3,195.579963841667
3,16,1,2,195.579963841667
3,24,3,3,195.579963841667
3,13,2,2,195.579963841667
3,14,2,1,195.579963841667
3,3,4,4,195.579963841667
3,17,4,4,195.579963841667
3,25,4,4,195.579963841667
3,20,1,5,195.579963841667
3,15,2,2,195.579963841667
3,4,3,3,195.579963841667
3,18,2,3,195.579963841667
3,26,5,5,195.579963841667
3,104,4,4,195.579963841667
3,29,4,4,195.579963841667
3,5,3,3,195.579963841667
3,19,2,3,195.579963841667
3,27,5,4,195.579963841667
3,105,4,4,195.579963841667
3,30,5,4,195.579963841667
3,6,4,4,195.579963841667
3,1,3,5,195.579963841667
3,28,4,4,195.579963841667
3,106,2,3,195.579963841667
3,31,3,3,195.579963841667
3,128,3,3,195.579963841667
3,34,3,3,195.579963841667
3,131,3,3,195.579963841667
3,107,1,2,195.579963841667
3,32,3,3,195.579963841667
3,129,2,2,195.579963841667
3,35,2,4,195.579963841667
3,132,5,4,195.579963841667
3,108,4,4,195.579963841667
3,33,4,4,195.579963841667
3,130,5,5,195.579963841667
3,36,2,3,195.579963841667
3,133,2,5,195.579963841667
3,109,5,5,195.579963841667
3,136,4,4,195.579963841667
3,112,3,3,195.579963841667
3,37,5,5,195.579963841667
3,134,3,4,195.579963841667
3,110,5,4,195.579963841667
3,137,4,4,195.579963841667
3,113,4,4,195.579963841667
3,38,5,5,195.579963841667
3,135,5,5,195.579963841667
3,111,4,4,195.579963841667
3,138,5,3,195.579963841667
3,114,4,4,195.579963841667
3,39,4,4,195.579963841667
3,117,2,2,195.579963841667
3,42,4,3,195.579963841667
3,139,3,3,195.579963841667
3,115,3,5,195.579963841667
3,40,4,4,195.579963841667
3,118,4,5,195.579963841667
3,43,3,3,195.579963841667
3,140,3,4,195.579963841667
3,116,2,3,195.579963841667
3,41,5,4,195.579963841667
3,119,5,5,195.579963841667
3,44,4,3,195.579963841667
3,141,1,1,195.579963841667
3,47,3,3,195.579963841667
3,144,2,2,195.579963841667
3,120,4,5,195.579963841667
3,45,3,3,195.579963841667
3,142,4,4,195.579963841667
3,48,3,5,195.579963841667
3,145,4,3,195.579963841667
3,121,3,3,195.579963841667
3,46,3,4,195.579963841667
3,143,4,4,195.579963841667
3,49,4,4,195.579963841667
3,146,5,4,195.579963841667
3,122,3,3,195.579963841667
3,98,3,3,195.579963841667
3,74,4,4,195.579963841667
3,50,2,2,195.579963841667
3,147,3,3,195.579963841667
3,123,3,3,195.579963841667
3,99,2,3,195.579963841667
3,75,3,4,195.579963841667
3,51,2,2,195.579963841667
3,148,5,5,195.579963841667
3,124,3,3,195.579963841667
3,100,5,5,195.579963841667
3,76,3,3,195.579963841667
3,52,3,3,195.579963841667
3,149,4,4,195.579963841667
3,125,3,4,195.579963841667
3,101,5,1,195.579963841667
3,77,4,4,195.579963841667
3,53,4,4,195.579963841667
3,150,3,2,195.579963841667
3,126,3,3,195.579963841667
3,102,5,5,195.579963841667
3,78,5,5,195.579963841667
3,54,1,1,195.579963841667
3,151,4,4,195.579963841667
3,127,3,4,195.579963841667
3,103,5,5,195.579963841667
3,79,4,5,195.579963841667
3,55,3,3,195.579963841667
3,152,3,2,195.579963841667
3,58,4,4,195.579963841667
3,155,2,2,195.579963841667
3,80,3,2,195.579963841667
3,56,3,4,195.579963841667
3,153,5,5,195.579963841667
3,59,2,4,195.579963841667
3,156,2,2,195.579963841667
3,81,5,5,195.579963841667
3,57,2,2,195.579963841667
3,154,4,4,195.579963841667
3,60,4,4,195.579963841667
3,157,4,4,195.579963841667
3,82,3,4,195.579963841667
3,160,3,3,195.579963841667
3,85,2,2,195.579963841667
3,61,4,4,195.579963841667
3,158,5,5,195.579963841667
3,83,3,4,195.579963841667
3,161,3,3,195.579963841667
3,86,5,5,195.579963841667
3,62,2,2,195.579963841667
3,159,3,3,195.579963841667
3,84,2,2,195.579963841667
3,162,4,4,195.579963841667
3,87,5,4,195.579963841667
3,63,3,3,195.579963841667
3,90,4,4,195.579963841667
3,66,2,2,195.579963841667
3,163,5,5,195.579963841667
3,88,4,4,195.579963841667
3,64,4,4,195.579963841667
3,91,4,3,195.579963841667
3,67,4,4,195.579963841667
3,164,3,4,195.579963841667
3,89,3,3,195.579963841667
3,65,4,4,195.579963841667
3,92,5,5,195.579963841667
3,68,2,4,195.579963841667
3,165,4,4,195.579963841667
3,71,4,5,195.579963841667
3,168,2,4,195.579963841667
3,93,2,3,195.579963841667
3,69,3,3,195.579963841667
3,166,4,4,195.579963841667
3,72,5,5,195.579963841667
3,169,3,3,195.579963841667
3,94,2,4,195.579963841667
3,70,4,4,195.579963841667
3,167,2,3,195.579963841667
3,73,3,3,195.579963841667
3,170,4,3,195.579963841667
3,95,3,3,195.579963841667
3,173,5,5,195.579963841667
3,200,4,4,195.579963841667
3,195,1,3,195.579963841667
3,171,3,3,195.579963841667
3,96,5,5,195.579963841667
3,174,1,1,195.579963841667
3,182,4,4,195.579963841667
3,196,4,4,195.579963841667
3,172,5,5,195.579963841667
3,97,5,5,195.579963841667
3,175,1,2,195.579963841667
3,183,4,4,195.579963841667
3,197,2,2,195.579963841667
3,186,3,3,195.579963841667
3,181,4,2,195.579963841667
3,176,4,4,195.579963841667
3,184,5,5,195.579963841667
3,198,2,2,195.579963841667
3,187,3,3,195.579963841667
3,188,4,4,195.579963841667
3,177,3,3,195.579963841667
3,185,5,5,195.579963841667
3,199,5,4,195.579963841667
3,194,3,3,195.579963841667
3,189,3,3,195.579963841667
3,178,5,5,195.579963841667
3,179,4,4,195.579963841667
3,180,5,5,195.579963841667
3,193,3,3,195.579963841667
3,190,4,4,195.579963841667
3,191,2,2,195.579963841667
3,192,5,5,195.579963841667
4,9,3,3,85.5277348941667
4,10,2,3,85.5277348941667
4,31,3,3,85.5277348941667
4,8,3,2,85.5277348941667
4,40,5,5,85.5277348941667
4,41,4,3,85.5277348941667
4,11,2,1,85.5277348941667
4,32,3,3,85.5277348941667
4,33,3,3,85.5277348941667
4,34,2,2,85.5277348941667
4,42,3,3,85.5277348941667
4,12,1,1,85.5277348941667
4,7,3,3,85.5277348941667
4,21,5,5,85.5277348941667
4,35,2,4,85.5277348941667
4,43,3,3,85.5277348941667
4,13,2,1,85.5277348941667
4,14,1,2,85.5277348941667
4,22,2,5,85.5277348941667
4,36,1,3,85.5277348941667
4,44,2,3,85.5277348941667
4,39,4,4,85.5277348941667
4,15,2,2,85.5277348941667
4,23,5,5,85.5277348941667
4,37,5,5,85.5277348941667
4,45,3,4,85.5277348941667
4,2,3,3,85.5277348941667
4,16,1,2,85.5277348941667
4,24,3,3,85.5277348941667
4,38,5,5,85.5277348941667
4,46,3,3,85.5277348941667
4,3,5,5,85.5277348941667
4,17,5,5,85.5277348941667
4,25,5,4,85.5277348941667
4,20,1,5,85.5277348941667
4,47,3,2,85.5277348941667
4,4,2,2,85.5277348941667
4,18,2,3,85.5277348941667
4,26,5,5,85.5277348941667
4,53,4,4,85.5277348941667
4,48,3,5,85.5277348941667
4,5,4,3,85.5277348941667
4,19,2,4,85.5277348941667
4,27,5,5,85.5277348941667
4,54,1,1,85.5277348941667
4,49,4,3,85.5277348941667
4,6,4,4,85.5277348941667
4,1,2,5,85.5277348941667
4,28,3,4,85.5277348941667
4,55,2,2,85.5277348941667
4,50,4,4,85.5277348941667
4,128,3,1,85.5277348941667
4,104,3,3,85.5277348941667
4,29,4,4,85.5277348941667
4,56,3,4,85.5277348941667
4,51,2,2,85.5277348941667
4,129,2,2,85.5277348941667
4,105,3,3,85.5277348941667
4,30,5,3,85.5277348941667
4,57,2,2,85.5277348941667
4,52,2,2,85.5277348941667
4,130,5,5,85.5277348941667
4,106,1,2,85.5277348941667
4,152,3,2,85.5277348941667
4,58,4,4,85.5277348941667
4,155,2,2,85.5277348941667
4,131,4,4,85.5277348941667
4,107,1,2,85.5277348941667
4,153,5,5,85.5277348941667
4,59,2,4,85.5277348941667
4,156,2,2,85.5277348941667
4,132,5,5,85.5277348941667
4,108,5,5,85.5277348941667
4,154,3,3,85.5277348941667
4,60,3,4,85.5277348941667
4,157,4,4,85.5277348941667
4,133,1,5,85.5277348941667
4,109,4,4,85.5277348941667
4,136,3,3,85.5277348941667
4,61,4,5,85.5277348941667
4,158,4,4,85.5277348941667
4,134,3,4,85.5277348941667
4,110,3,3,85.5277348941667
4,137,4,4,85.5277348941667
4,62,3,4,85.5277348941667
4,159,2,2,85.5277348941667
4,135,5,5,85.5277348941667
4,111,3,4,85.5277348941667
4,138,4,3,85.5277348941667
4,63,2,2,85.5277348941667
4,160,2,2,85.5277348941667
4,66,1,1,85.5277348941667
4,112,4,4,85.5277348941667
4,139,4,3,85.5277348941667
4,64,5,5,85.5277348941667
4,161,3,3,85.5277348941667
4,67,2,3,85.5277348941667
4,113,4,4,85.5277348941667
4,140,2,3,85.5277348941667
4,65,4,4,85.5277348941667
4,162,4,4,85.5277348941667
4,68,2,5,85.5277348941667
4,114,4,3,85.5277348941667
4,141,3,3,85.5277348941667
4,117,2,4,85.5277348941667
4,163,3,2,85.5277348941667
4,69,3,3,85.5277348941667
4,115,2,4,85.5277348941667
4,142,3,4,85.5277348941667
4,118,2,4,85.5277348941667
4,164,3,3,85.5277348941667
4,70,3,3,85.5277348941667
4,116,2,3,85.5277348941667
4,143,4,4,85.5277348941667
4,119,4,5,85.5277348941667
4,165,3,4,85.5277348941667
4,71,2,5,85.5277348941667
4,168,1,4,85.5277348941667
4,144,2,2,85.5277348941667
4,120,3,3,85.5277348941667
4,166,2,2,85.5277348941667
4,72,4,4,85.5277348941667
4,169,2,1,85.5277348941667
4,145,2,1,85.5277348941667
4,121,3,3,85.5277348941667
4,167,3,3,85.5277348941667
4,73,1,1,85.5277348941667
4,170,2,2,85.5277348941667
4,146,4,4,85.5277348941667
4,122,2,2,85.5277348941667
4,98,2,3,85.5277348941667
4,74,4,4,85.5277348941667
4,171,2,2,85.5277348941667
4,147,3,3,85.5277348941667
4,123,4,4,85.5277348941667
4,99,3,3,85.5277348941667
4,75,3,4,85.5277348941667
4,172,4,4,85.5277348941667
4,148,5,5,85.5277348941667
4,124,2,2,85.5277348941667
4,100,5,5,85.5277348941667
4,76,3,3,85.5277348941667
4,173,5,5,85.5277348941667
4,149,4,4,85.5277348941667
4,125,3,4,85.5277348941667
4,101,5,3,85.5277348941667
4,77,3,3,85.5277348941667
4,174,1,1,85.5277348941667
4,150,2,2,85.5277348941667
4,126,3,4,85.5277348941667
4,102,5,5,85.5277348941667
4,78,5,5,85.5277348941667
4,175,1,1,85.5277348941667
4,151,4,4,85.5277348941667
4,127,2,4,85.5277348941667
4,103,5,5,85.5277348941667
4,79,5,5,85.5277348941667
4,176,4,4,85.5277348941667
4,82,2,4,85.5277348941667
4,179,4,3,85.5277348941667
4,85,2,2,85.5277348941667
4,80,2,1,85.5277348941667
4,177,2,3,85.5277348941667
4,83,1,3,85.5277348941667
4,180,4,3,85.5277348941667
4,86,5,5,85.5277348941667
4,81,5,5,85.5277348941667
4,178,5,5,85.5277348941667
4,84,3,3,85.5277348941667
4,181,4,4,85.5277348941667
4,87,4,4,85.5277348941667
4,184,5,5,85.5277348941667
4,90,2,3,85.5277348941667
4,187,3,3,85.5277348941667
4,182,3,2,85.5277348941667
4,88,4,4,85.5277348941667
4,185,5,5,85.5277348941667
4,91,3,5,85.5277348941667
4,188,3,3,85.5277348941667
4,183,4,5,85.5277348941667
4,89,4,4,85.5277348941667
4,186,2,2,85.5277348941667
4,92,5,5,85.5277348941667
4,189,2,4,85.5277348941667
4,95,4,4,85.5277348941667
4,192,5,5,85.5277348941667
4,200,4,4,85.5277348941667
4,93,3,4,85.5277348941667
4,190,2,2,85.5277348941667
4,96,5,5,85.5277348941667
4,193,4,4,85.5277348941667
4,194,4,4,85.5277348941667
4,94,1,4,85.5277348941667
4,191,2,2,85.5277348941667
4,97,5,5,85.5277348941667
4,199,5,4,85.5277348941667
4,195,1,3,85.5277348941667
4,197,2,2,85.5277348941667
4,198,2,2,85.5277348941667
4,196,3,3,85.5277348941667
5,8,2,2,0
5,9,3,4,0
5,31,3,4,0
5,7,2,2,0
5,59,2,4,0
5,10,3,5,0
5,11,1,1,0
5,32,2,2,0
5,33,1,1,0
5,60,3,5,0
5,55,1,3,0
5,12,1,1,0
5,58,4,4,0
5,34,1,1,0
5,61,3,5,0
5,56,4,4,0
5,13,1,1,0
5,40,5,5,0
5,35,1,4,0
5,62,4,4,0
5,57,1,1,0
5,14,1,2,0
5,41,5,5,0
5,36,1,3,0
5,63,1,1,0
5,39,4,4,0
5,15,3,3,0
5,42,3,2,0
5,37,5,5,0
5,64,5,5,0
5,21,5,5,0
5,16,1,2,0
5,43,3,3,0
5,38,5,5,0
5,65,4,4,0
5,22,1,5,0
5,17,3,5,0
5,44,1,2,0
5,20,1,5,0
5,66,1,1,0
5,23,3,4,0
5,18,2,3,0
5,45,2,4,0
5,72,3,3,0
5,67,4,4,0
5,24,3,3,0
5,19,2,4,0
5,46,2,3,0
5,73,1,1,0
5,68,2,5,0
5,25,3,4,0
5,71,1,5,0
5,47,2,2,0
5,74,2,2,0
5,69,2,2,0
5,26,3,3,0
5,2,3,4,0
5,48,2,5,0
5,75,3,3,0
5,70,2,3,0
5,27,5,5,0
5,3,3,4,0
5,49,4,3,0
5,76,2,2,0
5,1,1,5,0
5,28,4,3,0
5,4,2,2,0
5,50,5,4,0
5,77,2,2,0
5,53,2,2,0
5,29,3,3,0
5,5,4,4,0
5,51,1,1,0
5,78,5,5,0
5,54,1,1,0
5,30,5,4,0
5,6,5,5,0
5,52,2,2,0
5,79,5,5,0
5,176,4,4,0
5,152,4,3,0
5,128,2,2,0
5,104,3,3,0
5,80,4,3,0
5,177,2,3,0
5,153,5,5,0
5,129,1,1,0
5,105,2,2,0
5,81,5,5,0
5,178,4,4,0
5,154,2,2,0
5,130,5,5,0
5,106,1,2,0
5,82,2,2,0
5,179,3,3,0
5,155,1,1,0
5,131,3,5,0
5,107,1,1,0
5,83,1,1,0
5,180,2,3,0
5,156,2,2,0
5,132,5,5,0
5,108,5,5,0
5,84,3,3,0
5,181,4,4,0
5,157,4,4,0
5,133,1,5,0
5,109,5,5,0
5,85,4,4,0
5,182,3,2,0
5,158,4,4,0
5,134,3,3,0
5,110,5,5,0
5,86,5,5,0
5,183,4,5,0
5,159,1,1,0
5,135,4,5,0
5,111,3,4,0
5,87,5,4,0
5,184,5,5,0
5,160,1,1,0
5,136,3,3,0
5,112,3,3,0
5,88,4,4,0
5,185,5,5,0
5,161,3,3,0
5,137,3,3,0
5,113,3,3,0
5,89,2,4,0
5,186,2,2,0
5,162,4,4,0
5,138,3,1,0
5,114,3,3,0
5,90,1,2,0
5,187,3,3,0
5,163,3,3,0
5,139,2,4,0
5,115,2,4,0
5,91,3,3,0
5,188,5,5,0
5,164,3,2,0
5,140,1,3,0
5,116,3,3,0
5,92,5,3,0
5,189,5,5,0
5,165,3,3,0
5,141,1,1,0
5,117,2,5,0
5,93,2,4,0
5,190,1,1,0
5,166,2,2,0
5,142,3,4,0
5,118,4,4,0
5,94,1,4,0
5,191,2,2,0
5,167,2,3,0
5,143,3,3,0
5,119,4,5,0
5,95,5,5,0
5,192,5,5,0
5,168,1,4,0
5,144,1,1,0
5,120,4,4,0
5,96,5,5,0
5,193,4,4,0
5,169,1,1,0
5,145,1,1,0
5,121,2,3,0
5,97,4,4,0
5,194,3,4,0
5,170,2,2,0
5,146,3,3,0
5,122,1,1,0
5,98,2,3,0
5,195,5,4,0
5,171,1,1,0
5,147,2,2,0
5,123,5,5,0
5,99,2,2,0
5,196,3,2,0
5,172,3,3,0
5,148,3,3,0
5,124,1,1,0
5,100,3,3,0
5,197,1,1,0
5,173,5,5,0
5,149,4,4,0
5,125,5,5,0
5,101,5,4,0
5,198,1,1,0
5,174,2,2,0
5,150,2,2,0
5,126,3,3,0
5,102,5,5,0
5,199,5,4,0
5,175,1,1,0
5,151,3,3,0
5,127,1,4,0
5,103,5,5,0
5,200,4,5,0
