"","Time","Scenario","AGB","SRR","Min_rate","Fungi","GF","Lichen"
"1",0,"1",239.154498588797,5.43892918482905,18.8117122891196,2.28683333954906,11.7446689940682,33.4858908449316
"2",0,"11",239.154498588797,5.43892918482905,18.8117122891196,2.28683333954906,11.7446689940682,33.4858908449316
"3",0,"12",239.154498588797,5.43892918482905,18.8117122891196,2.28683333954906,11.7446689940682,33.4858908449316
"4",0,"2",239.154498588797,5.43892918482905,18.8117122891196,2.28683333954906,11.7446689940682,33.4858908449316
"5",0,"3",239.154498588797,5.43892918482905,18.8117122891196,2.28683333954906,11.7446689940682,33.4858908449316
"6",0,"4",239.154498588797,5.43892918482905,18.8117122891196,2.28683333954906,11.7446689940682,33.4858908449316
"7",0,"5",239.154498588797,5.43892918482905,18.8117122891196,2.28683333954906,11.7446689940682,33.4858908449316
"8",0,"6",239.154498588797,5.43892918482905,18.8117122891196,2.28683333954906,11.7446689940682,33.4858908449316
"9",1,"1",242.251232450427,5.44940402281801,18.6815734314722,2.29401714526885,11.6365581302874,33.5664020930623
"10",1,"11",241.340802648719,5.44611777458515,18.7216549458285,2.29215190854339,11.6659868385575,33.5469271864776
"11",1,"12",240.504873136489,5.44259238156462,18.762933230901,2.29104593391743,11.688056019196,33.5419005086124
"12",1,"2",227.747521964105,5.40014583067569,19.2928366787031,2.26060874399109,12.1399233852543,33.190567115023
"13",1,"3",217.284775184542,5.36674767368695,19.7149721164248,2.23395812410977,12.526138749182,32.8735094989218
"14",1,"4",197.049106817195,5.29319844264942,20.6103150423394,2.19310632373,13.1767751486672,32.4600232149968
"15",1,"5",173.139073997684,5.2194655520903,21.5521771857008,2.12910993341492,14.0865666545042,31.6749701251178
"16",1,"6",165.268348856564,5.19691615157464,21.8470466825727,2.10598738127746,14.4063796227741,31.3858768630736
"17",2,"1",244.410843609784,5.45646438467053,18.5929721272268,2.29931909069996,11.5586052326248,33.6282150261796
"18",2,"11",242.930713525836,5.45140888957524,18.6556047178542,2.29594385953812,11.6096669227676,33.5905779501125
"19",2,"12",241.512050115791,5.44573963429573,18.7228941869341,2.2936923121802,11.6503207009989,33.5745736540696
"20",2,"2",230.131439824866,5.40775779243172,19.1966340397819,2.26667835004952,12.0518323538522,33.262510031944
"21",2,"3",219.673783977421,5.37416664062654,19.6204077948396,2.24029054073399,12.4355474690824,32.950006450971
"22",2,"4",199.956558583008,5.30218128266232,20.495635614993,2.20086802908724,13.0662357376917,32.5547180500107
"23",2,"5",176.395989180779,5.22898756723379,21.4284764794195,2.1384499586411,13.95659634462,31.7917869916907
"24",2,"6",168.606119047619,5.20651294606879,21.7216990226458,2.11575224478842,14.2713082580541,31.5086319859092
"25",3,"1",246.821403929657,5.46454576942326,18.4923077046612,2.30499760652807,11.4737196433513,33.6926763080318
"26",3,"11",244.737078737878,5.45728250533866,18.5817768357647,2.30041664476313,11.5442430949462,33.6434030443419
"27",3,"12",242.067070089738,5.44686245088637,18.7062183744644,2.29588080946187,11.6230393369295,33.6063943401209
"28",3,"2",232.72107273122,5.41620926829552,19.0905203684165,2.2730536247646,11.958106836553,33.3366359432414
"29",3,"3",222.230585432045,5.38228944096957,19.5175913734017,2.24684949722636,12.3405756915778,33.0278985899856
"30",3,"4",202.925631060935,5.31144913071274,20.3776918971508,2.20868125235556,12.954421309006,32.6495047263418
"31",3,"5",179.621915364018,5.23850606509356,21.3051854522195,2.14759713633159,13.8288730710213,31.9058505052837
"32",3,"6",171.885508865248,5.21603152097294,21.5977539879077,2.12523928535454,14.1396471252997,31.6275827543121
"33",4,"1",249.378090570271,5.4732240492054,18.3845982087176,2.31089258055718,11.3848346663657,33.7586736317496
"34",4,"11",246.844761542915,5.46425628061489,18.4945730364131,2.30549178351063,11.4691282451307,33.7021261134149
"35",4,"12",243.251538030106,5.45052353660064,18.6594853052772,2.29904098756364,11.5781349310532,33.6453847058345
"36",4,"2",235.431800948039,5.42515960419813,18.9785313165126,2.27960325056504,11.861127290646,33.4119976208692
"37",4,"3",224.899765667969,5.39087844739065,19.4092938106721,2.25356636913265,12.242629097177,33.1069020627686
"38",4,"4",205.985558763931,5.32109964607061,20.2552661395048,2.21661527773876,12.840300222786,32.7451759288071
"39",4,"5",182.89228868143,5.24825401508837,21.1793295145105,2.15675296644163,13.7005259993188,32.0196093562528
"40",4,"6",175.214110471848,5.22579431657938,21.4710556885195,2.13474764102961,14.0071909952364,31.746423142493
"41",5,"1",252.05552540165,5.48239922079789,18.2710349166442,2.31696204856989,11.2926880872127,33.8258752527529
"42",5,"11",248.344691416992,5.46877375110747,18.4364391695336,2.30963532500649,11.4111306562911,33.7545709348912
"43",5,"12",243.846558329715,5.45184664803965,18.6405558351857,2.3012446760277,11.5500869141051,33.6766093158418
"44",5,"2",238.230972391084,5.43449020041013,18.862110908271,2.28626121549812,11.7619472088854,33.487933153323
"45",5,"3",227.665186097843,5.39986775878214,19.2962929933559,2.26041722443227,12.1421497116853,33.1868498940329
"46",5,"4",209.128205058619,5.33110513041162,20.1287018295067,2.22465143978289,12.7241468207788,32.8414948009902
"47",5,"5",186.211652880301,5.25825217002782,21.0506702828978,2.16592156170135,13.5714533152809,32.1330536827204
"48",5,"6",178.583810826458,5.23578394420001,21.341856482677,2.14424648648443,13.8743286129886,31.8647030786406
"49",6,"1",254.829226769431,5.49198167248769,18.1527065883738,2.323157339051,11.1980579668257,33.8937845891624
"50",6,"11",250.040697061803,5.4743679250151,18.3664221244332,2.31374003440175,11.3504436667872,33.8020126998427
"51",6,"12",244.722022796353,5.45460766525424,18.6055295498632,2.30351471676623,11.5173208170273,33.7035665824753
"52",6,"2",241.097358481691,5.4441263464726,18.7421768519271,2.29298174075233,11.6612703113406,33.5639339074808
"53",6,"3",230.508479881314,5.40919284607049,19.179381948179,2.26736232425998,12.0397487708405,33.2673048711088
"54",6,"4",212.346471775944,5.3414423268595,19.9982906297315,2.23277237306415,12.6062086469532,32.9382295949065
"55",6,"5",189.592778658272,5.26854290944717,20.9186782813314,2.17513352418363,13.4411943336348,32.2465048548867
"56",6,"6",182.003744282819,5.24602962828042,21.2097872436666,2.15375900908024,13.7407170694248,31.9826698769927
"57",7,"1",257.669742943986,5.50187092967697,18.03085843422,2.32941114815068,11.1019556988137,33.961628969428
"58",7,"11",252.163250180923,5.48156491041469,18.2770698450412,2.31864321091985,11.2766639807243,33.8573003348843
"59",7,"12",246.066895969026,5.4587945048745,18.5522037615984,2.30706709100003,11.4667655746005,33.7475501709462
"60",7,"2",244.023013207411,5.45404111356239,18.6190635252544,2.29974645416134,11.5593680388783,33.6397763400437
"61",7,"3",233.406903929657,5.41877790223136,19.0595065529074,2.27434756893098,11.936226972916,33.3476317634932
"62",7,"4",215.631905992184,5.35209440236711,19.8642841558614,2.24094442762322,12.4868994719359,33.0348676099967
"63",7,"5",193.02024536836,5.27908509702641,20.7839044140931,2.18433991737674,13.3104001487451,32.3592928149292
"64",7,"6",185.465478940512,5.25651458068074,21.0750989345743,2.16325163891677,13.6067737796032,32.099827518405
"65",8,"1",260.558559740918,5.51200224499396,17.9062872049457,2.33568306075112,11.0049995584357,34.0289561887473
"66",8,"11",254.133665508757,5.48831115974345,18.193548253963,2.32311718817186,11.2087392709955,33.9067188924457
"67",8,"12",247.809604609929,5.4649186367049,18.4769464025565,2.31083598768497,11.408413810909,33.7878540941488
"68",8,"2",246.982046533507,5.46414878807804,18.4938425513732,2.30649307444104,11.4571600390329,33.714732572564
"69",8,"3",236.3450623824,5.42857274215295,18.9372971402486,2.28133498396105,11.8321384234274,33.4273757241565
"70",8,"4",218.965496309162,5.36299948612738,19.7274598884611,2.24912059207961,12.3669009014563,33.1308338694824
"71",8,"5",196.484488131423,5.28984643909391,20.6467501127112,2.19351848108347,13.1793939763469,32.4711239593605
"72",8,"6",188.966444854538,5.26722752837546,20.9379222899111,2.17272149488807,13.4725483124005,32.2161160582594
"73",9,"1",263.477495006513,5.52231409081696,17.7797572238025,2.34193092855172,10.9078215561864,34.0952874151667
"74",9,"11",256.373710269214,5.49597303139496,18.0986639831765,2.32821236672763,11.1316016165893,33.9636158129376
"75",9,"12",249.208722572008,5.46976207473844,18.4171722760538,2.31394929358171,11.3607320207896,33.821654892199
"76",9,"2",249.969435591258,5.47442797616696,18.3667638169708,2.3132152077276,11.3547700711142,33.7887561822832
"77",9,"3",239.310305688233,5.43853091779798,18.8133175544941,2.28829959546495,11.7278831118789,33.506280691414
"78",9,"4",222.333797691417,5.37411805997979,19.5883303316908,2.25726255997061,12.2467375330295,33.2256154463989
"79",9,"5",199.972954407295,5.30079085711187,20.5076866675691,2.20263247690725,13.0486771563811,32.5815109141201
"80",9,"6",192.494420791721,5.27813535772784,20.7986984269354,2.18213040510742,13.3385511278626,32.3310185884064
"81",10,"1",266.408720400926,5.53273831110713,17.6520868951684,2.34812276746824,10.8109546457497,34.1603150528048
"82",10,"11",258.779045303228,5.50462071408943,17.9930736116512,2.33318148706434,11.0531387228605,34.0149258836087
"83",10,"12",251.049102728325,5.47629843781508,18.3370890859965,2.31784703470041,11.2998326371626,33.8626222724359
"84",10,"2",252.963776776668,5.48480211449345,18.2387634952937,2.31986817465822,11.2528981320153,33.8613734818541
"85",10,"3",242.288605044145,5.44860325088481,18.6881725513817,2.2952109193824,11.6239293057071,33.5840093615553
"86",10,"4",225.722348169055,5.38539928472355,19.4475201694144,2.2653390760601,12.126884490266,33.31884960986
"87",10,"5",203.472686712983,5.31187467721144,20.367257241963,2.21165166053586,12.9186926700673,32.6900728066718
"88",10,"6",196.040238999855,5.28920491533136,20.6578314996153,2.19145966109524,13.20506720587,32.4442990617933
"89",11,"1",269.342420791721,5.54323840917397,17.5237177426021,2.35423974451804,10.7147042711532,34.2238521691292
"90",11,"11",261.216051526994,5.51322987021623,17.8874356842369,2.33839799383423,10.9719687959693,34.0701986764449
"91",11,"12",253.440782638587,5.48469440111208,18.2338835476365,2.32302988478272,11.219679528787,33.9182141239243
"92",11,"2",255.961784266898,5.49525461473947,18.1100279033813,2.32645088868721,11.1515990445766,33.9326172541086
"93",11,"3",245.276410804747,5.45877378127155,18.5620461368502,2.30206544156712,11.5203554331803,33.6605458666974
"94",11,"4",229.125144992039,5.39681893555646,19.3053162067771,2.27334089599713,12.0075032134913,33.4104496657313
"95",11,"5",206.97900061514,5.32307368738057,20.2257324184348,2.22057515501985,12.7895050086948,32.7968443274493
"96",11,"6",199.59541739036,5.30040194926639,20.5157269623621,2.20069622588993,13.0723217373784,32.5558217125206
"97",12,"1",272.267445686785,5.55376906407613,17.3951853606629,2.36026507198907,10.6193786808972,34.2857785015471
"98",12,"11",263.459009661311,5.52131051321273,17.788825905806,2.34301167693316,10.8989344187624,34.1175199614617
"99",12,"12",255.423879903025,5.49193078047473,18.1458883160705,2.32699927759077,11.1561162798293,33.9580549431759
"100",12,"2",258.949583658995,5.50573453043722,17.9811754901542,2.33293595877135,11.0513131657469,34.0022114925397
"101",12,"3",248.25501736865,5.46897657938534,18.4357478174781,2.30882294132287,11.4177843023301,33.7354556070172
"102",12,"4",232.517497720365,5.40828873021137,19.1627980409817,2.28121643329596,11.8893976126071,33.4998597319809
"103",12,"5",210.479977420756,5.33434614770149,20.0836256256487,2.22937701214422,12.6615080474695,32.901524471089
"104",12,"6",203.143001085541,5.31166970956539,20.3730920438588,2.2098000503665,12.9409053788291,32.6651071728173
"105",13,"1",275.165417209437,5.56425874783668,17.2673445801463,2.36616729765637,10.5255213772899,34.345830323667
"106",13,"11",265.673108843537,5.52919352968445,17.6923101254618,2.3476778265704,10.8257907770785,34.1661796763461
"107",13,"12",257.162156715878,5.49797011720803,18.0714322664454,2.33084124083628,11.0973523940205,34.0004065081856
"108",13,"2",261.917991424229,5.51620336286966,17.8526577013276,2.33931095851075,10.9522819337878,34.070082624985
"109",13,"3",251.21490248227,5.47917441337796,18.3097220154986,2.3154673257635,11.3164943427242,33.808600475891
"110",13,"4",235.893524931249,5.41978347339619,19.0202595457928,2.28895837386171,11.7727122676749,33.5870344109003
"111",13,"5",213.965900455927,5.34565486574695,19.9413833143165,2.23803985570874,12.5349884185282,33.0039375194466
"112",13,"6",206.682293892025,5.32300297751081,20.229981235141,2.21877293893901,12.8108061849343,32.7721828745273
"113",14,"1",278.038046424953,5.57470762457626,17.140173045626,2.3719571055687,10.4330121335992,34.4041758330389
"114",14,"11",267.512754305978,5.53556248360398,17.6137110001538,2.35177078558447,10.7631669062082,34.2109590002014
"115",14,"12",258.321216203503,5.50129002805178,18.0280158728178,2.33424722518349,11.0508028526625,34.0451232414567
"116",14,"2",264.863325155594,5.52664254720728,17.7246831157921,2.34557463962231,10.8545688520137,34.1362702897309
"117",14,"3",254.153789694601,5.48935652730804,18.1840913227426,2.32199696259169,11.2165296378673,33.8799787934382
"118",14,"4",239.246411238964,5.43127763720034,18.8780089388458,2.29655386203759,11.6576547065751,33.6718401538621
"119",14,"5",217.436049319728,5.35699911240306,19.7990207121961,2.24655997553363,12.4099857823896,33.1040131181597
"120",14,"6",210.208534556376,5.33438585647293,20.0865927884445,2.22760359747285,12.6821876115383,32.8769034776867
"121",15,"1",280.871367962078,5.58506051177681,17.0143276426289,2.37761158417001,10.3422556521113,34.4606337543263
"122",15,"11",269.44424359531,5.54227628380181,17.5309510054492,2.35603599184208,10.697718506687,34.2573918016427
"123",15,"12",259.683898103922,5.50582299580193,17.971422633579,2.33749955513756,11.0026484757632,34.0831484034269
"124",15,"2",267.776229266175,5.53701815647307,17.5976649990027,2.35170802291419,10.7584763568188,34.2005811417763
"125",15,"3",257.063857794182,5.49949138674036,18.0592291731848,2.32839977238635,11.1181097874993,33.949502022561
"126",15,"4",242.569762773194,5.44274448779408,18.7363599125093,2.30399416231176,11.544388983398,33.7542110431027
"127",15,"5",220.887003401361,5.36836329590895,19.6567170025123,2.25493423810084,12.2865715372581,33.2017360793028
"128",15,"6",213.715580583297,5.34579446031638,19.9432122325258,2.23628148865595,12.5552241778548,32.979156539663
"129",16,"1",283.665391301201,5.59531573703832,16.8898229912669,2.38313279061807,10.2532308045667,34.5152340780544
"130",16,"11",271.421661021856,5.5493479002522,17.4444769518067,2.36016599859629,10.6326205450432,34.2999238313375
"131",16,"12",260.840966167318,5.5097430729478,17.9227423498578,2.34017626745732,10.9623798503432,34.1133101969825
"132",16,"2",270.655271674627,5.54731867097002,17.4717223541994,2.35771575705178,10.6639818182912,34.2631206619457
"133",16,"3",259.945731328702,5.50958016547455,17.9351175921553,2.33467832487038,11.0211995297378,34.0171943247743
"134",16,"4",245.856172781879,5.45415534110449,18.5956557207377,2.31126642726877,11.4331323499554,33.8340286063839
"135",16,"5",224.319549464467,5.37974828885955,19.5144548823018,2.26316660424642,12.1646952000576,33.2971541672693
"136",16,"6",217.209185808366,5.35724509922573,19.7996255417964,2.24482372428241,12.4296770710818,33.0791478902415
"137",17,"1",286.41903983934,5.6054682875361,16.7667164170261,2.38851986460751,10.1659603433914,34.5679786233673
"138",17,"11",273.25038449848,5.55559283535731,17.3671040566539,2.36433758955347,10.5697638615846,34.3472663001118
"139",17,"12",261.607280720799,5.51149984884058,17.8978985209533,2.34295134764634,10.927220668012,34.1535434269103
"140",17,"2",273.499030503691,5.55754064753418,17.3469028954402,2.36359291205913,10.5711483096278,34.3238163360826
"141",17,"3",262.795498480243,5.51960906964991,17.81192592368,2.34082421640186,10.9259272605456,34.0829588569123
"142",17,"4",249.107153423071,5.46551154235027,18.455866031792,2.31837866592996,11.3237895031155,33.9114107031274
"143",17,"5",227.726229085251,5.3911273350743,19.3725612497765,2.27124159605605,12.0445974054195,33.3900972897105
"144",17,"6",220.677796352584,5.3686965660092,19.6563369928809,2.25320603976605,12.3059221789709,33.1766108914164
"145",18,"1",289.128962331741,5.61550359525936,16.6451772349393,2.39376889131651,10.0805238767175,34.6188447096131
"146",18,"11",275.325739072225,5.56313323506752,17.2753026310806,2.36853060567501,10.5030237062674,34.3901366826981
"147",18,"12",263.196219821971,5.51726347581871,17.8276967389444,2.34617293170698,10.8759601228666,34.1863845088355
"148",18,"2",276.308648321031,5.56768700409254,17.2231669498494,2.36934326903131,10.4799229627593,34.3827093617971
"149",18,"3",265.616441959763,5.52958885393354,17.6895192906015,2.34684547922299,10.8321721758219,34.1468799848952
"150",18,"4",252.315387067593,5.47678333284872,18.3173424792135,2.32531988068165,11.2165615306037,33.986277463518
"151",18,"5",231.104796895354,5.40249035981372,19.2311523146842,2.27915696550788,11.9263257344256,33.4805480925749
"152",18,"6",224.124067375887,5.38015559709433,19.5132547831128,2.26143727484145,12.1838400695707,33.271656514322
"153",19,"1",291.798280684614,5.62543255381281,16.5250713086759,2.39888671459721,9.99681379102939,34.6679001913119
"154",19,"11",277.388252171081,5.57070369028447,17.1833933019785,2.37260608093992,10.4372204723324,34.4301727022299
"155",19,"12",264.351899732233,5.52094868553514,17.7811028981174,2.34912125320989,10.8335855275334,34.2225590068349
"156",19,"2",279.080018237082,5.57774215953975,17.1007019931292,2.37495931794232,10.3904286288753,34.4397226257771
"157",19,"3",268.406559740918,5.53951080315463,17.567998949492,2.35273978928166,10.7399802216904,34.208938348015
"158",19,"4",255.484128202345,5.48797990205823,18.1799643222158,2.33209979318727,11.1113125819216,34.0587457575659
"159",19,"5",234.459078701693,5.41384606349131,19.0901046637802,2.28692665099989,11.8096983192744,33.5686916089658
"160",19,"6",227.544400383558,5.39160667080657,19.3705596519192,2.26951308121015,12.0635158915168,33.3642505138938
"161",20,"1",294.41499945723,5.63520856959601,16.4069557718548,2.4038526936092,9.9151869005551,34.7149734843663
"162",20,"11",279.36646649298,5.57771030955927,17.0974822176843,2.37681876264029,10.3716940003369,34.475126960882
"163",20,"12",266.232155015198,5.52759800896844,17.6995371078845,2.35313766836633,10.7711701998985,34.2654262185026
"164",20,"2",281.813818895643,5.58770503471736,16.9795092409667,2.38044666256389,10.302605412089,34.494947928248
"165",20,"3",271.166859929078,5.54937481810037,17.4473534554363,2.35851367519744,10.6492793495326,34.2692402620014
"166",20,"4",258.606461969894,5.49907164979155,18.0440768759008,2.33870977765874,11.0082172610719,34.1287744305017
"167",20,"5",237.770019539731,5.42512290107907,18.9502815521541,2.29451491532281,11.6953015479033,33.6541831855469
"168",20,"6",230.922997430887,5.40299092553188,19.2289632964765,2.27740328758677,11.945438968183,33.4540918704783
"169",21,"1",296.994568787089,5.64488433839321,16.2901775062947,2.40870215017573,9.83510678998103,34.7604545261216
"170",21,"11",281.237877370097,5.58421192360927,17.0173260133834,2.38095530724258,10.3084174099705,34.5206857116751
"171",21,"12",267.555460486322,5.53183716867196,17.6460138719575,2.35649043069169,10.7228210664855,34.3063270580653
"172",21,"2",284.514675893762,5.59759305777735,16.8593786042037,2.38581390577835,10.2163078633972,34.5484572010924
"173",21,"3",273.896814806774,5.55917983442617,17.3275986353966,2.36416505226267,10.5600938947101,34.3277498170471
"174",21,"4",261.688101389492,5.5100749037232,17.9094664593489,2.3451666654714,10.9070439548272,34.1965796334739
"175",21,"5",241.045314119265,5.43634346391026,18.8113898917462,2.30194371174591,11.5828283021053,33.7372936743937
"176",21,"6",234.264796931539,5.41431898537891,19.0883117572304,2.28512661008485,11.8293702775312,33.541440504268
"177",22,"1",299.524143978868,5.65440380542372,16.1753873885377,2.41342034018895,9.7568957703294,34.8043126439712
"178",22,"11",283.269414785063,5.59174230551927,16.9261483055145,2.38488166818977,10.2443239072473,34.5583489570276
"179",22,"12",268.788286112317,5.53580178206178,17.5960154057474,2.35959567939597,10.6778153409616,34.3437601542708
"180",22,"2",287.170045049935,5.60735187232444,16.7409423221586,2.39104618642803,10.1318530936686,34.6002074520486
"181",22,"3",276.585834274135,5.56887643095739,17.2092993641559,2.3696855918379,10.4726521826188,34.384504750494
"182",22,"4",264.719612751484,5.52094857614539,17.7766103877889,2.35145953072158,10.8080248070477,34.2621247483599
"183",22,"5",244.280524714141,5.4474860918562,18.6736747649974,2.30921068504226,11.4723620389387,33.8180562890749
"184",22,"6",237.558844261109,5.42554796127349,18.9491168073951,2.29266460274747,11.7156283312974,33.6261386267523
"185",23,"1",301.996971558836,5.66373803167553,16.0629229357758,2.41799887458314,9.68072738319547,34.8465162223062
"186",23,"11",285.479978904328,5.60003751136306,16.8260438133134,2.38903317821251,10.1757240096237,34.5971667161537
"187",23,"12",270.568843103199,5.54242091202296,17.5159339771019,2.36301420266995,10.6218942115172,34.3763061720258
"188",23,"2",289.774651288175,5.61695752823432,16.6244758874981,2.39613855919352,10.0493639462025,34.6502069633066
"189",23,"3",279.230048740773,5.57844497881881,17.0926758835875,2.37507412590194,10.3870234033018,34.4395593647066
"190",23,"4",267.695560138949,5.53166968160093,17.6457776194332,2.35758125353384,10.7113025558675,34.3253778537363
"191",23,"5",247.466411492256,5.45851658006969,18.5375504712204,2.31629792384273,11.3641923893342,33.8962914611602
"192",23,"6",240.807188088001,5.43668032039838,18.8113316731195,2.30002734641551,11.6040930828553,33.7083359142556
"193",24,"1",304.412104284267,5.6728796517924,15.9528606214885,2.42244052457027,9.60659286015815,34.8871404032638
"194",24,"11",287.609654906644,5.60802015989415,16.7296818044141,2.39304355057079,10.10968061302,34.6351832064906
"195",24,"12",271.442541178173,5.54513606874977,17.4813333661803,2.36532776984159,10.5889706952759,34.4049132536168
"196",24,"2",292.332816181792,5.6264225070801,16.5098165118775,2.40110360008989,9.96866638210579,34.6986145230062
"197",24,"3",281.832014075843,5.5878942432235,16.9776197281925,2.38033644043082,10.3031207911849,34.4929803944122
"198",24,"4",270.616031046461,5.54223723715741,17.5169757459728,2.36353356389169,10.6168606032095,34.3863697135661
"199",24,"5",250.606507852077,5.46944275502909,18.4029048708944,2.32321855072564,11.2581523736052,33.9721846711589
"200",24,"6",244.003533543205,5.447690993597,18.6752541690912,2.30720474743905,11.4949426308316,33.7879486312539
"201",25,"1",306.774739759734,5.68184793677011,15.8449671287642,2.42675532982191,9.53432874751915,34.9262820331736
"202",25,"11",289.081214575192,5.61300643150927,16.6677638913072,2.39644693980444,10.0588366868678,34.6745511120242
"203",25,"12",272.579806303372,5.5489361104518,17.4339527398209,2.36802188729828,10.5491041473059,34.4365542790764
"204",25,"2",294.841914785063,5.6357358887314,16.3970924924664,2.40593765691945,9.88983013027643,34.7454058988173
"205",25,"3",284.390209654074,5.5972146128346,16.8642341681526,2.38547434245663,10.2209503734429,34.5448280996393
"206",25,"4",273.485676545086,5.55266215502939,17.3900517806186,2.36933300680313,10.5244859644963,34.4453314625939
"207",25,"5",253.697470618034,5.48025086848386,18.2698999573203,2.32996772336967,11.1543315053645,34.0456983428401
"208",25,"6",247.153203502678,5.45859367712913,18.5406985680615,2.31421429837734,11.3879458364156,33.8652133015134
"209",26,"1",309.083212187002,5.69063492862513,15.7393329336692,2.43094220013715,9.46396766936308,34.9639488928685
"210",26,"11",290.59021186134,5.61796451035763,16.6056369023551,2.400122043244,10.0052103530185,34.7188126156927
"211",26,"12",274.457613294254,5.55588380684932,17.3497878240644,2.37166647203253,10.4898008925214,34.4717275374944
"212",26,"2",297.301246092054,5.64489601366034,16.2863270181405,2.41063825375873,9.81288465171874,34.7905392830685
"213",26,"3",286.900839701838,5.60639495835784,16.7526636512202,2.39047698467881,10.1406592697129,34.5949534445917
"214",26,"4",276.295044796642,5.56290984116875,17.2654260427631,2.37496078754604,10.4344796110014,34.5020726860718
"215",26,"5",256.736054421769,5.49092704508103,18.1386976485225,2.3365413731348,11.0528117591093,34.1168107147237
"216",26,"6",250.246252967144,5.46935129124759,18.4081131180372,2.32103703665415,11.2834123651692,33.9399452308453
"217",27,"1",311.339343826893,5.69924656032113,15.6358834911457,2.43500563851283,9.3954440726458,35.0001947444748
"218",27,"11",292.328576675351,5.62453395021773,16.5265088972694,2.40333161342223,9.95176359354936,34.748278784134
"219",27,"12",275.590799934868,5.56005827304053,17.2991578829503,2.37388758641075,10.4539697147917,34.4938376682711
"220",27,"2",299.709080945144,5.65389381492208,16.1776211105752,2.41520522164829,9.73785721715254,34.8340445528982
"221",27,"3",289.370365971921,5.61545445526339,16.6426602542221,2.39536255906478,10.0619946240716,34.643588330466
"222",27,"4",279.050444890722,5.57299865278414,17.1428596847064,2.38043510437972,10.3465918337886,34.5568317404747
"223",27,"5",259.725160840932,5.50147890936938,18.0091953051221,2.34294884619923,10.9534678266664,34.1856431287126
"224",27,"6",253.286319474598,5.47997325615902,18.2773703641416,2.32768484409124,11.1811836867028,34.0122999218351
"225",28,"1",313.542245115067,5.70767811508647,15.5346712324546,2.43894562045837,9.32877046988367,35.035034490497
"226",28,"11",294.475838001158,5.63253339135866,16.4297840305427,2.40743375347109,9.88461220003222,34.7875749713002
"227",28,"12",276.882152084238,5.56487596313912,17.2409275327857,2.37634639408606,10.4134795207012,34.5167228989852
"228",28,"2",302.068929078014,5.66273698361991,16.0708641122603,2.41965169433135,9.66458325522294,34.8761135864545
"229",28,"3",291.796072586481,5.62438513324667,16.5343273938212,2.40012331306926,9.98506088550189,34.6906246942661
"230",28,"4",281.74681122449,5.58290990063676,17.022579284275,2.38574606235303,10.2609819801521,34.60950795528
"231",28,"5",262.658944347952,5.51188087194503,17.8816898348661,2.34918352728853,10.8564416849982,34.2521732951891
"232",28,"6",256.269408380373,5.4904439567963,18.1486567096839,2.33415096493607,11.0813757357271,34.0822159300523
"233",29,"1",315.691503618469,5.71592612131291,15.4357317868176,2.44276366863162,9.26393925569729,35.0685046844408
"234",29,"11",296.053589014329,5.63814734723624,16.36103775961,2.41076290672184,9.83272584849176,34.8231023899531
"235",29,"12",277.526929982631,5.56673734789789,17.2166471521511,2.37822376416074,10.3882061076895,34.5426503179625
"236",29,"2",304.376220002895,5.67141014748672,15.9662473239656,2.42396696458112,9.59322056100485,34.9166172664581
"237",29,"3",294.175044072948,5.63317318668512,16.4278223422834,2.40475719247444,9.90991823917902,34.736075767439
"238",29,"4",284.386326928644,5.59264724278085,16.9045259313949,2.39090317537946,10.1775343383835,34.6602428528581
"239",29,"5",265.53882388913,5.5221367151099,17.7561305712781,2.355249922805,10.7616715632119,34.3164553020691
"240",29,"6",259.196291214358,5.50076371099247,18.0219599260131,2.34043992555475,10.983937851175,34.1497664548409
"241",30,"1",317.781322912144,5.72396584801371,15.3393538982028,2.44645245501759,9.2011000841126,35.1005758837032
"242",30,"11",298.077653712549,5.64574468976759,16.2693613608688,2.41456179933038,9.76994175495772,34.8586809140566
"243",30,"12",279.151801780287,5.57270507165306,17.1442079193743,2.38143013532964,10.3366965592493,34.574865567982
"244",30,"2",306.622953140831,5.67988042334411,15.8641582556829,2.42813942287053,9.52398666361769,34.9554790880164
"245",30,"3",296.502306267188,5.64179764810341,16.3233906341991,2.4092576040083,9.83669482485998,34.7799007543483
"246",30,"4",286.958515414677,5.60216986364055,16.7891872875069,2.3958885613559,10.0965573085823,34.7088844656634
"247",30,"5",268.353993161094,5.53220526335726,17.6330123763808,2.36112848387833,10.6694841904132,34.3783067669166
"248",30,"6",262.055809487625,5.51088977963048,17.8977929562671,2.34653180464202,10.8892030337438,34.2147619210659
"249",31,"1",319.833908488927,5.7318837846777,15.2445041322522,2.45004990587972,9.13959693846747,35.1315636471534
"250",31,"11",299.464410081054,5.65060938404537,16.2095509993096,2.4175711222299,9.72376301953173,34.8919337628602
"251",31,"12",280.919686821537,5.57924177227944,17.0650076495413,2.38486650461003,10.2808347120275,34.6081459163087
"252",31,"2",308.834239976842,5.6882432324566,15.7634492614046,2.43221480885922,9.45611523516687,34.9931139129729
"253",31,"3",298.798546569692,5.65033887779791,16.2200713923359,2.4136601393295,9.764777650133,34.8224018451095
"254",31,"4",289.494868396295,5.61159666261769,16.6751308677113,2.40076049606706,10.0170827584596,34.7559718937188
"255",31,"5",271.134911492256,5.54219586298585,17.5109995560215,2.36688232832499,10.5788842202812,34.4383798927829
"256",31,"6",264.883781335939,5.52095020033805,17.7745899270737,2.35250147684551,10.7959965702833,34.277986237142
"257",32,"1",321.832383883341,5.73961073979249,15.1519983852182,2.45353132611395,9.07989536320231,35.1613143529562
"258",32,"11",300.955085432045,5.65582993402252,16.1453352023134,2.42081632823768,9.67402651836794,34.9278217830138
"259",32,"12",281.694814951513,5.58148466420003,17.0357728202099,2.38711719572316,10.2501723369974,34.638143624884
"260",32,"2",310.993172890433,5.69643062223694,15.6649257015991,2.43616675004141,9.39008396145375,35.0293285646228
"261",32,"3",301.045092922275,5.65872186340675,16.1187537442498,2.41793563604311,9.69469379485711,34.8633621966856
"262",32,"4",291.978074214792,5.62086053453031,16.5631595031322,2.40548902606511,9.9396238537576,34.8012464573425
"263",32,"5",273.860908995513,5.55203331694014,17.3910072787254,2.37246981084519,10.4905340023542,34.4962457680056
"264",32,"6",267.651095780866,5.5308405732818,17.6536264710452,2.35828849182391,10.7052673416807,34.3388017389187
"265",33,"1",323.779390396584,5.74715420658864,15.0617383553951,2.45690456369606,9.02188940798718,35.1899331307532
"266",33,"11",302.789089448545,5.66274642341064,16.0619805347025,2.42421964828624,9.61745113448723,34.959245496737
"267",33,"12",283.365493342018,5.58796008059876,16.9583004129061,2.39000863943767,10.2005149366343,34.6627053147627
"268",33,"2",313.098363764655,5.70443584289148,15.5686640133679,2.43999447928523,9.32592063171191,35.0641351588114
"269",33,"3",303.244662686351,5.66695568675228,16.0193244612688,2.42209052895574,9.62634688101333,34.9028540827238
"270",33,"4",294.407013315965,5.62995353308891,16.4533568916633,2.41007652054377,9.86417831181377,34.844781026176
"271",33,"5",276.534986141265,5.56172601876641,17.2729249207965,2.37789998824161,10.4043092723076,34.552019196905
"272",33,"6",270.365781155015,5.54058563828209,17.5345864923389,2.36391435889462,10.6167093312187,34.3974711485961
"273",34,"1",325.671868143002,5.75450298564571,14.9738601158423,2.46016353428843,8.96567680564787,35.2173582213019
"274",34,"11",304.165379613548,5.66760678901392,16.0023362118565,2.42716758910288,9.57183936947166,34.9912007866758
"275",34,"12",284.357283651759,5.59158496996927,16.9142408110611,2.39198687302798,10.1686831734514,34.6821978942493
"276",34,"2",315.154513207411,5.7122754207224,15.474461137355,2.44370815326327,9.26346730500042,35.0976413317564
"277",34,"3",305.400268381821,5.67505095083715,15.9216533043415,2.42613131335773,9.55963445288765,34.9409431431702
"278",34,"4",296.78085392242,5.63887087314058,16.345775360931,2.41452340410606,9.79075266883058,34.8865940338211
"279",34,"5",279.157593392676,5.57127031234559,17.1567791925896,2.38318009030944,10.3201403861563,34.605832323664
"280",34,"6",273.024613004776,5.55017169926898,17.417630073689,2.36937492833938,10.5304048935117,34.4539716397462
"281",35,"1",327.521019033145,5.76169809554875,14.8878653528739,2.46333048964389,8.91089953440056,35.2438111980563
"282",35,"11",305.742141663048,5.67346197330801,15.9314764981792,2.43020242285845,9.52237816015517,35.0206664005311
"283",35,"12",285.840973693733,5.59719121015536,16.846711955609,2.39472714109765,10.1230935277073,34.707468534747
"284",35,"2",317.165813721233,5.71996425246934,15.3821345817915,2.44731664352663,9.20258579209,35.1299410089796
"285",35,"3",307.509280720799,5.68299558534981,15.8258787582522,2.43005568277813,9.49461454177085,34.9776323919913
"286",35,"4",299.106358626429,5.6476345854951,16.2401381523269,2.41884637231628,9.71910368241326,34.9268862979149
"287",35,"5",281.724879649732,5.58065224396489,17.0427401046539,2.38830229035505,10.2381500898355,34.6575996508114
"288",35,"6",275.629027210884,5.55959948017431,17.3027332897942,2.37467846598879,10.4462606941384,34.5084360316926
"289",36,"1",329.325626429295,5.76873466990119,14.8038118129911,2.46640350419178,8.85759329626338,35.2692791552661
"290",36,"11",306.845973368071,5.67748670059102,15.8825246655325,2.43241567133263,9.48691721962165,35.0429166839119
"291",36,"12",286.520212512665,5.59966117831388,16.8166480698435,2.39609697554237,10.1011725629355,34.7211213121577
"292",36,"2",319.13385392242,5.72750786789539,15.2916162094773,2.45082344884448,9.1432215098198,35.1610699531846
"293",36,"3",309.571075083225,5.69078662651609,15.7320345704988,2.4338632042956,9.43129932673638,35.012923951251
"294",36,"4",301.382380662903,5.65624019279377,16.1364987305883,2.42304347937898,9.64926589754116,34.9656431704422
"295",36,"5",284.24378404979,5.58989417952236,16.930525788438,2.39328400642427,10.1580861041573,34.7075317452169
"296",36,"6",278.182546931539,5.56888100248365,17.1897471629423,2.3798330203934,10.3641529146311,34.5609476102141
"297",37,"1",331.089426436532,5.77562724970526,14.7215257161251,2.46938897218262,8.80564616425987,35.2938119768583
"298",37,"11",308.497259480388,5.68365641439606,15.8079828600949,2.43554882131866,9.43553947602501,35.0729357937727
"299",37,"12",287.00023093067,5.60064288222639,16.8021321621461,2.39797705759074,10.0781190194054,34.7497385764047
"300",37,"2",321.059950390795,5.73491014034863,15.2028558026279,2.45423231599894,9.08532275157041,35.1910761295007
"301",37,"3",311.590772687799,5.69844277192594,15.6398934100413,2.43756411652989,9.3695244180904,35.046919779279
"302",37,"4",303.608276849037,5.664682264621,16.0349128042866,2.42711711955344,9.58122734062417,35.0029218822993
"303",37,"5",286.7138983934,5.59899217045852,16.8201760239737,2.39812735758322,10.0799348335779,34.7556742375083
"304",37,"6",280.686369445651,5.57801802865597,17.0786415328202,2.38484410018577,10.2840171253411,34.6115938666936
"305",38,"1",332.813408525112,5.78238022731251,14.6409562687114,2.4722879407341,8.75503331670702,35.3174082488692
"306",38,"11",309.845526668114,5.68839761789126,15.7497309487655,2.43846085639909,9.39079998876289,35.1050637050634
"307",38,"12",288.05040356781,5.60435410955092,16.756598378163,2.40022343307831,10.0433506487503,34.7740679245969
"308",38,"2",322.94650926328,5.74218050164028,15.115740851907,2.45754728294574,9.02881704938467,35.2199880294761
"309",38,"3",313.570885801129,5.70597200181307,15.5493542608695,2.44116486548451,9.309195942892,35.0796957924686
"310",38,"4",305.793166883775,5.6729975844395,15.9349448212737,2.43108136141469,9.51473106277899,35.0388216045462
"311",38,"5",289.137861919236,5.60795577217076,16.7115743644571,2.40283771642866,10.0036096934066,34.8020779933627
"312",38,"6",283.143008141555,5.58701785700945,16.9693213782497,2.3897189727214,10.2057509626965,34.6604619821311
"313",39,"1",334.500017658127,5.78900171636631,14.5620021016843,2.47510626859877,8.70566838441887,35.3401369758879
"314",39,"11",311.605901215805,5.69504501436676,15.6696470869345,2.44171729648676,9.33673794374119,35.1353832612022
"315",39,"12",289.830317375887,5.61107066215879,16.6756663923161,2.40352154221205,9.9886180222993,34.8047028278037
"316",39,"2",324.797293638732,5.7493341411939,15.0300915339674,2.46077414135191,8.97359722516084,35.2478430900061
"317",39,"3",315.513852294109,5.71338329166369,15.4603082466575,2.44467023575965,9.25023504093537,35.1112965419594
"318",39,"4",307.932708242872,5.68116555389937,15.8368293450016,2.43493318730556,9.44986882665633,35.0733702553217
"319",39,"5",291.511327833261,5.61676530668021,16.6049473158828,2.40741093921397,9.92921095695362,34.8467459235672
"320",39,"6",285.554732993197,5.59588352737271,16.8617321752778,2.39446844228932,10.1292301030266,34.7077281878603
"321",40,"1",336.150280539875,5.79549613193676,14.4846117662978,2.47784521252503,8.65752470250756,35.3620007281716
"322",40,"11",313.268694239398,5.70140122055255,15.5933214322583,2.44470093928994,9.28649984891634,35.162213825405
"323",40,"12",291.026465696917,5.61521814738328,16.6245047923515,2.40617522166959,9.94821422651168,34.8343588888866
"324",40,"2",326.610091836735,5.7563605677645,14.9460273168292,2.46391135471938,8.91971010185448,35.2746557467356
"325",40,"3",317.41654099725,5.72066515661709,15.3728948266479,2.4480740305718,9.1927402758995,35.1416573351472
"326",40,"4",310.024940367636,5.68917664204342,15.7406743134167,2.43867151091451,9.38667925825754,35.1065847384539
"327",40,"5",293.837527029961,5.62543060819979,16.5001687446607,2.41185582773892,9.85661502706785,34.8897892096903
"328",40,"6",287.918782276741,5.60460554517766,16.7559913315009,2.39908628482501,10.054547629352,34.7533183915599
"329",41,"1",337.771803444782,5.80189207201612,14.4084403289023,2.4805189913968,8.61036659328928,35.3831318158519
"330",41,"11",314.741404689535,5.70723741815695,15.5239005318831,2.4470968190427,9.24390795432824,35.1806403650982
"331",41,"12",291.521390758431,5.61627423159781,16.6091513399294,2.4080612779673,9.92494557380636,34.8629752353295
"332",41,"2",328.394422275293,5.7632961638432,14.8631113090422,2.46697600569297,8.86686676945657,35.3005768933909
"333",41,"3",319.288417716023,5.72785043317998,15.2867089969335,2.45139723199164,9.13639171008885,35.1710115714025
"334",41,"4",312.083963344912,5.69708029707151,15.6458717213671,2.4423269472813,9.32469142434524,35.1387997968569
"335",41,"5",296.124773990447,5.63397880708361,16.3968979945665,2.41619285649002,9.78552291319846,34.9314516545699
"336",41,"6",290.240432587929,5.61319965663468,16.6518956225555,2.40358725093172,9.98149849118082,34.797421159137
"337",42,"1",339.363792987408,5.80818485236251,14.3335387588183,2.48312815344729,8.56420313074047,35.4035597187747
"338",42,"11",316.059261615284,5.71218685092529,15.4641854720185,2.44956685737746,9.20319481713166,35.2040846465963
"339",42,"12",292.896656752063,5.62108954852811,16.5499164683928,2.41105649539149,9.87894233498296,34.8959398088884
"340",42,"2",330.144142965697,5.77011688260937,14.7816304490131,2.46995775204286,8.81524704758592,35.3255200541901
"341",42,"3",321.125778839195,5.73492383046479,15.2019307479458,2.45463454776112,9.08129017318532,35.1993269660967
"342",42,"4",314.101364524533,5.70484689092294,15.5527854326681,2.4458813800063,9.26418506354599,35.1698181187245
"343",42,"5",298.365919127225,5.64238346936465,16.2954553507054,2.42040812659648,9.7161604965684,34.9715972157688
"344",42,"6",292.518623896367,5.62165934665774,16.549515408235,2.40797237940978,9.91009044686119,34.8400802752634
"345",43,"1",340.926142929512,5.81437515903862,14.2599023092018,2.48567120397689,8.51904623993237,35.4232518234016
"346",43,"11",317.43653868143,5.71725534423744,15.4026952204127,2.45227256530807,9.1597358996172,35.2313803703958
"347",43,"12",293.477873281227,5.62287627750558,16.5270706233438,2.41261884329283,9.85722707833809,34.9164530692251
"348",43,"2",331.865210341583,5.77684535715551,14.7013125225646,2.47286744414163,8.76466794494907,35.3495814971231
"349",43,"3",322.931627514836,5.74189690989289,15.1184215102752,2.45779126920956,9.02734439388547,35.2266471296458
"350",43,"4",316.078757381676,5.71247865464253,15.4613760722291,2.44934240465551,9.205072723741,35.1997621064634
"351",43,"5",300.565631169489,5.6506557311962,16.1956856373211,2.42451802796073,9.64831951674601,35.010464297767
"352",43,"6",294.753787306412,5.62998427098343,16.4488484538164,2.41224482254412,9.84029068593166,34.8813509231504
"353",44,"1",342.458553987552,5.82045935434848,14.1875666900246,2.48815058342982,8.47488181378072,35.4422663979789
"354",44,"11",318.478461173831,5.72100404610408,15.3569320554829,2.45442173599579,9.12599966631244,35.2541251843386
"355",44,"12",294.303414857432,5.62599197636499,16.4895292040051,2.41414794716429,9.83171910762568,34.9304150809853
"356",44,"2",333.555528477348,5.78346985354235,14.6222865328974,2.47570576533119,8.71515737688318,35.3728211651324
"357",44,"3",324.707191561731,5.74876973659187,15.0361657060487,2.46087512580499,8.97447323377314,35.2531089617614
"358",44,"4",318.023498769721,5.72000096208777,15.371330163052,2.45272650381423,9.14710547805876,35.2288189339917
"359",44,"5",302.720966312057,5.65878547699491,16.0977139589854,2.4285159202357,9.58209946177751,35.0479744148368
"360",44,"6",296.941945686785,5.63815635079053,16.3501026573891,2.41640087770975,9.77219021808929,34.9212368880165
"361",45,"1",343.962343392676,5.82644226908524,14.1164732392393,2.49056889952318,8.43166745491056,35.4606284755318
"362",45,"11",320.40966977855,5.72864024760399,15.2660479667919,2.45758379380242,9.0700267140966,35.2787793611605
"363",45,"12",295.743067412071,5.63127508168974,16.42538571665,2.41699402645651,9.78600501009793,34.9589995847774
"364",45,"2",335.217656100738,5.78999944964953,14.5444412245921,2.4784781464348,8.66663097873223,35.3952969090368
"365",45,"3",326.45524366768,5.75555395022273,14.9550268927042,2.46388985004825,8.92260157660552,35.2787280044598
"366",45,"4",319.937402048053,5.72742341177413,15.2825409707001,2.45603374714395,9.09025403043914,35.2569496449269
"367",45,"5",304.84569109133,5.6668272313374,16.0008916572421,2.43242423625631,9.51710109839091,35.0842974420606
"368",45,"6",299.105407222463,5.64626476209176,16.2522196580127,2.42047591639264,9.70515074268407,34.9599949784967
"369",46,"1",345.44071363439,5.8323363822459,14.0464728664683,2.49293161552072,8.38930809584512,35.4783821263641
"370",46,"11",321.355911238964,5.73224426743534,15.2227288615761,2.45929731822915,9.04131182047664,35.2944317519518
"371",46,"12",297.020054132291,5.63590227423587,16.3690094376132,2.41958894733614,9.74493822548683,34.9860027351081
"372",46,"2",336.851874656245,5.7964382569725,14.4677369308975,2.48118146785144,8.61910774621336,35.4169333826483
"373",46,"3",328.174682913591,5.76224407547461,14.8750667679607,2.46683497923381,8.87175063709724,35.3035181308125
"374",46,"4",321.819092994645,5.73473669447415,15.1951073143325,2.45926651187514,9.03452058574774,35.2842328278625
"375",46,"5",306.932335323491,5.67474847433333,15.9055965595961,2.4362343053035,9.45351109887605,35.1194100425343
"376",46,"6",301.236320885801,5.65427335173419,16.1556139507717,2.42446318441369,9.63934970170745,34.9976510246628
"377",47,"1",346.893998733536,5.8381432052911,13.9775481720748,2.49523905062255,8.34779606437624,35.4955260997367
"378",47,"11",322.661292951223,5.73735739261973,15.1617239119853,2.46149257975931,9.00291770799383,35.3121946972035
"379",47,"12",297.899624728615,5.63891409812688,16.3317230506093,2.42158562972165,9.71490369608644,35.0089191760571
"380",47,"2",338.462236358373,5.8027979962442,14.3920208590148,2.48382750130303,8.57242937140969,35.4378909644732
"381",47,"3",329.868496743378,5.76884935700266,14.7961673679593,2.46971847109466,8.82180911141445,35.3275815764619
"382",47,"4",323.671677956289,5.74195322358813,15.108881856431,2.46242972826033,8.97981638052028,35.3107038488192
"383",47,"5",308.985843609784,5.68256725512948,15.8116092068887,2.43995601720674,9.39117178258658,35.1534125330146
"384",47,"6",303.336440838037,5.66218836721196,16.0602090513773,2.42836637619548,9.57472856045729,35.0342416992065
"385",48,"1",348.324130120133,5.84386880234095,13.9096221212931,2.49749624538773,8.30705966926767,35.5121237152487
"386",48,"11",324.298321826603,5.74378720967823,15.0850644916395,2.46422450546546,8.95512883953175,35.3343537021921
"387",48,"12",299.210031951078,5.64358226500872,16.2745773353139,2.42434413474233,9.67201397290717,35.0386870619011
"388",48,"2",340.047965226516,5.80907629695914,14.3173233786281,2.4864141430508,8.52662411516705,35.4581402182658
"389",48,"3",331.538376827327,5.77537713222,14.7182433684874,2.47254232131442,8.77273387476608,35.3509225042082
"390",48,"4",325.494819655522,5.74907086200167,15.023887549231,2.46552380343363,8.92614315244738,35.3363773459002
"391",48,"5",311.004994680851,5.6902774571884,15.7189984175449,2.44358890963511,9.33010516528537,35.1863188338065
"392",48,"6",305.404608590245,5.67000791687427,15.9660357844705,2.43218038401356,9.5113471635193,35.0696838004017
"393",49,"1",349.731527753655,5.84951657807016,13.8426595826971,2.49970180493581,8.2671022478213,35.528133686686
"394",49,"11",325.403971993053,5.74782646060613,15.0359624655798,2.46643197535029,8.92003717262563,35.357201598664
"395",49,"12",300.323476733246,5.64741710607509,16.2271811684293,2.42684523665459,9.63432074152594,35.0673921575697
"396",49,"2",341.610196084817,5.81527847647398,14.2435837694727,2.48894225998968,8.48166596707825,35.477672388739
"397",49,"3",333.185357504704,5.78183089830255,14.6412513153097,2.47530893117144,8.7244889754338,35.3735679719615
"398",49,"4",327.2896172022,5.75609250932505,14.9400854123071,2.46855226402894,8.87345451482377,35.3613018258059
"399",49,"5",312.993163229121,5.69789330397102,15.6275976259205,2.44713745790395,9.27021969472208,35.2181440434582
"400",49,"6",307.440004523086,5.67772504692412,15.8731654376074,2.43590829917926,9.44919123443258,35.1040548561497
"401",50,"1",351.113570198292,5.85507402886505,13.7768027630588,2.50185399009471,8.22797960061643,35.5435762538061
"402",50,"11",326.803331705022,5.75315875066392,14.9718779792685,2.46896312036501,8.87769681550433,35.3804229818265
"403",50,"12",301.539628057606,5.65236544703292,16.1687185770823,2.42866987148682,9.60044850614118,35.0793370134408
"404",50,"2",343.143290888696,5.8213810044463,14.1710782609022,2.49140409759422,8.43770559995011,35.4964442840794
"405",50,"3",334.805459907367,5.78819430396696,14.5653839059433,2.47801252428549,8.67718256188505,35.3954795686299
"406",50,"4",329.048531951078,5.76299067190923,14.8578098222135,2.47150000258489,8.82199029111239,35.3853198094737
"407",50,"5",314.942300875669,5.70538209989972,15.5377932731253,2.4505895245457,9.21173959392409,35.2488048703363
"408",50,"6",309.440390034737,5.68533192178249,15.7816944080078,2.43954524309884,9.38833495922181,35.1372987019666
"409",51,"1",352.47879045448,5.860577301084,13.7116288934158,2.50396389956132,8.18946660811366,35.5584980560852
"410",51,"11",328.169612208713,5.7585146139554,14.9079900127287,2.47125578044231,8.8376955384944,35.3991531678142
"411",51,"12",303.130115971921,5.6583982901513,16.0961257332494,2.43157985496381,9.55195561438273,35.1062178319788
"412",51,"2",344.660462729773,5.82743669572175,14.0991800224826,2.49382061100434,8.3943658719147,35.5146111374187
"413",51,"3",336.411166956144,5.79451593047165,14.4900605359503,2.48067446789783,8.63044582820743,35.41683761196
"414",51,"4",330.787746417716,5.76982501875426,14.7763372682027,2.47439867169299,8.77124085927361,35.408748579598
"415",51,"5",316.870902807932,5.71281556169844,15.4487274317191,2.45397708235237,9.15411528332693,35.278573087349
"416",51,"6",311.4220900275,5.69288944976713,15.6908865249912,2.44312229397923,9.32826983559591,35.1697149123545
"417",52,"1",353.819140794616,5.86599159928458,13.6475429093878,2.50602190728583,8.15176885313994,35.5728713369064
"418",52,"11",329.600998263135,5.76422576900504,14.8401758821512,2.47353819716889,8.79676771622036,35.416260851161
"419",52,"12",304.036401975684,5.66147271940654,16.0579612498667,2.43367165851314,9.52078228128686,35.130672074003
"420",52,"2",346.150762809379,5.83340029340815,14.0284216197134,2.49617621852386,8.35194521858616,35.5320810951065
"421",52,"3",337.993462983066,5.80076006851503,14.4157060214938,2.4832800723591,8.58453987398904,35.4375277816189
"422",52,"4",332.497025510204,5.7765583906472,14.6961202434244,2.47722755907207,8.72153318131692,35.431369652856
"423",52,"5",318.766222572008,5.7201428551945,15.361003777558,2.45727977839639,9.09771025812391,35.3072918954687
"424",52,"6",313.372903242148,5.70035080019555,15.6013035262831,2.44661778533888,9.26936330859954,35.2011110248418
"425",53,"1",355.13670382834,5.87132496919404,13.5844484683161,2.50803164904643,8.11482347133181,35.586726410176
"426",53,"11",330.812487045882,5.76881054358083,14.7849737477215,2.47576728945203,8.75977010987308,35.4371490684761
"427",53,"12",305.104249565784,5.66547442083875,16.0096520320834,2.435683590998,9.48772719613297,35.1498944345084
"428",53,"2",347.613694167028,5.83926896066971,13.9588341215974,2.49847114740326,8.31044853487649,35.5488680890977
"429",53,"3",339.549609784339,5.80691625618094,14.3424460063159,2.48582441819071,8.53954626989642,35.4575033173304
"430",53,"4",334.180425025329,5.78320398577178,14.6169928930909,2.47999669511976,8.67272210358307,35.4533055272094
"431",53,"5",320.627016283109,5.72735791611839,15.2746909448818,2.46049694413506,9.04254792822726,35.3349706924503
"432",53,"6",315.289872195687,5.70770511908732,15.5130771898128,2.45002587151813,9.21170604949376,35.2314206025417
"433",54,"1",356.430266681141,5.87657246209975,13.5224039960241,2.50999132148806,8.07866336778359,35.6000497623852
"434",54,"11",332.250458785642,5.77442478471406,14.7179330740654,2.47820729899382,8.71746405604225,35.4574941585076
"435",54,"12",306.700450390795,5.67180903699803,15.934330373378,2.43826957827732,9.44183930101235,35.1699691323894
"436",54,"2",349.047163844261,5.84503363015469,13.8905229990621,2.50070291589811,8.26992887903133,35.5649641884788
"437",54,"3",341.084442430164,5.81300275089401,14.270060534542,2.4883164500685,8.49531605492293,35.4768463986057
"438",54,"4",335.830706578376,5.78973507891673,14.5392791536456,2.48269196408846,8.62503413992142,35.4744125492146
"439",54,"5",322.453989832103,5.73446509542301,15.189741970257,2.46362787294358,8.98862178953552,35.3615760412191
"440",54,"6",317.179486068896,5.71497630024942,15.4259176827106,2.4533592851098,9.15509254849459,35.2607702682558
"441",55,"1",357.700436061659,5.88173675322104,13.4613785064262,2.51190158817985,8.04327276045817,35.6128405553959
"442",55,"11",333.721221305544,5.7802210037741,14.6488882391301,2.48063852769927,8.67473978204512,35.4769576154252
"443",55,"12",307.822313504125,5.67579045049605,15.885539845203,2.4406491990379,9.40495294109998,35.1958303187372
"444",55,"2",350.455776451006,5.85071332100419,13.8232644007838,2.50287809377215,8.23025919671924,35.5804055976033
"445",55,"3",342.597540418295,5.81901848391012,14.198564161723,2.49075477027863,8.45186580156688,35.4955337558658
"446",55,"4",337.454614162686,5.79617856865854,14.4626596025689,2.48532413107832,8.57827599042633,35.4947703557106
"447",55,"5",324.248561911999,5.74146915425139,15.1060975654721,2.46667590085979,8.9358806738014,35.3871434261774
"448",55,"6",319.042560428427,5.72216714881322,15.3397903219444,2.45661986261418,9.09949393907061,35.2891771551288
"449",56,"1",358.947326892459,5.8868176988701,13.4013718612337,2.51376335143639,8.00864232901455,35.6251145243164
"450",56,"11",334.555949051961,5.78328620679503,14.6116794965695,2.48228633586093,8.6484000163675,35.4938114567027
"451",56,"12",309.515551201332,5.68233797811671,15.8071563706614,2.44359798669172,9.3545243627975,35.2212914203962
"452",56,"2",351.83657913591,5.85629423870729,13.7572159578913,2.50499437586262,8.191504975553,35.5952081797201
"453",56,"3",344.086641120278,5.82495229988157,14.1280828300534,2.49313831131444,8.40924033611944,35.5135926023539
"454",56,"4",339.047827001013,5.80251653348865,14.3873449512,2.4878871205165,8.5325629802514,35.5143410182952
"455",56,"5",326.014138116949,5.74838385016939,15.0235948923879,2.46964625597836,8.88422805886544,35.4117073923083
"456",56,"6",320.874188160371,5.72925932550563,15.2549166649559,2.4597982989855,9.04506090283237,35.3165480457701
"457",57,"1",360.169689282096,5.89180760697784,13.3424671110647,2.51557784814284,7.9747826102287,35.6369260472822
"458",57,"11",335.47945845998,5.78670476400581,14.5702723389693,2.48407676152563,8.61953133716284,35.5117858486582
"459",57,"12",310.89747166739,5.68750238272826,15.7447642763942,2.44621870042182,9.31166079358189,35.246675135341
"460",57,"2",353.187983970184,5.86176833183293,13.6924680182728,2.50705127868874,8.15369516743116,35.6093958570738
"461",57,"3",345.552301671733,5.8308061632146,14.0585924223964,2.49546827025271,8.3674198580972,35.5310336897067
"462",57,"4",340.610352366479,5.80874777674702,14.3133456547518,2.49038240748355,8.48788284360819,35.5331549648417
"463",57,"5",327.750273592416,5.75520576564112,14.9422694999727,2.47254019023797,8.8336591932668,35.4353006015249
"464",57,"6",322.676723404255,5.73626259174805,15.1711819335365,2.46289790798739,8.99172880504558,35.3428995360955
"465",58,"1",361.369673686496,5.89671880132721,13.2845293890848,2.51734403741088,7.94166532931921,35.6482018437075
"466",58,"11",336.956843320307,5.7927172586005,14.4992409172162,2.48629186230494,8.57842599518151,35.5265098400148
"467",58,"12",311.927597336807,5.69146853387875,15.6972292656627,2.44803322126802,9.28074641301011,35.2624707527186
"468",58,"2",354.513539405124,5.86715125047103,13.6288393225322,2.50905267901163,8.11674113957466,35.6229710058651
"469",58,"3",346.99368190042,5.83657799281243,13.9901215428039,2.4977417896253,8.3264399472531,35.547813432046
"470",58,"4",342.148488963671,5.81489898182038,14.2403496282534,2.49281818259861,8.44406857696153,35.5512450336851
"471",58,"5",329.456297293385,5.76193234843642,14.8621520768161,2.47535648412776,8.78419348770701,35.4579097924126
"472",58,"6",324.450929476046,5.74317733128881,15.0885734186126,2.46592308505268,8.93944898351889,35.3683051998888
"473",59,"1",362.546681430019,5.90154626082923,13.2276102532995,2.5190641077606,7.90928332467684,35.6590025253919
"474",59,"11",338.474395751918,5.79885323178165,14.4266306426681,2.48861493771107,8.53590560430172,35.5427655186913
"475",59,"12",312.646818606166,5.69404099407126,15.665773707403,2.44953491154636,9.25726322249159,35.278495864372
"476",59,"2",355.812638695904,5.87243943934748,13.5663686115946,2.51099896383324,8.08064885621148,35.6359541422705
"477",59,"3",348.413602113186,5.84227828939274,13.9225432023395,2.49996426464313,8.28621257367775,35.5639842896785
"478",59,"4",343.657143978868,5.82094816620443,14.1686127998908,2.49518831010496,8.40124982403762,35.5685918817947
"479",59,"5",331.131312888985,5.76855966583552,14.7832882283759,2.47809413395934,8.73585147319145,35.4795300297035
"480",59,"6",326.196026378637,5.75000240472599,15.0071106913677,2.46887023094348,8.88826151511401,35.3927034616175
"481",60,"1",363.687053625706,5.90623294874268,13.1723791820351,2.52071931042841,7.87800274803363,35.6692280819819
"482",60,"11",339.890048523665,5.80462991731702,14.3584313671142,2.49071906791716,8.49671952140294,35.5565405827254
"483",60,"12",313.70587762339,5.69792546101549,15.6186048708361,2.45163094092649,9.22372644784675,35.2998675601144
"484",60,"2",357.076668331162,5.87759623546739,13.5054841904928,2.51287913939167,8.0456422593095,35.6482996106758
"485",60,"3",349.79983260964,5.84785639355198,13.8564532221642,2.50211841953969,8.24706780224634,35.5794440930477
"486",60,"4",345.128600955276,5.82686426123569,14.0985032194919,2.49748082053669,8.35964332321497,35.5851083273797
"487",60,"5",332.770686640614,5.77506889833951,14.7059004028295,2.48074614637448,8.68876052044398,35.5001109895012
"488",60,"6",327.902675929946,5.7566998644816,14.9272422311568,2.47172527780827,8.83842443057682,35.4159957151196
"489",61,"1",364.816617346939,5.91088727478623,13.1175653400185,2.52234442678052,7.84713429725076,35.6790489078902
"490",61,"11",341.143443190042,5.80947697181225,14.3004061220362,2.49290145681365,8.45956423485147,35.5756860053184
"491",61,"12",314.241586770879,5.69951321073663,15.598068387917,2.45314150953537,9.20318080435882,35.3203851803968
"492",61,"2",358.326049536836,5.88270689057374,13.4451853348218,2.51472126436817,8.01117332330722,35.6601552941395
"493",61,"3",351.175905775076,5.85340863645806,13.7907152355579,2.50423886664052,8.2083571771636,35.594413507137
"494",61,"4",346.59114546244,5.83276221514286,14.0286623962628,2.49973832080166,8.31846045227349,35.6010791376368
"495",61,"5",334.398697459835,5.78155475135847,14.6288574358494,2.48335382175869,8.64220765710801,35.5200008529903
"496",61,"6",329.600018164713,5.76338230647349,14.8476198324108,2.47453907447459,8.78907122474021,35.4386258696478
"497",62,"1",365.921584201766,5.91545053663776,13.0638544640122,2.52392187331392,7.81703784741663,35.6883943062097
"498",62,"11",342.176541322912,5.81350631703798,14.2522779677738,2.49465942356341,8.42923075031481,35.5905525206654
"499",62,"12",315.588020191055,5.70480334051724,15.5350021493783,2.45538645656527,9.16390252933065,35.3385420877987
"500",62,"2",359.55054447098,5.88772847923676,13.3859753790117,2.51651149396137,7.97751400647012,35.6714499485697
"501",62,"3",352.52662353452,5.85887297130876,13.7260616747972,2.50630305217489,8.17050054297637,35.6087446211712
"502",62,"4",348.021769286438,5.83854888750193,13.9601921770234,2.50192572177481,8.2783444985978,35.616260056094
"503",62,"5",335.996490628166,5.78794144273728,14.5530574699643,2.48588775539676,8.59672397486554,35.5389835242801
"504",62,"6",331.269747358518,5.76997606452177,14.7691162844975,2.47728318055888,8.74071714157033,35.4603872148686
"505",63,"1",367.000904653351,5.91991838481359,13.0112977038777,2.52545016978548,7.78774081007035,35.6972543675441
"506",63,"11",343.289192611087,5.81793818788789,14.1996309087215,2.49644261568929,8.39739971451784,35.6041433467065
"507",63,"12",315.666796569692,5.70461224196195,15.5357233178676,2.45611554062302,9.15680243807511,35.3523938207523
"508",63,"2",360.74588511362,5.89264267360231,13.328067970124,2.51824457324574,7.9447731639398,35.6821644787412
"509",63,"3",353.851525220727,5.864246956818,13.6625196800852,2.50831096187475,8.13350435377408,35.6224455733321
"510",63,"4",349.426465733102,5.84424668509334,13.8928218911121,2.50405437850561,8.23910958037429,35.6307607315431
"511",63,"5",337.565105767839,5.79423290517199,14.4784531488967,2.48834986214055,8.55227693890131,35.5570752660747
"512",63,"6",332.910502713852,5.77647718868844,14.6917830203981,2.47995365956532,8.69341438554672,35.4812241835275
"513",64,"1",368.058252786221,5.92430570211884,12.9597190257248,2.52693490796191,7.75913961153478,35.7056666286964
"514",64,"11",344.468166594297,5.82263737295737,14.143818005623,2.49832835057873,8.3637245011779,35.6185067179696
"515",64,"12",316.362453683601,5.70711936753146,15.5051313957338,2.4575454061314,9.13433142223023,35.367550204118
"516",64,"2",361.915915291649,5.89746490314823,13.2712801831278,2.51992652057799,7.91284145313591,35.6923419634503
"517",64,"3",355.155862136344,5.86955129748877,13.5998426473027,2.510271265224,8.09721554167737,35.635584626145
"518",64,"4",350.802500506586,5.84984449649429,13.8266828574917,2.50612017188716,8.20083168777038,35.6445529204218
"519",64,"5",339.10216460414,5.80041665022498,14.4051835742561,2.4907399308662,8.50890528238068,35.5743229930325
"520",64,"6",334.522984078738,5.78288529120516,14.6156149046598,2.48255542456303,8.64711231917206,35.501225592436
"521",65,"1",369.093787487335,5.92861231682969,12.9091180010498,2.52837730318615,7.73122222901585,35.7136534535785
"522",65,"11",345.647601823708,5.82742197222655,14.0872468587675,2.50011503227181,8.33079232909974,35.6306742848969
"523",65,"12",317.35291105804,5.71107557294966,15.4581687683435,2.45911956679603,9.10600101969211,35.3791604999511
"524",65,"2",363.061190078159,5.90219775276715,13.2155824588195,2.52155777904816,7.8817053776005,35.7019781395407
"525",65,"3",356.431393580837,5.87475215591346,13.538429428709,2.51217196522075,8.06186036733896,35.6480867260244
"526",65,"4",352.154906788247,5.85536265396845,13.7615344173975,2.50813082891363,8.16336838873125,35.6576887039679
"527",65,"5",340.610073925315,5.80650424383606,14.3331174243703,2.49305945548317,8.46655787385534,35.5907036099796
"528",65,"6",336.105322695035,5.78919338377983,14.5406963493206,2.48508493697746,8.60186695922171,35.520353446388
"529",66,"1",370.106410696193,5.93283323436829,12.8595520567735,2.52977633692557,7.70401358555524,35.7212166442732
"530",66,"11",346.779677377334,5.83209380211323,14.0322480909831,2.50173522050609,8.29988216642641,35.6402545988023
"531",66,"12",318.514729736575,5.7156869530082,15.4033391774301,2.46100105840009,9.07260824329878,35.3937656299032
"532",66,"2",364.179364994934,5.90683030850155,13.1610996126489,2.52313647247397,7.8514172850014,35.7110846749922
"533",66,"3",357.68344402229,5.87987067422716,13.4780286700058,2.51402167403942,8.0272844861527,35.6600168604817
"534",66,"4",353.477845599942,5.86077543355489,13.6976745841603,2.51007993661944,8.12686379746051,35.6701601297784
"535",66,"5",342.089594586771,5.81249486133945,14.262252667893,2.49531425864664,8.42517634477139,35.606324939429
"536",66,"6",337.660064517296,5.79540917623477,14.4669283093682,2.48754917989693,8.55758288584376,35.5387014729457
"537",67,"1",371.092815964684,5.93695528020491,12.8111776821775,2.53112671536181,7.67760744239302,35.7283144911761
"538",67,"11",347.754187798524,5.83604255921069,13.9855459654176,2.50321687400324,8.27270357666023,35.6505239286599
"539",67,"12",319.458285605732,5.71929858150939,15.3599858482737,2.46268842128776,9.04425313206233,35.4090619926706
"540",67,"2",365.269946772326,5.91135965225586,13.1078633845181,2.5246629486002,7.82198186643992,35.7196794661244
"541",67,"3",358.910672275293,5.8849005827647,13.4187120042482,2.5158193496859,7.99351765992428,35.6713821607645
"542",67,"4",354.771077181937,5.86608127325083,13.635120050881,2.51196783552319,8.09131809599614,35.6819783608707
"543",67,"5",343.537182624113,5.81837202702085,14.1927777841867,2.49750147793628,8.38484005785155,35.6212044101866
"544",67,"6",339.185691525546,5.80152565381257,14.3943911439929,2.48994687655725,8.51429359376614,35.5562746957271
"545",68,"1",372.056345455203,5.94099228851572,12.7638321392286,2.53243317177707,7.65191203042339,35.7349736350596
"546",68,"11",349.03184064264,5.84132459160753,13.9233915776729,2.50503413999398,8.23792408812238,35.6611204114162
"547",68,"12",320.677461029093,5.72414278161568,15.302403915091,2.46465663125558,9.00924501225668,35.4242229816732
"548",68,"2",366.334883376755,5.91579401203284,13.055777471038,2.5261397694199,7.79334672218952,35.7277731661683
"549",68,"3",360.111663012013,5.88983712706995,13.3605386196051,2.5175616695359,7.96060664224122,35.6821401894641
"550",68,"4",356.035688594587,5.87128427147709,13.5738214213404,2.51379654423931,8.05669666633421,35.6931606932509
"551",68,"5",344.949650275004,5.82412326867891,14.1248416237838,2.49961573561865,8.3456407879634,35.6352948334436
"552",68,"6",340.677237154436,5.80752155606222,14.3233328764144,2.49227183182235,8.47212608085327,35.5730481351905
"553",69,"1",372.994984874801,5.94493332243097,12.7176364103795,2.53369595686891,7.62695878722138,35.7412455100497
"554",69,"11",350.160447242727,5.84602548337415,13.868179128722,2.5065975700698,8.20755595377575,35.6696242917023
"555",69,"12",321.054927015487,5.72534060052464,15.2872369570981,2.46562657631093,8.99557214418325,35.4367375800937
"556",69,"2",367.370239253148,5.92011609843128,13.0050423064443,2.52756255409367,7.7656090495426,35.73535878965
"557",69,"3",361.282973910841,5.89466338063031,13.3036997254625,2.51924695573808,7.92862084234509,35.6923323466793
"558",69,"4",357.269377804313,5.87637350168688,13.5139031032398,2.51556447150659,8.0230497528489,35.70372507001
"559",69,"5",346.330613981763,5.82976237489663,14.0582784986681,2.50166356345649,8.3074685124969,35.6486552526119
"560",69,"6",342.13648556231,5.8134032269472,14.2536758057606,2.49452781566886,8.43102260569795,35.5890638562323
"561",70,"1",373.901579099725,5.9487477791252,12.6729475813127,2.53490611425531,7.6029324390773,35.747096430567
"562",70,"11",351.060376248372,5.84955467393612,13.8260853050174,2.50810595874195,8.18138724213693,35.6821606336383
"563",70,"12",322.73381231003,5.73203311401999,15.2077513605165,2.46831098677549,8.94761669892584,35.4571336018543
"564",70,"2",368.367798234187,5.92428865702919,12.9560865514247,2.52892354159345,7.73896243316294,35.742453517991
"565",70,"3",362.416993161094,5.89934707012752,13.2485727074013,2.52086534261068,7.89775884338178,35.701914916256
"566",70,"4",358.46716221595,5.88132619856841,13.4556265754141,2.51726711709227,7.99049215910269,35.7136851289178
"567",70,"5",347.667367346939,5.83523517580632,13.993720986902,2.50362884610551,8.27065334744965,35.6612218726408
"568",70,"6",343.554301490809,5.81913207800341,14.1858715786652,2.49670281578937,8.39122242635131,35.6042644429274
"569",71,"1",374.791713453466,5.9525031943937,12.6289801225705,2.53608210611659,7.57943616472394,35.7525742730766
"570",71,"11",352.265516681141,5.85454851367582,13.7673563654912,2.50980625315155,8.14872380344019,35.6919055942042
"571",71,"12",323.818530937907,5.73623299470982,15.1574897673707,2.4701935661724,8.91552717748278,35.4736097781871
"572",71,"2",369.350565747576,5.92841068979992,12.9077567455318,2.53025080453279,7.71281557606133,35.749146766068
"573",71,"3",363.533185482704,5.9039703225583,13.1941960625476,2.52244253778093,7.86750563719933,35.7110063859469
"574",71,"4",359.641575553626,5.88619610024255,13.398365174115,2.51892001389023,7.95869991611335,35.7230941952037
"575",71,"5",348.984662975829,5.84064352206702,13.9299691768983,2.50554736443372,8.23451726565573,35.6732128005391
"576",71,"6",344.95245267043,5.82479711710209,14.118869920112,2.4988289678898,8.3521247363618,35.6188572123407
"577",72,"1",375.656175857577,5.95615805820232,12.5862123622656,2.53721492008264,7.55668948007495,35.7576917559636
"578",72,"11",352.987221088435,5.85724474655097,13.7347798690142,2.51117594595619,8.12655667908882,35.7055206025329
"579",72,"12",324.412924301636,5.73819105548857,15.1329732504351,2.47163512729997,8.89475830167934,35.4915991158034
"580",72,"2",370.303550115791,5.9324174794141,12.8608063295807,2.53152629020097,7.68755075693154,35.7553843720799
"581",72,"3",364.620127659574,5.90848416514434,13.1411408954733,2.52396437974775,7.83815549716083,35.7195561286113
"582",72,"4",360.784587386018,5.8909469324396,13.3425366539422,2.52051541157737,7.92786294157651,35.7319648515025
"583",72,"5",350.268275872051,5.84592814314779,13.8677191473904,2.50739943718853,8.19944118465047,35.684519399107
"584",72,"6",346.319425821392,5.83035024943842,14.0532352991974,2.50089048947231,8.3140360940689,35.6327558672617
"585",73,"1",376.492964430453,5.95970350325241,12.5447468956403,2.53830241466508,7.53474141145829,35.7624474075564
"586",73,"11",353.996666521928,5.86140832361811,13.6857579995275,2.51262323898407,8.09900116372596,35.7141702951405
"587",73,"12",325.577661311333,5.74279487174748,15.078174644004,2.47354420677159,8.86115410824834,35.506810627744
"588",73,"2",371.226437255753,5.93630603948562,12.8152654555295,2.53275156726196,7.6631612460138,35.7612077765516
"589",73,"3",365.67567951223,5.9128785086864,13.0895222579204,2.52542930661048,7.80975456545144,35.727577818358
"590",73,"4",361.896066579823,5.89557899028354,13.2881400169361,2.52205212394371,7.89799138625182,35.7402728988155
"591",73,"5",351.518826422058,5.85108939660351,13.8069601667086,2.50918858224393,8.16538861451078,35.6952050122361
"592",73,"6",347.650968700246,5.83577323445433,13.9891804010041,2.50288212169521,8.27706667299479,35.6459431753841
"593",74,"1",377.302559089593,5.96314171477197,12.5045586034483,2.53934503227492,7.51357975165537,35.7668391663043
"594",74,"11",355.251065602837,5.86657796086637,13.6248781177445,2.51442684498169,8.06479060943232,35.7250887174364
"595",74,"12",326.159246815748,5.74494307503398,15.0521392434782,2.4746772940431,8.84295293768091,35.5183069071869
"596",74,"2",372.12385099146,5.94009642988396,12.7709008671216,2.53393208500607,7.63952907959244,35.766630296093
"597",74,"3",366.70336542915,5.91716751255295,13.0391723196865,2.52684282207208,7.78220284021551,35.7351111390737
"598",74,"4",362.975532421479,5.90008928178339,13.2352075006748,2.5235306668058,7.86908843314521,35.748039648826
"599",74,"5",352.738585178752,5.8561366477597,13.7475819681846,2.51091805481368,8.13229610566591,35.7052874546966
"600",74,"6",348.950919850919,5.84108156987538,13.9265217637102,2.50480976783383,8.24110716154241,35.6584586888042
"601",75,"1",378.089932262267,5.96649296855475,12.4654080669148,2.54035018102031,7.49306671139087,35.7709159147562
"602",75,"11",356.138532710957,5.87021543829058,13.5819824347086,2.51572669674453,8.04036888935212,35.733320003705
"603",75,"12",327.207842379505,5.74909214956923,15.0027667428315,2.47639084410628,8.81271806347194,35.5318589377027
"604",75,"2",372.993173903604,5.94377708721889,12.7278464374878,2.535065007157,7.6167178556256,35.7716489532583
"605",75,"3",367.700812129107,5.92134132801075,12.9902068622202,2.52820159490602,7.75556355412459,35.7421362645534
"606",75,"4",364.027154146765,5.90449425917046,13.1835431918584,2.52495790648544,7.84103377818262,35.7553203196448
"607",75,"5",353.930294832827,5.86108042560063,13.6894582622911,2.51259272282633,8.10008146192944,35.7148104196172
"608",75,"6",350.21853575047,5.84627155487897,13.8653010821442,2.50667311895776,8.20617123808443,35.6703111437038
"609",76,"1",378.850595527573,5.96973707202337,12.4275280569873,2.54131343104323,7.4733095067256,35.7746829605718
"610",76,"11",356.955659827761,5.87343997628419,13.5435848298969,2.51707234040001,8.01686436492772,35.7442508786777
"611",76,"12",328.641928245766,5.75483470004742,14.9346429869011,2.47865294120274,8.77203489111768,35.5486700625626
"612",76,"2",373.834621870025,5.94734706665434,12.6861078537908,2.53615283455079,7.59470603619056,35.7763141038219
"613",76,"3",368.668413880446,5.92539944379917,12.9426255723937,2.52950874256875,7.72980707021878,35.7487127200878
"614",76,"4",365.046921081198,5.9087753582599,13.1333596751448,2.52633050660205,7.81391785891099,35.7621326157031
"615",76,"5",355.091403676364,5.8659085934961,13.6327271701319,2.51421085229803,8.0687992399006,35.7237937734306
"616",76,"6",351.452004450716,5.8513336168433,13.8056248453414,2.50847208346128,8.17228954567715,35.6815405130187
"617",77,"1",379.58885678101,5.97289258632646,12.3907023837031,2.54224001226468,7.45419732355585,35.7781561924675
"618",77,"11",357.886400600666,5.87731634006465,13.498055448775,2.51836211830875,7.99183266318414,35.7512723644544
"619",77,"12",329.601431212911,5.75870348233812,14.8888289326446,2.48013465937368,8.74504061547712,35.5591889431829
"620",77,"2",374.648078122738,5.95080550974254,12.6456941069548,2.53719584970641,7.5734923522556,35.7806341174191
"621",77,"3",369.606280612245,5.92934241272414,12.8964222359469,2.5307643039972,7.70493029568736,35.7548378436423
"622",77,"4",366.035535316254,5.91293560302905,13.0846217258647,2.52764932080452,7.7877220204748,35.7684785283746
"623",77,"5",356.221648321031,5.87062089832815,13.5773941406177,2.51577107067017,8.03846343224536,35.7322125197658
"624",77,"6",352.652744789405,5.8562738988153,13.7474215869976,2.51020834828458,8.13942439120533,35.692149032239
"625",78,"1",380.301476154292,5.97594429070887,12.3551047525729,2.54312749745181,7.43580153272139,35.7813564818059
"626",78,"11",358.62170491388,5.88028209255987,13.4629379513874,2.51949647647387,7.97120612346145,35.7593823817514
"627",78,"12",329.944065602837,5.75979275781865,14.8750440238661,2.48101272638537,8.73267474257825,35.5705575836594
"628",78,"2",375.43438572876,5.95415652083003,12.6065587301598,2.53819451270224,7.55305889784265,35.7845993142337
"629",78,"3",370.517055254016,5.93318068469857,12.8514724791588,2.53197260718921,7.6808569436473,35.7605460136896
"630",78,"4",366.995922130554,5.91698734534475,13.0371847613514,2.52891820147398,7.76236881795043,35.77437529857
"631",78,"5",357.321086191924,5.87521568872795,13.5234730226616,2.51727571485103,8.00905497941401,35.7401164079559
"632",78,"6",353.823189209726,5.86110168813504,13.6905797492863,2.51188629115606,8.10750254116674,35.7021769250231
"633",79,"1",380.991824540454,5.97890691605746,12.3205641733163,2.54397973188544,7.41803744889733,35.7842909082507
"634",79,"11",359.507635330728,5.88387553458805,13.42044905443,2.52083913605478,7.94657301292827,35.7686496563301
"635",79,"12",330.497993269648,5.7619125731308,14.8495967377185,2.48200384376225,8.71605730946083,35.5796326046259
"636",79,"2",376.196516464032,5.95741150067543,12.5685649530076,2.53915410721842,7.53331718674683,35.7882579685626
"637",79,"3",371.398541901867,5.93690505377322,12.8078842521758,2.53313068129749,7.65764454197909,35.7658215462852
"638",79,"4",367.926139600521,5.92092071016649,12.9911595236389,2.53013659163408,7.73789391439474,35.7798546965584
"639",79,"5",358.392758575771,5.87970567972069,13.4708146160862,2.51872894125547,7.98049194128809,35.7475265409866
"640",79,"6",354.961750578955,5.86580930033174,13.6351864369829,2.51350499549963,8.07655590084356,35.7116389011591
"641",80,"1",381.65718768997,5.98176741853491,12.2872287469487,2.54479503126309,7.40096248395212,35.786984710187
"642",80,"11",360.445414169923,5.88775224406362,13.3748306217225,2.52217325357764,7.92114034285113,35.7765253911556
"643",80,"12",330.431495730207,5.76145708006635,14.8544228123815,2.4821248781428,8.71612812615998,35.5837073715765
"644",80,"2",376.930646475612,5.96055270290519,12.5319158712324,2.54007150831996,7.51435342375536,35.7916290202425
"645",80,"3",372.249522941091,5.94050767916005,12.7657415215948,2.53424014601577,7.63530135850354,35.7707279881296
"646",80,"4",368.826224960197,5.92473614902759,12.9465415791446,2.53130418890304,7.71429829546904,35.7849085465418
"647",80,"5",359.431518671298,5.88406795786546,13.4196837115393,2.52012538239549,7.95289903578553,35.75444251452
"648",80,"6",356.066045520336,5.87038627785061,13.5813629193932,2.515061792839,8.04664382555603,35.7205310690124
"649",81,"1",382.301965371255,5.9845456165002,12.2548700831993,2.54557770855896,7.38447128875452,35.7894315213286
"650",81,"11",361.057996924302,5.89038496624814,13.3441472077442,2.5229249162969,7.90534572986308,35.7789707257406
"651",81,"12",330.509980677377,5.76170448503875,14.8512837706052,2.48232852802873,8.71330736564025,35.5864192688706
"652",81,"2",377.642743631495,5.96360587996821,12.496311645447,2.54095391451873,7.49601525315632,35.7947338663222
"653",81,"3",373.07761202779,5.94402209518974,12.7246557681669,2.53530937308871,7.61363875470954,35.7752746997642
"654",81,"4",369.702971269359,5.92846208482712,12.9029974745414,2.53243025030727,7.69140069629003,35.7895846141594
"655",81,"5",360.447608952091,5.88834490112712,13.3695817418515,2.52147956620618,7.92599836703903,35.7609489868237
"656",81,"6",357.145515016645,5.87487220532661,13.5286450363863,2.51656945002074,8.01751450619987,35.7289171200313
"657",82,"1",382.924735417571,5.98723373289364,12.2235740867752,2.5463280067056,7.36858571152041,35.7916695701315
"658",82,"11",361.554069655522,5.89231037268571,13.3211199006907,2.52378028387576,7.89078019314979,35.7864587367387
"659",82,"12",331.168403314517,5.76434964411873,14.8199306058256,2.48335681920989,8.69472321995395,35.593933813287
"660",82,"2",378.330055362571,5.96655837586396,12.4618974276012,2.54179893476858,7.47836562835329,35.7975829601897
"661",82,"3",373.877220726588,5.94742294854875,12.6849186777029,2.53633310009705,7.59278788191942,35.7794734758552
"662",82,"4",370.554074033869,5.93208773203943,12.8606504050239,2.53351300055806,7.6692514081543,35.7938960388529
"663",82,"5",361.435925025329,5.89251465075407,13.320763686288,2.52278513554077,7.89992130509107,35.7670229159617
"664",82,"6",358.193209473151,5.87923685707715,13.477384038962,2.51801986722816,7.98934214453064,35.7367769917595
"665",83,"1",383.527239144594,5.98983949485618,12.1932513927982,2.54704777172072,7.35326270228396,35.7936992800629
"666",83,"11",362.015381712259,5.89404353020039,13.300211327625,2.52464417023725,7.8767624316505,35.794955560098
"667",83,"12",331.414451729628,5.76547884675562,14.8069741743731,2.48357305909105,8.68908674441049,35.5930882152039
"668",83,"2",378.993658995513,5.96941500853595,12.4286176005156,2.54260766666825,7.46137808626263,35.8001755707021
"669",83,"3",374.65189893617,5.95072488621137,12.6463578118389,2.53731641074336,7.57265169189718,35.7833547463981
"670",83,"4",371.379094514401,5.93561091202453,12.8195249285901,2.53455225121448,7.64785899659984,35.7978485780823
"671",83,"5",362.397235055724,5.89658000691498,13.2731954847986,2.52404363141425,7.87464298926625,35.7726800029764
"672",83,"6",359.212250796063,5.8834926962039,13.4274319615334,2.51941801430586,7.96203786987861,35.744148294047
"673",84,"1",384.107973838472,5.99235542586709,12.1639862421368,2.54773637551961,7.3385318771383,35.7955414883627
"674",84,"11",362.38190179476,5.89543109876092,13.2835061944006,2.52531794997852,7.86569957881487,35.801416873949
"675",84,"12",332.218189535389,5.7689143987326,14.7668808872046,2.48458161074467,8.66831226436888,35.5968780281996
"676",84,"2",379.635549971052,5.97218352450507,12.3963795231274,2.54338354897976,7.44499390657021,35.8025416885945
"677",84,"3",375.398530937907,5.95391331041454,12.6091398696203,2.53825692335143,7.55329943899238,35.786937262937
"678",84,"4",372.17964669272,5.9390377741946,12.7795471381788,2.53555092246289,7.62717463954889,35.8014691737599
"679",84,"5",363.333381929367,5.90054851000653,13.226788176763,2.52525776866789,7.85011251042168,35.7779375996605
"680",84,"6",360.203643363728,5.8876423916486,13.3787530137817,2.5207670909486,7.93556026506576,35.7510774064167
"681",85,"1",384.671810754089,5.99480288993169,12.135530863826,2.54839928354969,7.32427155659998,35.7972046188749
"682",85,"11",363.413288391953,5.89986956693201,13.2317940637771,2.52657653359699,7.83925581246485,35.8054481499106
"683",85,"12",332.713244029527,5.77065212159392,14.7455197531309,2.48565460129555,8.652030537271,35.6090969962515
"684",85,"2",380.254689788681,5.9748587681796,12.3652413132669,2.54412613414328,7.42923364627033,35.8046953697102
"685",85,"3",376.121158959328,5.95700560473055,12.5730622835013,2.53915958460817,7.53462707200992,35.7902370887929
"686",85,"4",372.955068425242,5.94236436985912,12.7407599181884,2.53650951879197,7.60720544971552,35.8047841951947
"687",85,"5",364.243055652048,5.90441277924541,13.1816228044361,2.52642803033548,7.82634757127913,35.7828362984951
"688",85,"6",361.166475032566,5.89168168777987,13.3313958396573,2.5220663784832,7.90992962377787,35.7575692656046
"689",86,"1",385.214488203792,5.99716245146653,12.1081085880446,2.54903260379888,7.3105815184375,35.7987008158913
"690",86,"11",364.200100376321,5.90317123532699,13.1930872950781,2.52763731980152,7.81835799089879,35.8107683226232
"691",86,"12",333.223432877406,5.77277976791565,14.7205379567452,2.48635824983255,8.63840111781248,35.6129636045745
"692",86,"2",380.853256585613,5.97745024057235,12.3350926380133,2.54483792772332,7.4140424191774,35.8066416871868
"693",86,"3",376.820002750036,5.96000182078851,12.5381219132115,2.54002573017146,7.51662065827816,35.7932783881999
"694",86,"4",373.708895353886,5.94560629019656,12.7029826848384,2.53743190585416,7.58786354682565,35.8077970575831
"695",86,"5",365.130269865393,5.90818997953877,13.1374990763108,2.5275594424272,7.80324439146247,35.7873947007668
"696",86,"6",362.100487299175,5.89560941746497,13.2853738820046,2.52331562676251,7.88515177890989,35.7636237823293
"697",87,"1",385.73973903604,5.99944930593436,12.0815399078939,2.54964192837255,7.29735843925631,35.8000678867266
"698",87,"11",365.0720040165,5.90696335583774,13.1490191970191,2.52865356278871,7.79635476219524,35.8131164635288
"699",87,"12",334.017455854682,5.77609500260931,14.681623533022,2.48744868958806,8.61718390047273,35.6188012944008
"700",87,"2",381.430300079606,5.97995221955313,12.3059955290861,2.54551971956342,7.39943025639356,35.8084202024009
"701",87,"3",377.495411202779,5.96290241915557,12.5043104370813,2.54085702859182,7.49926211095927,35.7960898761793
"702",87,"4",374.441362462006,5.94876323343042,12.6662152256521,2.53831993814562,7.5691311477513,35.8105432473156
"703",87,"5",365.993295882183,5.91187184884113,13.094510916131,2.52865087791044,7.78083946886612,35.7916273965116
"704",87,"6",363.007415979158,5.89943276829109,13.2406025973088,2.52451729106826,7.86117884398273,35.76925439873
"705",88,"1",386.248389021566,6.00166747908389,12.0557792604622,2.55022770121586,7.28458496869627,35.8012963999346
"706",88,"11",365.949467614705,5.9107675436195,13.1047768280096,2.52969075089141,7.77410088185482,35.8158016796058
"707",88,"12",334.314344152555,5.77726172255479,14.66771526027,2.48794340456214,8.60862854281664,35.6229746532653
"708",88,"2",381.990122919381,5.98238447993838,12.2777231666874,2.54617525708118,7.3852975540741,35.8100143640794
"709",88,"3",378.149136054422,5.96571606066514,12.471530135872,2.54165427730585,7.48251566371905,35.7986485120581
"710",88,"4",375.154397271675,5.95184372837391,12.6303588365505,2.53917568848849,7.55096071464344,35.8130239244865
"711",88,"5",366.834325372702,5.91546816617855,13.0525453759524,2.52970459644858,7.75907935344228,35.7955335484035
"712",88,"6",363.889974562165,5.90316156420034,13.196962265196,2.52567689548368,7.83792489440267,35.774520567573
"713",89,"1",386.740262049501,6.00381618894166,12.0308356880112,2.55078973619726,7.27226523098862,35.8023862908014
"714",89,"11",366.842086409032,5.91467166534255,13.0594687170151,2.53070498219155,7.75177137527239,35.8176284397005
"715",89,"12",334.400587132725,5.7779113648227,14.6609371947579,2.48771610628303,8.60911257012339,35.6162401028402
"716",89,"2",382.53098733536,5.98473890796832,12.2503682789635,2.54680317843699,7.37168304109087,35.8114341129628
"717",89,"3",378.780361231727,5.9684379980173,12.4398328117714,2.54241795557611,7.466391505735,35.8009836839449
"718",89,"4",375.844451078304,5.95483153015608,12.5956000207993,2.53999598869029,7.53343432695942,35.815250707407
"719",89,"5",367.650513315965,5.9189653657522,13.0117567539676,2.53071870544477,7.73802546454889,35.7991370775348
"720",89,"6",364.746160261977,5.90678755944611,13.1545500153018,2.52679155062399,7.81544394215475,35.7794039870181
"721",90,"1",387.213312490954,6.00588610807614,12.0068163747311,2.55132616306292,7.26044695179682,35.8033433494696
"722",90,"11",367.363875090462,5.9168037060713,13.0343064497052,2.53147714264691,7.7374244007154,35.8226934684383
"723",90,"12",334.428351208569,5.77752686743984,14.6639858251823,2.48835174422173,8.60380355561118,35.6295662565448
"724",90,"2",383.049830800405,5.98700041472043,12.2241012426936,2.54740202663225,7.35864893009493,35.8127181138651
"725",90,"3",379.386944347952,5.97105866781284,12.4093289105304,2.54314585965215,7.45094127584228,35.8030958640761
"726",90,"4",376.513260095528,5.95773423182194,12.5618506574229,2.54078281243977,7.51650836892507,35.8172270423357
"727",90,"5",368.44315295267,5.92236808344631,12.9720883986882,2.53169589279473,7.71763617578202,35.8024674540939
"728",90,"6",365.573535099146,5.91029969220906,13.1134931085166,2.52785896231788,7.79379351079801,35.7839100714017
"729",91,"1",387.674523954263,6.0079068873626,11.9833747187546,2.55184598423935,7.24894790996049,35.8042058143538
"730",91,"11",368.066306520481,5.91981292575,12.9992076598855,2.53235057408459,7.71930552229975,35.8258107851632
"731",91,"12",335.030931321465,5.77976145305669,14.6369327315771,2.48951518615391,8.58507762911624,35.6413120514359
"732",91,"2",383.557390866985,5.98921729382586,12.1983653163018,2.54798241420836,7.34593783873846,35.8138531890048
"733",91,"3",379.977069112751,5.97361269659748,12.3796133230148,2.54384868190749,7.4359499455878,35.8050329235196
"734",91,"4",377.165854392821,5.96057204511107,12.5288711876538,2.54154401085175,7.50004130210842,35.8190106548612
"735",91,"5",369.217435229411,5.92569801564144,12.9332857038513,2.53264325988155,7.69777264265767,35.8055618985633
"736",91,"6",366.381691416992,5.91373729235742,13.0733277798925,2.52889316405197,7.77270976994591,35.7881272490298
"737",92,"1",388.11867951223,6.00985559083598,11.9607765661385,2.55234341322873,7.23789736437078,35.8049659131048
"738",92,"11",368.6048752352,5.92221908048278,12.9714250479833,2.53290213534117,7.70625901560556,35.8255707375865
"739",92,"12",335.619170104212,5.7820670698862,14.6094290148832,2.4905026244945,8.56793676983053,35.6495230372044
"740",92,"2",384.048869554205,5.99136665159841,12.173420853767,2.54854116810563,7.33365342993372,35.8148801626625
"741",92,"3",380.546631856998,5.9760820042016,12.3508955054951,2.54452191672121,7.42151905002567,35.8067896907646
"742",92,"4",377.798447749313,5.96332881676377,12.4968502100092,2.54227479607274,7.48413130928443,35.8205827358055
"743",92,"5",369.969468302215,5.92893813791853,12.8955462347121,2.53355638741465,7.67853239688093,35.8084126023201
"744",92,"6",367.166953575047,5.91708451922571,13.0342385222967,2.52988969786829,7.75228726596124,35.7920419960434
"745",93,"1",388.55097521349,6.01175575912005,11.938750998154,2.5528233817967,7.22717203342706,35.8056128125342
"746",93,"11",369.226398357215,5.92483624014801,12.9407695077091,2.53372922837663,7.68984460406629,35.8295431410589
"747",93,"12",336.480366225214,5.7854823197821,14.5688124708591,2.49190077271732,8.54321602449755,35.6605047732453
"748",93,"2",384.524276740483,5.99344910292531,12.1492623164389,2.54907761695081,7.32180012494797,35.815783757872
"749",93,"3",381.099866406137,5.97848474106641,12.3229637920014,2.5451708134231,7.40753921080089,35.8083845843329
"750",93,"4",378.412453394124,5.9660097869085,12.4657242825782,2.54297789748067,7.46873437347058,35.8219710547035
"751",93,"5",370.701403531625,5.93209773101012,12.8587619265107,2.53443787371455,7.65985992432509,35.8110270214052
"752",93,"6",367.928976443769,5.92034018843573,12.9962399891042,2.53084778338849,7.73253660432592,35.7956442771202
"753",94,"1",388.96892835432,6.01359454248622,11.9174415759699,2.55328544618306,7.21681728925431,35.8061942587927
"754",94,"11",369.879234874801,5.92761599656426,12.9082986325906,2.53456128792171,7.67288045656439,35.8329032027783
"755",94,"12",337.006342307136,5.78776623585709,14.5422608190791,2.49251821737088,8.52994013735038,35.6620273955775
"756",94,"2",384.984871110146,5.99547034357191,12.1258241362147,2.54959296339172,7.31034781956092,35.8165615406199
"757",94,"3",381.634649370386,5.98081136100045,12.2959282445187,2.54579326851076,7.39406116580524,35.8098199301232
"758",94,"4",379.007184433348,5.96861143062483,12.4355328582582,2.54365315619721,7.45386329076656,35.8231879030559
"759",94,"5",371.409794651903,5.93516049606901,12.8231185063034,2.53528526640694,7.6418306901815,35.8134304940225
"760",94,"6",368.669969568678,5.92351210749032,12.9592363855516,2.53177214797182,7.71338578214255,35.7989872706407
"761",95,"1",389.371926508901,6.01536995733914,11.8968732614525,2.55372808065385,7.20685406697483,35.8066904612347
"762",95,"11",370.446827978,5.930073199961,12.8797115375981,2.53523645117946,7.65846518420811,35.8347456221507
"763",95,"12",337.1524844044,5.78843797843668,14.5345560511771,2.49264540657255,8.52658103124161,35.6614510774614
"764",95,"2",385.432065204805,5.99743499299837,12.1030483484591,2.55009067352375,7.29924815724316,35.8172578299883
"765",95,"3",382.15193128528,5.98306530776416,12.269746903556,2.54639121416557,7.38105496214403,35.8111166012392
"766",95,"4",379.586197025619,5.97114872806095,12.4061004865041,2.54430529791394,7.43942395758058,35.824255808826
"767",95,"5",372.099975539152,5.93814958757318,12.7883467735351,2.53610483471478,7.62430979602916,35.8156386461447
"768",95,"6",369.387543711101,5.92658912438364,12.9233551715713,2.53266091505529,7.69488852572864,35.802084667261
"769",96,"1",389.762089412361,6.01709065788946,11.8769438967582,2.55415443051404,7.19722414466674,35.8071222288683
"770",96,"11",370.9374180055,5.93216302508583,12.8553024925785,2.53586063747662,7.64571117065034,35.8372406139307
"771",96,"12",337.349075987842,5.78917083571427,14.5256962897504,2.49302041277829,8.52045685362043,35.6651073774364
"772",96,"2",385.862999095383,5.99933039832636,12.081081389556,2.5505676699117,7.28857123351597,35.8178705592035
"773",96,"3",382.652249782892,5.98524867694761,12.2443947344154,2.54696556681283,7.36850459259223,35.8122824131004
"774",96,"4",380.150031408308,5.97362354748392,12.3774041037849,2.54493552704998,7.42539843686012,35.8251888960858
"775",96,"5",372.769962838327,5.94105560941101,12.7545537565646,2.53689518636513,7.60734016283079,35.8176663218045
"776",96,"6",370.084895715733,5.92958602618465,12.8884269887279,2.53351675613017,7.67697155863647,35.8049214635591
"777",97,"1",390.139914748878,6.01875937234511,11.8576233611897,2.55456440281841,7.18791956333661,35.8074759233244
"778",97,"11",371.675302467796,5.93535331388576,12.8181750163341,2.53674330145444,7.62694830258021,35.839748656902
"779",97,"12",337.586835866261,5.79032791432028,14.5125955220906,2.49315066460796,8.51562863063308,35.6625789342385
"780",97,"2",386.281889311044,6.00117533824732,12.0597062692168,2.55102834176288,7.2782142953216,35.8183995031897
"781",97,"3",383.137036293241,5.98736711980424,12.2198044502381,2.5475186806724,7.3563687452103,35.813336441373
"782",97,"4",380.69560099146,5.97602204955766,12.3496033704893,2.54554074157187,7.41186083126368,35.8259897815816
"783",97,"5",373.420619445651,5.94388232369273,12.7216957617936,2.53765731615908,7.59090022464575,35.8195155904135
"784",97,"6",370.761585070198,5.93249874643927,12.8544930507198,2.53434172556526,7.65962695916846,35.8075531026684
"785",98,"1",390.506580004342,6.02038039769023,11.8388594039282,2.55496035407473,7.17890373419364,35.8077766539007
"786",98,"11",372.386352185555,5.93849792878744,12.7817779071107,2.53750986897554,7.60945957841792,35.8402883184911
"787",98,"12",337.937718012737,5.79170929629663,14.4961359969854,2.4937323955684,8.50541567604747,35.6672537329883
"788",98,"2",386.688655557968,6.00296906666837,12.03893054266,2.55147306936777,7.26817601818888,35.8188549927574
"789",98,"3",383.605662505428,5.98941792221395,12.1960076438557,2.54804980126286,7.34466367863264,35.8142764766066
"790",98,"4",381.224514654798,5.97835055289016,12.3226229510741,2.5461236272012,7.39876479730867,35.8266808030252
"791",98,"5",374.052634064264,5.94663219997543,12.6897426133038,2.5383926546019,7.57496804222388,35.8212022977255
"792",98,"6",371.418611846866,5.9353317269116,12.8215019990368,2.53513687889356,7.64282997453268,35.8099796591972
"793",99,"1",390.862361738312,6.02195517302869,11.820635965072,2.55534232450401,7.17017153325638,35.8080189197011
"794",99,"11",373.022917788392,5.94126925759243,12.7495801214352,2.53824853069592,7.59343301312529,35.841943040462
"795",99,"12",337.723414640324,5.7906461906659,14.508122103839,2.49363908930108,8.50957784811079,35.6700608986588
"796",99,"2",387.083181176726,6.00471071745688,12.0187632671963,2.55190214511142,7.25845629341405,35.8192462502917
"797",99,"3",384.059300296714,5.99140650828244,12.1729422016183,2.54855990362554,7.33336223804223,35.8150969272803
"798",99,"4",381.737932696483,5.98061452181925,12.2964005188905,2.54668503731431,7.38608433293622,35.8272539426752
"799",99,"5",374.668767802866,5.94931659455787,12.6585605068104,2.53910519890692,7.55946807289413,35.8227511223933
"800",99,"6",372.056858409321,5.93808912279999,12.7894064385838,2.53590286534739,7.62656120632022,35.8121951091186
"801",100,"1",391.204978144449,6.02347272443383,11.8030776226209,2.55570890803475,7.16177157411101,35.808224395291
"802",100,"11",373.444584274135,5.94306635723606,12.7285926083637,2.53878397793855,7.58248973528495,35.8440707605705
"803",100,"12",339.116447351281,5.79653070645999,14.4392491255471,2.49547063590325,8.47297316888585,35.6785114538869
"804",100,"2",387.46294572297,6.00638917914045,11.999333148948,2.5523128097463,7.24911720977487,35.8195703725647
"805",100,"3",384.49557558981,5.99332134377549,12.1507387661018,2.54904766399041,7.32251405565431,35.8158234519027
"806",100,"4",382.234261108699,5.9828057988658,12.2710274305309,2.54722457639951,7.37384918413608,35.8277373811555
"807",100,"5",375.262898501954,5.95190888637792,12.6284588207344,2.53978780662116,7.54455452349781,35.824145126953
"808",100,"6",372.673233101751,5.94075655299793,12.7583708653386,2.53663719756503,7.61089002459158,35.8142154723815
